solid OpenSCAD_Model
  facet normal 1 -0 0
    outer loop
      vertex 53.6 -15.2 15
      vertex 53.6 86.7 0
      vertex 53.6 86.7 15
    endloop
  endfacet
  facet normal 1 0 0
    outer loop
      vertex 53.6 86.7 0
      vertex 53.6 -15.2 15
      vertex 53.6 -15.2 0
    endloop
  endfacet
  facet normal 0 0 1
    outer loop
      vertex 50.6 64.7 2.4
      vertex 29.2 63.5 2.4
      vertex 50.6 -1.2 2.4
    endloop
  endfacet
  facet normal -0 0 1
    outer loop
      vertex 0 64.7 2.4
      vertex 29.2 63.5 2.4
      vertex 50.6 64.7 2.4
    endloop
  endfacet
  facet normal 0 0 1
    outer loop
      vertex 3.8 63.5 2.4
      vertex 0 64.7 2.4
      vertex 3.8 0 2.4
    endloop
  endfacet
  facet normal 0 0 1
    outer loop
      vertex 29.2 63.5 2.4
      vertex 0 64.7 2.4
      vertex 3.8 63.5 2.4
    endloop
  endfacet
  facet normal -0 0 1
    outer loop
      vertex 29.2 0 2.4
      vertex 50.6 -1.2 2.4
      vertex 29.2 63.5 2.4
    endloop
  endfacet
  facet normal 0 0 1
    outer loop
      vertex 0 -1.2 2.4
      vertex 29.2 0 2.4
      vertex 3.8 0 2.4
    endloop
  endfacet
  facet normal 0 0 1
    outer loop
      vertex 29.2 0 2.4
      vertex 0 -1.2 2.4
      vertex 50.6 -1.2 2.4
    endloop
  endfacet
  facet normal 0 0 1
    outer loop
      vertex 0 -1.2 2.4
      vertex 3.8 0 2.4
      vertex 0 64.7 2.4
    endloop
  endfacet
  facet normal 0 0 -1
    outer loop
      vertex -9 -15.2 0
      vertex 53.6 86.7 0
      vertex 53.6 -15.2 0
    endloop
  endfacet
  facet normal -0 0 -1
    outer loop
      vertex 53.6 86.7 0
      vertex -9 -15.2 0
      vertex -9 86.7 0
    endloop
  endfacet
  facet normal -1 0 0
    outer loop
      vertex -3 -15.2 2.4
      vertex -3 86.7 15
      vertex -3 86.7 2.4
    endloop
  endfacet
  facet normal -1 -0 0
    outer loop
      vertex -3 86.7 15
      vertex -3 -15.2 2.4
      vertex -3 -15.2 15
    endloop
  endfacet
  facet normal 0 1 0
    outer loop
      vertex 53.6 86.7 15
      vertex 50.6 86.7 4
      vertex 50.6 86.7 15
    endloop
  endfacet
  facet normal 0 1 0
    outer loop
      vertex 53.6 86.7 0
      vertex 0 86.7 4
      vertex 50.6 86.7 4
    endloop
  endfacet
  facet normal 0 1 -0
    outer loop
      vertex 53.6 86.7 0
      vertex 50.6 86.7 4
      vertex 53.6 86.7 15
    endloop
  endfacet
  facet normal 0 1 0
    outer loop
      vertex 0 86.7 4
      vertex 53.6 86.7 0
      vertex -3 86.7 2.4
    endloop
  endfacet
  facet normal 0 1 0
    outer loop
      vertex -9 86.7 0
      vertex -3 86.7 2.4
      vertex 53.6 86.7 0
    endloop
  endfacet
  facet normal 0 1 0
    outer loop
      vertex -3 86.7 2.4
      vertex -9 86.7 0
      vertex -9 86.7 2.4
    endloop
  endfacet
  facet normal 0 1 -0
    outer loop
      vertex 0 86.7 4
      vertex -3 86.7 15
      vertex 0 86.7 15
    endloop
  endfacet
  facet normal 0 1 0
    outer loop
      vertex -3 86.7 15
      vertex 0 86.7 4
      vertex -3 86.7 2.4
    endloop
  endfacet
  facet normal 0 -1 0
    outer loop
      vertex -9 -15.2 2.4
      vertex -9 -15.2 0
      vertex -3 -15.2 2.4
    endloop
  endfacet
  facet normal 0 -1 0
    outer loop
      vertex -3 -15.2 15
      vertex 0 -15.2 4
      vertex 0 -15.2 15
    endloop
  endfacet
  facet normal 0 -1 0
    outer loop
      vertex 53.6 -15.2 0
      vertex 0 -15.2 4
      vertex -3 -15.2 2.4
    endloop
  endfacet
  facet normal 0 -1 0
    outer loop
      vertex -3 -15.2 2.4
      vertex 0 -15.2 4
      vertex -3 -15.2 15
    endloop
  endfacet
  facet normal 0 -1 0
    outer loop
      vertex 50.6 -15.2 4
      vertex 53.6 -15.2 15
      vertex 50.6 -15.2 15
    endloop
  endfacet
  facet normal 0 -1 0
    outer loop
      vertex 53.6 -15.2 0
      vertex -3 -15.2 2.4
      vertex -9 -15.2 0
    endloop
  endfacet
  facet normal 0 -1 0
    outer loop
      vertex 50.6 -15.2 4
      vertex 53.6 -15.2 0
      vertex 53.6 -15.2 15
    endloop
  endfacet
  facet normal 0 -1 0
    outer loop
      vertex 0 -15.2 4
      vertex 53.6 -15.2 0
      vertex 50.6 -15.2 4
    endloop
  endfacet
  facet normal 1 0 0
    outer loop
      vertex 0 86.7 15
      vertex 0 64.7 4
      vertex 0 86.7 4
    endloop
  endfacet
  facet normal 1 0 0
    outer loop
      vertex 0 64.7 4
      vertex 0 -1.2 4
      vertex 0 64.7 2.4
    endloop
  endfacet
  facet normal 1 -0 0
    outer loop
      vertex 0 -15.2 15
      vertex 0 64.7 4
      vertex 0 86.7 15
    endloop
  endfacet
  facet normal 1 0 0
    outer loop
      vertex 0 64.7 4
      vertex 0 -15.2 15
      vertex 0 -1.2 4
    endloop
  endfacet
  facet normal 1 0 0
    outer loop
      vertex 0 -1.2 4
      vertex 0 -15.2 15
      vertex 0 -15.2 4
    endloop
  endfacet
  facet normal 1 0 0
    outer loop
      vertex 0 64.7 2.4
      vertex 0 -1.2 4
      vertex 0 -1.2 2.4
    endloop
  endfacet
  facet normal 0 0 1
    outer loop
      vertex -1.40082 -6.06708 15
      vertex -0.665344 -6.17964 15
      vertex -0.666504 -6.11986 15
    endloop
  endfacet
  facet normal 0 0 1
    outer loop
      vertex -0.665344 -6.17964 15
      vertex -1.41431 -6.12447 15
      vertex -0.666428 -6.2376 15
    endloop
  endfacet
  facet normal 0 0 1
    outer loop
      vertex -1.38777 -6.01219 15
      vertex -0.666504 -6.11986 15
      vertex -0.670013 -6.06319 15
    endloop
  endfacet
  facet normal 0 0 1
    outer loop
      vertex -0.665344 -6.17964 15
      vertex -1.40082 -6.06708 15
      vertex -1.41431 -6.12447 15
    endloop
  endfacet
  facet normal 0 0 1
    outer loop
      vertex -1.38142 -5.98569 15
      vertex -0.670013 -6.06319 15
      vertex -0.675858 -6.00965 15
    endloop
  endfacet
  facet normal 0 0 1
    outer loop
      vertex -0.666428 -6.2376 15
      vertex -1.41431 -6.12447 15
      vertex -0.669724 -6.2928 15
    endloop
  endfacet
  facet normal -0 0 1
    outer loop
      vertex -1.37495 -5.9599 15
      vertex -0.675858 -6.00965 15
      vertex -0.684052 -5.9592 15
    endloop
  endfacet
  facet normal -0 0 1
    outer loop
      vertex -1.42824 -6.18436 15
      vertex -0.669724 -6.2928 15
      vertex -1.41431 -6.12447 15
    endloop
  endfacet
  facet normal 0 0 1
    outer loop
      vertex -1.36104 -5.91077 15
      vertex -0.684052 -5.9592 15
      vertex -0.69458 -5.91187 15
    endloop
  endfacet
  facet normal 0 0 1
    outer loop
      vertex -0.669724 -6.2928 15
      vertex -1.42824 -6.18436 15
      vertex -0.675201 -6.34523 15
    endloop
  endfacet
  facet normal -0 0 1
    outer loop
      vertex -1.35358 -5.88741 15
      vertex -0.69458 -5.91187 15
      vertex -0.707443 -5.86766 15
    endloop
  endfacet
  facet normal -0 0 1
    outer loop
      vertex -1.4426 -6.24677 15
      vertex -0.675201 -6.34523 15
      vertex -1.42824 -6.18436 15
    endloop
  endfacet
  facet normal -0 0 1
    outer loop
      vertex -1.33766 -5.84314 15
      vertex -0.707443 -5.86766 15
      vertex -0.722641 -5.82656 15
    endloop
  endfacet
  facet normal 0 0 1
    outer loop
      vertex -0.675201 -6.34523 15
      vertex -1.4426 -6.24677 15
      vertex -0.682877 -6.3949 15
    endloop
  endfacet
  facet normal -0 0 1
    outer loop
      vertex -1.32921 -5.82221 15
      vertex -0.722641 -5.82656 15
      vertex -0.740189 -5.78858 15
    endloop
  endfacet
  facet normal 0 0 1
    outer loop
      vertex -0.682877 -6.3949 15
      vertex -1.4426 -6.24677 15
      vertex -0.692734 -6.44182 15
    endloop
  endfacet
  facet normal 0 0 1
    outer loop
      vertex -1.32042 -5.8021 15
      vertex -0.740189 -5.78858 15
      vertex -0.760071 -5.7537 15
    endloop
  endfacet
  facet normal 0 0 1
    outer loop
      vertex -0.692734 -6.44182 15
      vertex -1.4426 -6.24677 15
      vertex -0.704788 -6.48596 15
    endloop
  endfacet
  facet normal 0 0 1
    outer loop
      vertex -1.31131 -5.78281 15
      vertex -0.760071 -5.7537 15
      vertex -0.782211 -5.72223 15
    endloop
  endfacet
  facet normal -0 0 1
    outer loop
      vertex -1.45486 -6.30065 15
      vertex -0.704788 -6.48596 15
      vertex -1.4426 -6.24677 15
    endloop
  endfacet
  facet normal 0 0 1
    outer loop
      vertex -1.31131 -5.78281 15
      vertex -0.782211 -5.72223 15
      vertex -0.806564 -5.69446 15
    endloop
  endfacet
  facet normal 0 0 1
    outer loop
      vertex -0.704788 -6.48596 15
      vertex -1.45486 -6.30065 15
      vertex -0.71904 -6.52735 15
    endloop
  endfacet
  facet normal 0 0 1
    outer loop
      vertex -1.31131 -5.78281 15
      vertex -0.806564 -5.69446 15
      vertex -0.833084 -5.6704 15
    endloop
  endfacet
  facet normal 0 0 1
    outer loop
      vertex -0.71904 -6.52735 15
      vertex -1.45486 -6.30065 15
      vertex -0.735474 -6.56598 15
    endloop
  endfacet
  facet normal 0 0 1
    outer loop
      vertex -1.31131 -5.78281 15
      vertex -0.833084 -5.6704 15
      vertex -0.861816 -5.65004 15
    endloop
  endfacet
  facet normal 0 0 1
    outer loop
      vertex -0.735474 -6.56598 15
      vertex -1.45486 -6.30065 15
      vertex -0.754105 -6.60184 15
    endloop
  endfacet
  facet normal 0 0 1
    outer loop
      vertex -1.31131 -5.78281 15
      vertex -0.861816 -5.65004 15
      vertex -0.892731 -5.63338 15
    endloop
  endfacet
  facet normal 0 0 1
    outer loop
      vertex -0.754105 -6.60184 15
      vertex -1.45486 -6.30065 15
      vertex -0.775085 -6.635 15
    endloop
  endfacet
  facet normal 0 0 1
    outer loop
      vertex -1.31131 -5.78281 15
      vertex -0.892731 -5.63338 15
      vertex -0.925827 -5.62043 15
    endloop
  endfacet
  facet normal 0 0 1
    outer loop
      vertex -0.775085 -6.635 15
      vertex -1.45486 -6.30065 15
      vertex -0.798538 -6.66548 15
    endloop
  endfacet
  facet normal 0 0 1
    outer loop
      vertex -1.31131 -5.78281 15
      vertex -0.925827 -5.62043 15
      vertex -0.961136 -5.61116 15
    endloop
  endfacet
  facet normal 0 0 1
    outer loop
      vertex -0.798538 -6.66548 15
      vertex -1.45486 -6.30065 15
      vertex -0.824478 -6.69333 15
    endloop
  endfacet
  facet normal 0 0 1
    outer loop
      vertex -1.31131 -5.78281 15
      vertex -0.961136 -5.61116 15
      vertex -0.998627 -5.60562 15
    endloop
  endfacet
  facet normal -0 0 1
    outer loop
      vertex -1.46713 -6.35157 15
      vertex -0.824478 -6.69333 15
      vertex -1.45486 -6.30065 15
    endloop
  endfacet
  facet normal 0 0 1
    outer loop
      vertex -1.30174 -5.76438 15
      vertex -0.998627 -5.60562 15
      vertex -1.0383 -5.60376 15
    endloop
  endfacet
  facet normal 0 0 1
    outer loop
      vertex -0.472885 -9.20377 15
      vertex -0.474808 -10.0171 15
      vertex -0.472885 -10.096 15
    endloop
  endfacet
  facet normal 0 0 1
    outer loop
      vertex -0.472885 -9.20377 15
      vertex -0.480576 -9.94211 15
      vertex -0.474808 -10.0171 15
    endloop
  endfacet
  facet normal 0 0 1
    outer loop
      vertex -0.472885 -9.20377 15
      vertex -0.490204 -9.87108 15
      vertex -0.480576 -9.94211 15
    endloop
  endfacet
  facet normal 0 0 1
    outer loop
      vertex -0.472885 -9.20377 15
      vertex -0.503677 -9.80397 15
      vertex -0.490204 -9.87108 15
    endloop
  endfacet
  facet normal 0 0 1
    outer loop
      vertex -0.472885 -9.20377 15
      vertex -0.520996 -9.74082 15
      vertex -0.503677 -9.80397 15
    endloop
  endfacet
  facet normal 0 0 1
    outer loop
      vertex -0.472885 -9.20377 15
      vertex -0.542175 -9.6816 15
      vertex -0.520996 -9.74082 15
    endloop
  endfacet
  facet normal 0 0 1
    outer loop
      vertex -0.472885 -9.20377 15
      vertex -0.567184 -9.62633 15
      vertex -0.542175 -9.6816 15
    endloop
  endfacet
  facet normal 0 0 1
    outer loop
      vertex -0.472885 -9.20377 15
      vertex -0.596054 -9.575 15
      vertex -0.567184 -9.62633 15
    endloop
  endfacet
  facet normal 0 0 1
    outer loop
      vertex -0.472885 -9.20377 15
      vertex -0.628769 -9.52761 15
      vertex -0.596054 -9.575 15
    endloop
  endfacet
  facet normal 0 0 1
    outer loop
      vertex -0.472885 -9.20377 15
      vertex -0.664963 -9.48471 15
      vertex -0.628769 -9.52761 15
    endloop
  endfacet
  facet normal 0 0 1
    outer loop
      vertex -0.472885 -9.20377 15
      vertex -0.704224 -9.44687 15
      vertex -0.664963 -9.48471 15
    endloop
  endfacet
  facet normal 0 0 1
    outer loop
      vertex -0.472885 -9.20377 15
      vertex -0.746552 -9.41407 15
      vertex -0.704224 -9.44687 15
    endloop
  endfacet
  facet normal 0 0 1
    outer loop
      vertex -0.472885 -9.20377 15
      vertex -0.791977 -9.38631 15
      vertex -0.746552 -9.41407 15
    endloop
  endfacet
  facet normal 0 0 1
    outer loop
      vertex -0.472885 -9.20377 15
      vertex -0.840454 -9.3636 15
      vertex -0.791977 -9.38631 15
    endloop
  endfacet
  facet normal 0 0 1
    outer loop
      vertex -0.472885 -9.20377 15
      vertex -0.892029 -9.34593 15
      vertex -0.840454 -9.3636 15
    endloop
  endfacet
  facet normal 0 0 1
    outer loop
      vertex -0.472885 -9.20377 15
      vertex -0.946655 -9.33333 15
      vertex -0.892029 -9.34593 15
    endloop
  endfacet
  facet normal 0 0 1
    outer loop
      vertex -0.472885 -9.20377 15
      vertex -1.00438 -9.32575 15
      vertex -0.946655 -9.33333 15
    endloop
  endfacet
  facet normal 0 0 1
    outer loop
      vertex -0.472885 -9.20377 15
      vertex -1.06517 -9.32323 15
      vertex -1.00438 -9.32575 15
    endloop
  endfacet
  facet normal 0 0 1
    outer loop
      vertex -2.57492 -8.34595 15
      vertex -1.06517 -9.32323 15
      vertex -0.472885 -9.20377 15
    endloop
  endfacet
  facet normal 0 0 1
    outer loop
      vertex -1.06517 -9.32323 15
      vertex -2.57492 -8.34595 15
      vertex -1.11102 -9.32491 15
    endloop
  endfacet
  facet normal 0 0 1
    outer loop
      vertex -1.57336 -9.79111 15
      vertex -1.59198 -9.80402 15
      vertex -1.58134 -9.84539 15
    endloop
  endfacet
  facet normal -0 0 1
    outer loop
      vertex -1.60469 -9.76479 15
      vertex -1.57336 -9.79111 15
      vertex -1.56273 -9.73966 15
    endloop
  endfacet
  facet normal -0 0 1
    outer loop
      vertex -1.61946 -9.72768 15
      vertex -1.56273 -9.73966 15
      vertex -1.54942 -9.69106 15
    endloop
  endfacet
  facet normal 0 0 1
    outer loop
      vertex -1.63629 -9.69272 15
      vertex -1.54942 -9.69106 15
      vertex -1.53343 -9.6453 15
    endloop
  endfacet
  facet normal 0 0 1
    outer loop
      vertex -1.57336 -9.79111 15
      vertex -1.60469 -9.76479 15
      vertex -1.59198 -9.80402 15
    endloop
  endfacet
  facet normal -0 0 1
    outer loop
      vertex -1.67615 -9.62923 15
      vertex -1.53343 -9.6453 15
      vertex -1.51479 -9.60236 15
    endloop
  endfacet
  facet normal -0 0 1
    outer loop
      vertex -1.69916 -9.60068 15
      vertex -1.51479 -9.60236 15
      vertex -1.49348 -9.56226 15
    endloop
  endfacet
  facet normal 0 0 1
    outer loop
      vertex -1.56273 -9.73966 15
      vertex -1.61946 -9.72768 15
      vertex -1.60469 -9.76479 15
    endloop
  endfacet
  facet normal 0 0 1
    outer loop
      vertex -1.72424 -9.57427 15
      vertex -1.49348 -9.56226 15
      vertex -1.46948 -9.525 15
    endloop
  endfacet
  facet normal 0 0 1
    outer loop
      vertex -1.54942 -9.69106 15
      vertex -1.63629 -9.69272 15
      vertex -1.61946 -9.72768 15
    endloop
  endfacet
  facet normal 0 0 1
    outer loop
      vertex -1.7514 -9.54999 15
      vertex -1.46948 -9.525 15
      vertex -1.44283 -9.49059 15
    endloop
  endfacet
  facet normal 0 0 1
    outer loop
      vertex -1.78032 -9.52806 15
      vertex -1.44283 -9.49059 15
      vertex -1.4135 -9.45899 15
    endloop
  endfacet
  facet normal 0 0 1
    outer loop
      vertex -1.53343 -9.6453 15
      vertex -1.65518 -9.6599 15
      vertex -1.63629 -9.69272 15
    endloop
  endfacet
  facet normal 0 0 1
    outer loop
      vertex -1.8107 -9.50873 15
      vertex -1.4135 -9.45899 15
      vertex -1.38194 -9.4305 15
    endloop
  endfacet
  facet normal 0 0 1
    outer loop
      vertex -1.53343 -9.6453 15
      vertex -1.67615 -9.62923 15
      vertex -1.65518 -9.6599 15
    endloop
  endfacet
  facet normal 0 0 1
    outer loop
      vertex -1.8759 -9.47779 15
      vertex -1.38194 -9.4305 15
      vertex -1.34859 -9.40535 15
    endloop
  endfacet
  facet normal 0 0 1
    outer loop
      vertex -1.51479 -9.60236 15
      vertex -1.69916 -9.60068 15
      vertex -1.67615 -9.62923 15
    endloop
  endfacet
  facet normal 0 0 1
    outer loop
      vertex -1.91072 -9.46617 15
      vertex -1.34859 -9.40535 15
      vertex -1.31346 -9.38356 15
    endloop
  endfacet
  facet normal 0 0 1
    outer loop
      vertex -1.49348 -9.56226 15
      vertex -1.72424 -9.57427 15
      vertex -1.69916 -9.60068 15
    endloop
  endfacet
  facet normal 0 0 1
    outer loop
      vertex -2.57492 -8.34595 15
      vertex -1.31346 -9.38356 15
      vertex -1.27655 -9.36513 15
    endloop
  endfacet
  facet normal 0 0 1
    outer loop
      vertex -1.46948 -9.525 15
      vertex -1.7514 -9.54999 15
      vertex -1.72424 -9.57427 15
    endloop
  endfacet
  facet normal 0 0 1
    outer loop
      vertex -2.57492 -8.34595 15
      vertex -1.27655 -9.36513 15
      vertex -1.23784 -9.35005 15
    endloop
  endfacet
  facet normal 0 0 1
    outer loop
      vertex -1.44283 -9.49059 15
      vertex -1.78032 -9.52806 15
      vertex -1.7514 -9.54999 15
    endloop
  endfacet
  facet normal 0 0 1
    outer loop
      vertex -1.4135 -9.45899 15
      vertex -1.8107 -9.50873 15
      vertex -1.78032 -9.52806 15
    endloop
  endfacet
  facet normal 0 0 1
    outer loop
      vertex -2.57492 -8.34595 15
      vertex -1.23784 -9.35005 15
      vertex -1.19736 -9.33832 15
    endloop
  endfacet
  facet normal 0 0 1
    outer loop
      vertex -1.38194 -9.4305 15
      vertex -1.84258 -9.49196 15
      vertex -1.8107 -9.50873 15
    endloop
  endfacet
  facet normal 0 0 1
    outer loop
      vertex -1.38194 -9.4305 15
      vertex -1.8759 -9.47779 15
      vertex -1.84258 -9.49196 15
    endloop
  endfacet
  facet normal 0 0 1
    outer loop
      vertex -1.34859 -9.40535 15
      vertex -1.91072 -9.46617 15
      vertex -1.8759 -9.47779 15
    endloop
  endfacet
  facet normal 0 0 1
    outer loop
      vertex -2.57492 -8.34595 15
      vertex -1.19736 -9.33832 15
      vertex -1.15508 -9.32993 15
    endloop
  endfacet
  facet normal 0 0 1
    outer loop
      vertex -1.11102 -9.32491 15
      vertex -2.57492 -8.34595 15
      vertex -1.15508 -9.32993 15
    endloop
  endfacet
  facet normal 0 0 1
    outer loop
      vertex -1.31346 -9.38356 15
      vertex -2.57492 -8.34595 15
      vertex -1.94701 -9.45716 15
    endloop
  endfacet
  facet normal 0 0 1
    outer loop
      vertex -1.31346 -9.38356 15
      vertex -1.94701 -9.45716 15
      vertex -1.91072 -9.46617 15
    endloop
  endfacet
  facet normal 0 0 1
    outer loop
      vertex -1.94701 -9.45716 15
      vertex -2.57492 -8.34595 15
      vertex -1.98476 -9.4507 15
    endloop
  endfacet
  facet normal 0 0 1
    outer loop
      vertex -1.98476 -9.4507 15
      vertex -2.57492 -8.34595 15
      vertex -2.02399 -9.44684 15
    endloop
  endfacet
  facet normal 0 0 1
    outer loop
      vertex -2.02399 -9.44684 15
      vertex -2.57492 -8.34595 15
      vertex -2.0647 -9.44554 15
    endloop
  endfacet
  facet normal 0 0 1
    outer loop
      vertex -2.0647 -9.44554 15
      vertex -2.57492 -8.34595 15
      vertex -2.17178 -9.45468 15
    endloop
  endfacet
  facet normal 0 0 1
    outer loop
      vertex -2.57492 -8.34595 15
      vertex -2.26627 -9.48209 15
      vertex -2.17178 -9.45468 15
    endloop
  endfacet
  facet normal 0 0 1
    outer loop
      vertex -2.57492 -8.34595 15
      vertex -2.34816 -9.52777 15
      vertex -2.26627 -9.48209 15
    endloop
  endfacet
  facet normal 0 0 1
    outer loop
      vertex -2.57492 -8.34595 15
      vertex -2.41745 -9.59172 15
      vertex -2.34816 -9.52777 15
    endloop
  endfacet
  facet normal 0 0 1
    outer loop
      vertex -2.57492 -8.34595 15
      vertex -2.47414 -9.67394 15
      vertex -2.41745 -9.59172 15
    endloop
  endfacet
  facet normal 0 0 1
    outer loop
      vertex -2.57492 -8.34595 15
      vertex -2.51823 -9.77443 15
      vertex -2.47414 -9.67394 15
    endloop
  endfacet
  facet normal 0 0 1
    outer loop
      vertex -2.57492 -8.34595 15
      vertex -2.54973 -9.89319 15
      vertex -2.51823 -9.77443 15
    endloop
  endfacet
  facet normal 0 0 1
    outer loop
      vertex -2.57492 -8.34595 15
      vertex -2.56862 -10.0302 15
      vertex -2.54973 -9.89319 15
    endloop
  endfacet
  facet normal 0 0 1
    outer loop
      vertex -2.56862 -10.0302 15
      vertex -2.57492 -8.34595 15
      vertex -2.57492 -10.1855 15
    endloop
  endfacet
  facet normal -0 0 1
    outer loop
      vertex -1.08754 -7.70893 15
      vertex -0.472885 -8.90839 15
      vertex -0.472885 -7.46872 15
    endloop
  endfacet
  facet normal 0 0 1
    outer loop
      vertex -0.472885 -8.90839 15
      vertex -1.08754 -7.70893 15
      vertex -1.08754 -8.66669 15
    endloop
  endfacet
  facet normal -0 0 1
    outer loop
      vertex -0.502396 -6.63051 15
      vertex -0.472885 -7.1778 15
      vertex -0.469421 -6.49964 15
    endloop
  endfacet
  facet normal -0 0 1
    outer loop
      vertex -0.548553 -6.74543 15
      vertex -0.472885 -7.1778 15
      vertex -0.502396 -6.63051 15
    endloop
  endfacet
  facet normal -0 0 1
    outer loop
      vertex -0.607895 -6.84438 15
      vertex -0.472885 -7.1778 15
      vertex -0.548553 -6.74543 15
    endloop
  endfacet
  facet normal -0 0 1
    outer loop
      vertex -0.68042 -6.92739 15
      vertex -0.472885 -7.1778 15
      vertex -0.607895 -6.84438 15
    endloop
  endfacet
  facet normal -0 0 1
    outer loop
      vertex -0.766144 -6.99445 15
      vertex -0.472885 -7.1778 15
      vertex -0.68042 -6.92739 15
    endloop
  endfacet
  facet normal -0 0 1
    outer loop
      vertex -0.865051 -7.04555 15
      vertex -0.472885 -7.1778 15
      vertex -0.766144 -6.99445 15
    endloop
  endfacet
  facet normal -0 0 1
    outer loop
      vertex -0.977142 -7.08072 15
      vertex -0.472885 -7.1778 15
      vertex -0.865051 -7.04555 15
    endloop
  endfacet
  facet normal 0 0 1
    outer loop
      vertex -1.29164 -5.74687 15
      vertex -1.0383 -5.60376 15
      vertex -1.0607 -5.60434 15
    endloop
  endfacet
  facet normal 0 0 1
    outer loop
      vertex -1.26976 -5.71472 15
      vertex -1.0607 -5.60434 15
      vertex -1.08214 -5.60608 15
    endloop
  endfacet
  facet normal 0 0 1
    outer loop
      vertex -1.258 -5.70005 15
      vertex -1.08214 -5.60608 15
      vertex -1.10262 -5.60898 15
    endloop
  endfacet
  facet normal 0 0 1
    outer loop
      vertex -1.24568 -5.68631 15
      vertex -1.10262 -5.60898 15
      vertex -1.12215 -5.61306 15
    endloop
  endfacet
  facet normal 0 0 1
    outer loop
      vertex -1.2328 -5.67353 15
      vertex -1.12215 -5.61306 15
      vertex -1.14072 -5.61827 15
    endloop
  endfacet
  facet normal 0 0 1
    outer loop
      vertex -1.21938 -5.66167 15
      vertex -1.14072 -5.61827 15
      vertex -1.15831 -5.62465 15
    endloop
  endfacet
  facet normal 0 0 1
    outer loop
      vertex -1.21938 -5.66167 15
      vertex -1.15831 -5.62465 15
      vertex -1.17497 -5.63219 15
    endloop
  endfacet
  facet normal 0 0 1
    outer loop
      vertex -1.21938 -5.66167 15
      vertex -1.17497 -5.63219 15
      vertex -1.19066 -5.6409 15
    endloop
  endfacet
  facet normal 0 0 1
    outer loop
      vertex -1.21938 -5.66167 15
      vertex -1.19066 -5.6409 15
      vertex -1.2054 -5.65076 15
    endloop
  endfacet
  facet normal 0 0 1
    outer loop
      vertex -1.14072 -5.61827 15
      vertex -1.21938 -5.66167 15
      vertex -1.2328 -5.67353 15
    endloop
  endfacet
  facet normal 0 0 1
    outer loop
      vertex -1.12215 -5.61306 15
      vertex -1.2328 -5.67353 15
      vertex -1.24568 -5.68631 15
    endloop
  endfacet
  facet normal 0 0 1
    outer loop
      vertex -1.10262 -5.60898 15
      vertex -1.24568 -5.68631 15
      vertex -1.258 -5.70005 15
    endloop
  endfacet
  facet normal 0 0 1
    outer loop
      vertex -1.08214 -5.60608 15
      vertex -1.258 -5.70005 15
      vertex -1.26976 -5.71472 15
    endloop
  endfacet
  facet normal 0 0 1
    outer loop
      vertex -0.684052 -5.9592 15
      vertex -1.36816 -5.93492 15
      vertex -1.37495 -5.9599 15
    endloop
  endfacet
  facet normal 0 0 1
    outer loop
      vertex -1.0607 -5.60434 15
      vertex -1.26976 -5.71472 15
      vertex -1.28098 -5.73033 15
    endloop
  endfacet
  facet normal 0 0 1
    outer loop
      vertex -1.0607 -5.60434 15
      vertex -1.28098 -5.73033 15
      vertex -1.29164 -5.74687 15
    endloop
  endfacet
  facet normal 0 0 1
    outer loop
      vertex -1.0383 -5.60376 15
      vertex -1.29164 -5.74687 15
      vertex -1.30174 -5.76438 15
    endloop
  endfacet
  facet normal 0 0 1
    outer loop
      vertex -0.998627 -5.60562 15
      vertex -1.30174 -5.76438 15
      vertex -1.31131 -5.78281 15
    endloop
  endfacet
  facet normal 0 0 1
    outer loop
      vertex -0.760071 -5.7537 15
      vertex -1.31131 -5.78281 15
      vertex -1.32042 -5.8021 15
    endloop
  endfacet
  facet normal 0 0 1
    outer loop
      vertex -0.740189 -5.78858 15
      vertex -1.32042 -5.8021 15
      vertex -1.32921 -5.82221 15
    endloop
  endfacet
  facet normal 0 0 1
    outer loop
      vertex -0.722641 -5.82656 15
      vertex -1.32921 -5.82221 15
      vertex -1.33766 -5.84314 15
    endloop
  endfacet
  facet normal 0 0 1
    outer loop
      vertex -0.707443 -5.86766 15
      vertex -1.33766 -5.84314 15
      vertex -1.34578 -5.86487 15
    endloop
  endfacet
  facet normal 0 0 1
    outer loop
      vertex -0.707443 -5.86766 15
      vertex -1.34578 -5.86487 15
      vertex -1.35358 -5.88741 15
    endloop
  endfacet
  facet normal 0 0 1
    outer loop
      vertex -0.69458 -5.91187 15
      vertex -1.35358 -5.88741 15
      vertex -1.36104 -5.91077 15
    endloop
  endfacet
  facet normal 0 0 1
    outer loop
      vertex -0.684052 -5.9592 15
      vertex -1.36104 -5.91077 15
      vertex -1.36816 -5.93492 15
    endloop
  endfacet
  facet normal 0 0 1
    outer loop
      vertex -0.675858 -6.00965 15
      vertex -1.37495 -5.9599 15
      vertex -1.38142 -5.98569 15
    endloop
  endfacet
  facet normal 0 0 1
    outer loop
      vertex -0.670013 -6.06319 15
      vertex -1.38142 -5.98569 15
      vertex -1.38777 -6.01219 15
    endloop
  endfacet
  facet normal 0 0 1
    outer loop
      vertex -0.666504 -6.11986 15
      vertex -1.38777 -6.01219 15
      vertex -1.40082 -6.06708 15
    endloop
  endfacet
  facet normal 0 0 1
    outer loop
      vertex -0.824478 -6.69333 15
      vertex -1.46713 -6.35157 15
      vertex -0.852905 -6.71852 15
    endloop
  endfacet
  facet normal 0 0 1
    outer loop
      vertex -0.852905 -6.71852 15
      vertex -1.46713 -6.35157 15
      vertex -0.88382 -6.74108 15
    endloop
  endfacet
  facet normal 0 0 1
    outer loop
      vertex -0.88382 -6.74108 15
      vertex -1.46713 -6.35157 15
      vertex -0.917221 -6.76096 15
    endloop
  endfacet
  facet normal 0 0 1
    outer loop
      vertex -0.917221 -6.76096 15
      vertex -1.46713 -6.35157 15
      vertex -0.95311 -6.7782 15
    endloop
  endfacet
  facet normal 0 0 1
    outer loop
      vertex -0.95311 -6.7782 15
      vertex -1.46713 -6.35157 15
      vertex -0.991486 -6.79279 15
    endloop
  endfacet
  facet normal 0 0 1
    outer loop
      vertex -0.991486 -6.79279 15
      vertex -1.46713 -6.35157 15
      vertex -1.03235 -6.80472 15
    endloop
  endfacet
  facet normal -0 0 1
    outer loop
      vertex -1.4794 -6.39952 15
      vertex -1.03235 -6.80472 15
      vertex -1.46713 -6.35157 15
    endloop
  endfacet
  facet normal -0 0 1
    outer loop
      vertex -1.49167 -6.44451 15
      vertex -1.03235 -6.80472 15
      vertex -1.4794 -6.39952 15
    endloop
  endfacet
  facet normal -0 0 1
    outer loop
      vertex -1.50392 -6.48653 15
      vertex -1.03235 -6.80472 15
      vertex -1.49167 -6.44451 15
    endloop
  endfacet
  facet normal -0 0 1
    outer loop
      vertex -1.51617 -6.52558 15
      vertex -1.03235 -6.80472 15
      vertex -1.50392 -6.48653 15
    endloop
  endfacet
  facet normal -0 0 1
    outer loop
      vertex -1.52844 -6.56168 15
      vertex -1.03235 -6.80472 15
      vertex -1.51617 -6.52558 15
    endloop
  endfacet
  facet normal -0 0 1
    outer loop
      vertex -1.54071 -6.59481 15
      vertex -1.03235 -6.80472 15
      vertex -1.52844 -6.56168 15
    endloop
  endfacet
  facet normal -0 0 1
    outer loop
      vertex -1.55298 -6.62496 15
      vertex -1.03235 -6.80472 15
      vertex -1.54071 -6.59481 15
    endloop
  endfacet
  facet normal -0 0 1
    outer loop
      vertex -1.5654 -6.65296 15
      vertex -1.03235 -6.80472 15
      vertex -1.55298 -6.62496 15
    endloop
  endfacet
  facet normal -0 0 1
    outer loop
      vertex -1.57814 -6.67961 15
      vertex -1.03235 -6.80472 15
      vertex -1.5654 -6.65296 15
    endloop
  endfacet
  facet normal -0 0 1
    outer loop
      vertex -1.59119 -6.70493 15
      vertex -1.03235 -6.80472 15
      vertex -1.57814 -6.67961 15
    endloop
  endfacet
  facet normal -0 0 1
    outer loop
      vertex -1.60455 -6.7289 15
      vertex -1.03235 -6.80472 15
      vertex -1.59119 -6.70493 15
    endloop
  endfacet
  facet normal -0 0 1
    outer loop
      vertex -1.61823 -6.75153 15
      vertex -1.03235 -6.80472 15
      vertex -1.60455 -6.7289 15
    endloop
  endfacet
  facet normal -0 0 1
    outer loop
      vertex -1.6322 -6.77281 15
      vertex -1.03235 -6.80472 15
      vertex -1.61823 -6.75153 15
    endloop
  endfacet
  facet normal -0 0 1
    outer loop
      vertex -1.64651 -6.79274 15
      vertex -1.03235 -6.80472 15
      vertex -1.6322 -6.77281 15
    endloop
  endfacet
  facet normal 0 0 1
    outer loop
      vertex -1.03235 -6.80472 15
      vertex -1.64651 -6.79274 15
      vertex -0.977142 -7.08072 15
    endloop
  endfacet
  facet normal -0 0 1
    outer loop
      vertex -1.66112 -6.81134 15
      vertex -0.977142 -7.08072 15
      vertex -1.64651 -6.79274 15
    endloop
  endfacet
  facet normal -0 0 1
    outer loop
      vertex -1.67604 -6.8286 15
      vertex -0.977142 -7.08072 15
      vertex -1.66112 -6.81134 15
    endloop
  endfacet
  facet normal -0 0 1
    outer loop
      vertex -1.69142 -6.84474 15
      vertex -0.977142 -7.08072 15
      vertex -1.67604 -6.8286 15
    endloop
  endfacet
  facet normal -0 0 1
    outer loop
      vertex -1.70737 -6.86002 15
      vertex -0.977142 -7.08072 15
      vertex -1.69142 -6.84474 15
    endloop
  endfacet
  facet normal -0 0 1
    outer loop
      vertex -1.72388 -6.87444 15
      vertex -0.977142 -7.08072 15
      vertex -1.70737 -6.86002 15
    endloop
  endfacet
  facet normal -0 0 1
    outer loop
      vertex -1.74095 -6.88797 15
      vertex -0.977142 -7.08072 15
      vertex -1.72388 -6.87444 15
    endloop
  endfacet
  facet normal -0 0 1
    outer loop
      vertex -1.75861 -6.90067 15
      vertex -0.977142 -7.08072 15
      vertex -1.74095 -6.88797 15
    endloop
  endfacet
  facet normal -0 0 1
    outer loop
      vertex -1.77684 -6.91248 15
      vertex -0.977142 -7.08072 15
      vertex -1.75861 -6.90067 15
    endloop
  endfacet
  facet normal -0 0 1
    outer loop
      vertex -1.79562 -6.92343 15
      vertex -0.977142 -7.08072 15
      vertex -1.77684 -6.91248 15
    endloop
  endfacet
  facet normal -0 0 1
    outer loop
      vertex -1.815 -6.93351 15
      vertex -0.977142 -7.08072 15
      vertex -1.79562 -6.92343 15
    endloop
  endfacet
  facet normal -0 0 1
    outer loop
      vertex -1.83493 -6.94274 15
      vertex -0.977142 -7.08072 15
      vertex -1.815 -6.93351 15
    endloop
  endfacet
  facet normal -0 0 1
    outer loop
      vertex -1.85548 -6.95102 15
      vertex -0.977142 -7.08072 15
      vertex -1.83493 -6.94274 15
    endloop
  endfacet
  facet normal -0 0 1
    outer loop
      vertex -1.87671 -6.95835 15
      vertex -0.977142 -7.08072 15
      vertex -1.85548 -6.95102 15
    endloop
  endfacet
  facet normal 0 0 1
    outer loop
      vertex -0.977142 -7.08072 15
      vertex -1.87671 -6.95835 15
      vertex -2.57492 -8.0222 15
    endloop
  endfacet
  facet normal 0 0 1
    outer loop
      vertex -2.57492 -8.0222 15
      vertex -1.87671 -6.95835 15
      vertex -1.89859 -6.96469 15
    endloop
  endfacet
  facet normal 0 0 1
    outer loop
      vertex -2.57492 -8.0222 15
      vertex -1.89859 -6.96469 15
      vertex -1.92114 -6.97007 15
    endloop
  endfacet
  facet normal 0 0 1
    outer loop
      vertex -2.57492 -8.0222 15
      vertex -1.92114 -6.97007 15
      vertex -1.94435 -6.97446 15
    endloop
  endfacet
  facet normal 0 0 1
    outer loop
      vertex -2.57492 -8.0222 15
      vertex -1.94435 -6.97446 15
      vertex -1.96822 -6.97788 15
    endloop
  endfacet
  facet normal 0 0 1
    outer loop
      vertex -2.57492 -8.0222 15
      vertex -1.96822 -6.97788 15
      vertex -1.99275 -6.98032 15
    endloop
  endfacet
  facet normal 0 0 1
    outer loop
      vertex -2.57492 -8.0222 15
      vertex -1.99275 -6.98032 15
      vertex -2.01796 -6.98178 15
    endloop
  endfacet
  facet normal 0 0 1
    outer loop
      vertex -2.57492 -8.0222 15
      vertex -2.01796 -6.98178 15
      vertex -2.04382 -6.98226 15
    endloop
  endfacet
  facet normal 0 0 1
    outer loop
      vertex -2.57492 -8.0222 15
      vertex -2.04382 -6.98226 15
      vertex -2.10229 -6.97971 15
    endloop
  endfacet
  facet normal 0 0 1
    outer loop
      vertex -0.977142 -7.08072 15
      vertex -2.57492 -8.0222 15
      vertex -0.472885 -7.1778 15
    endloop
  endfacet
  facet normal 0 0 1
    outer loop
      vertex -2.15771 -6.97206 15
      vertex -2.57492 -8.0222 15
      vertex -2.10229 -6.97971 15
    endloop
  endfacet
  facet normal 0 0 1
    outer loop
      vertex -2.21008 -6.95931 15
      vertex -2.57492 -8.0222 15
      vertex -2.15771 -6.97206 15
    endloop
  endfacet
  facet normal 0 0 1
    outer loop
      vertex -2.25938 -6.94145 15
      vertex -2.57492 -8.0222 15
      vertex -2.21008 -6.95931 15
    endloop
  endfacet
  facet normal 0 0 1
    outer loop
      vertex -2.30563 -6.91849 15
      vertex -2.57492 -8.0222 15
      vertex -2.25938 -6.94145 15
    endloop
  endfacet
  facet normal 0 0 1
    outer loop
      vertex -2.34882 -6.89043 15
      vertex -2.57492 -8.0222 15
      vertex -2.30563 -6.91849 15
    endloop
  endfacet
  facet normal 0 0 1
    outer loop
      vertex -2.38895 -6.85727 15
      vertex -2.57492 -8.0222 15
      vertex -2.34882 -6.89043 15
    endloop
  endfacet
  facet normal 0 0 1
    outer loop
      vertex -2.42603 -6.819 15
      vertex -2.57492 -8.0222 15
      vertex -2.38895 -6.85727 15
    endloop
  endfacet
  facet normal 0 0 1
    outer loop
      vertex -2.46004 -6.77564 15
      vertex -2.57492 -8.0222 15
      vertex -2.42603 -6.819 15
    endloop
  endfacet
  facet normal 0 0 1
    outer loop
      vertex -2.49072 -6.72753 15
      vertex -2.57492 -8.0222 15
      vertex -2.46004 -6.77564 15
    endloop
  endfacet
  facet normal 0 0 1
    outer loop
      vertex -2.51781 -6.67501 15
      vertex -2.57492 -8.0222 15
      vertex -2.49072 -6.72753 15
    endloop
  endfacet
  facet normal 0 0 1
    outer loop
      vertex -2.54128 -6.61808 15
      vertex -2.57492 -8.0222 15
      vertex -2.51781 -6.67501 15
    endloop
  endfacet
  facet normal 0 0 1
    outer loop
      vertex -2.56113 -6.55675 15
      vertex -2.57492 -8.0222 15
      vertex -2.54128 -6.61808 15
    endloop
  endfacet
  facet normal 0 0 1
    outer loop
      vertex -3 -15.2 15
      vertex -2.57492 -8.34595 15
      vertex -2.57492 -8.0222 15
    endloop
  endfacet
  facet normal 0 0 1
    outer loop
      vertex -2.57492 -8.34595 15
      vertex -3 -15.2 15
      vertex -2.57492 -10.1855 15
    endloop
  endfacet
  facet normal 0 0 1
    outer loop
      vertex -2.59001 -6.4209 15
      vertex -2.57492 -8.0222 15
      vertex -2.57738 -6.49103 15
    endloop
  endfacet
  facet normal 0 0 1
    outer loop
      vertex -2.57738 -6.49103 15
      vertex -2.57492 -8.0222 15
      vertex -2.56113 -6.55675 15
    endloop
  endfacet
  facet normal -0 0 1
    outer loop
      vertex -0.472885 -3.32259 15
      vertex 0 -15.2 15
      vertex 0 86.7 15
    endloop
  endfacet
  facet normal 0 0 1
    outer loop
      vertex 0 -15.2 15
      vertex -0.472885 -3.32259 15
      vertex -0.443054 -6.19007 15
    endloop
  endfacet
  facet normal 0 0 1
    outer loop
      vertex -0.443054 -6.19007 15
      vertex -0.472885 -3.32259 15
      vertex -0.445023 -6.10053 15
    endloop
  endfacet
  facet normal -0 0 1
    outer loop
      vertex -0.472885 -4.97855 15
      vertex -0.445023 -6.10053 15
      vertex -0.472885 -3.32259 15
    endloop
  endfacet
  facet normal 0 0 1
    outer loop
      vertex -0.445023 -6.10053 15
      vertex -0.472885 -4.97855 15
      vertex -0.450928 -6.01557 15
    endloop
  endfacet
  facet normal 0 0 1
    outer loop
      vertex 0 86.7 15
      vertex -0.705627 -3.32259 15
      vertex -0.472885 -3.32259 15
    endloop
  endfacet
  facet normal 0 0 1
    outer loop
      vertex -0.705627 -3.32259 15
      vertex -1.43813 -3.47327 15
      vertex -0.705627 -4.69361 15
    endloop
  endfacet
  facet normal -0 0 1
    outer loop
      vertex -3 86.7 15
      vertex -0.705627 -3.32259 15
      vertex 0 86.7 15
    endloop
  endfacet
  facet normal 0 -0 1
    outer loop
      vertex -1.66786 -3.47327 15
      vertex -0.705627 -3.32259 15
      vertex -2.34218 -3.38375 15
    endloop
  endfacet
  facet normal 0 0 1
    outer loop
      vertex -2.34218 -4.69361 15
      vertex -1.66786 -3.47327 15
      vertex -2.34218 -3.38375 15
    endloop
  endfacet
  facet normal 0 0 1
    outer loop
      vertex -0.705627 -3.32259 15
      vertex -1.66786 -3.47327 15
      vertex -1.43813 -3.47327 15
    endloop
  endfacet
  facet normal 0 -0 1
    outer loop
      vertex -2.57492 -3.38375 15
      vertex -0.705627 -3.32259 15
      vertex -3 86.7 15
    endloop
  endfacet
  facet normal 0 0 1
    outer loop
      vertex -2.6049 -6.10662 15
      vertex -2.57492 -4.97855 15
      vertex -2.57492 -3.38375 15
    endloop
  endfacet
  facet normal 0 0 1
    outer loop
      vertex -2.57492 -4.97855 15
      vertex -2.59407 -5.96413 15
      vertex -2.58459 -5.89914 15
    endloop
  endfacet
  facet normal 0 0 1
    outer loop
      vertex -2.57492 -4.97855 15
      vertex -2.60083 -6.0333 15
      vertex -2.59407 -5.96413 15
    endloop
  endfacet
  facet normal 0 0 1
    outer loop
      vertex -2.57492 -4.97855 15
      vertex -2.6049 -6.10662 15
      vertex -2.60083 -6.0333 15
    endloop
  endfacet
  facet normal 0 0 1
    outer loop
      vertex -2.57492 -3.38375 15
      vertex -2.60625 -6.1841 15
      vertex -2.6049 -6.10662 15
    endloop
  endfacet
  facet normal 0 0 1
    outer loop
      vertex -3 -15.2 15
      vertex -2.57492 -3.38375 15
      vertex -3 86.7 15
    endloop
  endfacet
  facet normal 0 0 1
    outer loop
      vertex -0.705627 -3.32259 15
      vertex -2.57492 -3.38375 15
      vertex -2.34218 -3.38375 15
    endloop
  endfacet
  facet normal -0 0 1
    outer loop
      vertex -0.449646 -6.35283 15
      vertex 0 -15.2 15
      vertex -0.443054 -6.19007 15
    endloop
  endfacet
  facet normal 0 0 1
    outer loop
      vertex -0.472885 -7.1778 15
      vertex -0.449646 -6.35283 15
      vertex -0.469421 -6.49964 15
    endloop
  endfacet
  facet normal 0 0 1
    outer loop
      vertex -0.472885 -7.46872 15
      vertex -0.449646 -6.35283 15
      vertex -0.472885 -7.1778 15
    endloop
  endfacet
  facet normal 0 0 1
    outer loop
      vertex -0.449646 -6.35283 15
      vertex -0.472885 -7.46872 15
      vertex 0 -15.2 15
    endloop
  endfacet
  facet normal -0 0 1
    outer loop
      vertex -0.472885 -8.90839 15
      vertex 0 -15.2 15
      vertex -0.472885 -7.46872 15
    endloop
  endfacet
  facet normal -0 0 1
    outer loop
      vertex -0.472885 -9.20377 15
      vertex 0 -15.2 15
      vertex -0.472885 -8.90839 15
    endloop
  endfacet
  facet normal -0 0 1
    outer loop
      vertex -0.472885 -10.096 15
      vertex 0 -15.2 15
      vertex -0.472885 -9.20377 15
    endloop
  endfacet
  facet normal -0 0 1
    outer loop
      vertex -0.472885 -10.9494 15
      vertex 0 -15.2 15
      vertex -0.472885 -10.096 15
    endloop
  endfacet
  facet normal 0 0 1
    outer loop
      vertex -3 -15.2 15
      vertex -0.472885 -10.9494 15
      vertex -2.57492 -10.9494 15
    endloop
  endfacet
  facet normal 0 0 1
    outer loop
      vertex -2.59903 -6.34638 15
      vertex -2.57492 -8.0222 15
      vertex -2.59001 -6.4209 15
    endloop
  endfacet
  facet normal 0 0 1
    outer loop
      vertex -2.60445 -6.26744 15
      vertex -2.57492 -8.0222 15
      vertex -2.59903 -6.34638 15
    endloop
  endfacet
  facet normal 0 0 1
    outer loop
      vertex -3 -15.2 15
      vertex -2.57492 -8.0222 15
      vertex -2.60445 -6.26744 15
    endloop
  endfacet
  facet normal 0 0 1
    outer loop
      vertex -3 -15.2 15
      vertex -2.60445 -6.26744 15
      vertex -2.60625 -6.1841 15
    endloop
  endfacet
  facet normal 0 0 1
    outer loop
      vertex -0.472885 -10.9494 15
      vertex -3 -15.2 15
      vertex 0 -15.2 15
    endloop
  endfacet
  facet normal 0 0 1
    outer loop
      vertex -2.57492 -10.1855 15
      vertex -3 -15.2 15
      vertex -2.57492 -10.9494 15
    endloop
  endfacet
  facet normal 0 0 1
    outer loop
      vertex -2.57492 -3.38375 15
      vertex -3 -15.2 15
      vertex -2.60625 -6.1841 15
    endloop
  endfacet
  facet normal 0 0 1
    outer loop
      vertex -0.450928 -6.01557 15
      vertex -0.472885 -4.97855 15
      vertex -0.460785 -5.9352 15
    endloop
  endfacet
  facet normal 0 0 1
    outer loop
      vertex -0.472885 -4.97855 15
      vertex -0.474579 -5.85942 15
      vertex -0.460785 -5.9352 15
    endloop
  endfacet
  facet normal 0 0 1
    outer loop
      vertex -0.472885 -4.97855 15
      vertex -0.492325 -5.78823 15
      vertex -0.474579 -5.85942 15
    endloop
  endfacet
  facet normal 0 0 1
    outer loop
      vertex -0.472885 -4.97855 15
      vertex -0.513992 -5.72162 15
      vertex -0.492325 -5.78823 15
    endloop
  endfacet
  facet normal 0 0 1
    outer loop
      vertex -0.472885 -4.97855 15
      vertex -0.539612 -5.65959 15
      vertex -0.513992 -5.72162 15
    endloop
  endfacet
  facet normal 0 0 1
    outer loop
      vertex -0.472885 -4.97855 15
      vertex -0.569183 -5.60216 15
      vertex -0.539612 -5.65959 15
    endloop
  endfacet
  facet normal 0 0 1
    outer loop
      vertex -0.472885 -4.97855 15
      vertex -0.602676 -5.54932 15
      vertex -0.569183 -5.60216 15
    endloop
  endfacet
  facet normal 0 0 1
    outer loop
      vertex -0.472885 -4.97855 15
      vertex -0.639771 -5.50156 15
      vertex -0.602676 -5.54932 15
    endloop
  endfacet
  facet normal 0 0 1
    outer loop
      vertex -0.472885 -4.97855 15
      vertex -0.680115 -5.45943 15
      vertex -0.639771 -5.50156 15
    endloop
  endfacet
  facet normal 0 0 1
    outer loop
      vertex -0.472885 -4.97855 15
      vertex -0.723694 -5.42292 15
      vertex -0.680115 -5.45943 15
    endloop
  endfacet
  facet normal 0 0 1
    outer loop
      vertex -0.472885 -4.97855 15
      vertex -0.770508 -5.39202 15
      vertex -0.723694 -5.42292 15
    endloop
  endfacet
  facet normal 0 0 1
    outer loop
      vertex -0.472885 -4.97855 15
      vertex -0.820572 -5.36673 15
      vertex -0.770508 -5.39202 15
    endloop
  endfacet
  facet normal 0 0 1
    outer loop
      vertex -0.472885 -4.97855 15
      vertex -0.873871 -5.34708 15
      vertex -0.820572 -5.36673 15
    endloop
  endfacet
  facet normal 0 0 1
    outer loop
      vertex -0.472885 -4.97855 15
      vertex -0.930405 -5.33303 15
      vertex -0.873871 -5.34708 15
    endloop
  endfacet
  facet normal 0 0 1
    outer loop
      vertex -0.472885 -4.97855 15
      vertex -0.990189 -5.3246 15
      vertex -0.930405 -5.33303 15
    endloop
  endfacet
  facet normal 0 0 1
    outer loop
      vertex -0.472885 -4.97855 15
      vertex -1.05322 -5.3218 15
      vertex -0.990189 -5.3246 15
    endloop
  endfacet
  facet normal 0 0 1
    outer loop
      vertex -0.472885 -4.97855 15
      vertex -1.07838 -5.32219 15
      vertex -1.05322 -5.3218 15
    endloop
  endfacet
  facet normal 0 0 1
    outer loop
      vertex -0.472885 -4.97855 15
      vertex -1.1028 -5.32338 15
      vertex -1.07838 -5.32219 15
    endloop
  endfacet
  facet normal 0 0 1
    outer loop
      vertex -0.472885 -4.97855 15
      vertex -1.1265 -5.32535 15
      vertex -1.1028 -5.32338 15
    endloop
  endfacet
  facet normal 0 0 1
    outer loop
      vertex -0.472885 -4.97855 15
      vertex -1.14944 -5.32813 15
      vertex -1.1265 -5.32535 15
    endloop
  endfacet
  facet normal 0 0 1
    outer loop
      vertex -0.472885 -4.97855 15
      vertex -1.17166 -5.3317 15
      vertex -1.14944 -5.32813 15
    endloop
  endfacet
  facet normal 0 0 1
    outer loop
      vertex -0.472885 -4.97855 15
      vertex -1.19313 -5.33605 15
      vertex -1.17166 -5.3317 15
    endloop
  endfacet
  facet normal -0 0 1
    outer loop
      vertex -2.57492 -4.97855 15
      vertex -1.19313 -5.33605 15
      vertex -0.472885 -4.97855 15
    endloop
  endfacet
  facet normal 0 0 1
    outer loop
      vertex -1.19313 -5.33605 15
      vertex -2.57492 -4.97855 15
      vertex -1.21387 -5.34119 15
    endloop
  endfacet
  facet normal 0 0 1
    outer loop
      vertex -1.21387 -5.34119 15
      vertex -2.57492 -4.97855 15
      vertex -1.23387 -5.34714 15
    endloop
  endfacet
  facet normal 0 0 1
    outer loop
      vertex -1.23387 -5.34714 15
      vertex -2.57492 -4.97855 15
      vertex -1.25313 -5.35387 15
    endloop
  endfacet
  facet normal 0 0 1
    outer loop
      vertex -1.25313 -5.35387 15
      vertex -2.57492 -4.97855 15
      vertex -1.27176 -5.3613 15
    endloop
  endfacet
  facet normal 0 0 1
    outer loop
      vertex -2.37654 -6.00263 15
      vertex -1.69679 -6.18039 15
      vertex -1.68279 -6.11846 15
    endloop
  endfacet
  facet normal -0 0 1
    outer loop
      vertex -2.3877 -6.08992 15
      vertex -1.69679 -6.18039 15
      vertex -2.38306 -6.04503 15
    endloop
  endfacet
  facet normal 0 0 1
    outer loop
      vertex -2.34584 -5.89017 15
      vertex -1.68279 -6.11846 15
      vertex -1.67281 -6.0754 15
    endloop
  endfacet
  facet normal 0 0 1
    outer loop
      vertex -2.10965 -5.66281 15
      vertex -1.67281 -6.0754 15
      vertex -1.66275 -6.03241 15
    endloop
  endfacet
  facet normal 0 0 1
    outer loop
      vertex -1.69679 -6.18039 15
      vertex -2.3877 -6.08992 15
      vertex -1.7103 -6.23758 15
    endloop
  endfacet
  facet normal 0 0 1
    outer loop
      vertex -2.07365 -5.65151 15
      vertex -1.66275 -6.03241 15
      vertex -1.65262 -5.9895 15
    endloop
  endfacet
  facet normal 0 0 1
    outer loop
      vertex -2.07365 -5.65151 15
      vertex -1.65262 -5.9895 15
      vertex -1.63728 -5.92528 15
    endloop
  endfacet
  facet normal 0 0 1
    outer loop
      vertex -1.68279 -6.11846 15
      vertex -2.36816 -5.96266 15
      vertex -2.37654 -6.00263 15
    endloop
  endfacet
  facet normal -0 0 1
    outer loop
      vertex -2.39142 -6.18709 15
      vertex -1.7103 -6.23758 15
      vertex -2.39049 -6.13727 15
    endloop
  endfacet
  facet normal 0 0 1
    outer loop
      vertex -2.07365 -5.65151 15
      vertex -1.63728 -5.92528 15
      vertex -1.63203 -5.90399 15
    endloop
  endfacet
  facet normal 0 0 1
    outer loop
      vertex -1.7103 -6.23758 15
      vertex -2.39142 -6.18709 15
      vertex -1.72331 -6.29003 15
    endloop
  endfacet
  facet normal 0 0 1
    outer loop
      vertex -1.72331 -6.29003 15
      vertex -2.3904 -6.24166 15
      vertex -1.73582 -6.33771 15
    endloop
  endfacet
  facet normal -0 -0 1
    outer loop
      vertex -2.3873 -6.29326 15
      vertex -1.73582 -6.33771 15
      vertex -2.3904 -6.24166 15
    endloop
  endfacet
  facet normal 0 0 1
    outer loop
      vertex -2.07365 -5.65151 15
      vertex -1.63203 -5.90399 15
      vertex -1.62657 -5.88291 15
    endloop
  endfacet
  facet normal 0 0 1
    outer loop
      vertex -1.73582 -6.33771 15
      vertex -2.3873 -6.29326 15
      vertex -1.74783 -6.38065 15
    endloop
  endfacet
  facet normal 0 0 1
    outer loop
      vertex -1.74783 -6.38065 15
      vertex -2.38214 -6.34192 15
      vertex -1.75935 -6.41883 15
    endloop
  endfacet
  facet normal 0 0 1
    outer loop
      vertex -2.07365 -5.65151 15
      vertex -1.62657 -5.88291 15
      vertex -1.62088 -5.86203 15
    endloop
  endfacet
  facet normal -0 -0 1
    outer loop
      vertex -2.37492 -6.38764 15
      vertex -1.75935 -6.41883 15
      vertex -2.38214 -6.34192 15
    endloop
  endfacet
  facet normal 0 0 1
    outer loop
      vertex -2.07365 -5.65151 15
      vertex -1.62088 -5.86203 15
      vertex -1.61496 -5.84136 15
    endloop
  endfacet
  facet normal 0 0 1
    outer loop
      vertex -1.75935 -6.41883 15
      vertex -2.37492 -6.38764 15
      vertex -1.77039 -6.45226 15
    endloop
  endfacet
  facet normal -0 -0 1
    outer loop
      vertex -2.36563 -6.43041 15
      vertex -1.77039 -6.45226 15
      vertex -2.37492 -6.38764 15
    endloop
  endfacet
  facet normal 0 0 1
    outer loop
      vertex -2.07365 -5.65151 15
      vertex -1.61496 -5.84136 15
      vertex -1.60883 -5.82088 15
    endloop
  endfacet
  facet normal 0 0 1
    outer loop
      vertex -1.77039 -6.45226 15
      vertex -2.36563 -6.43041 15
      vertex -1.7809 -6.48094 15
    endloop
  endfacet
  facet normal 0 0 1
    outer loop
      vertex -2.07365 -5.65151 15
      vertex -1.60883 -5.82088 15
      vertex -1.60248 -5.80062 15
    endloop
  endfacet
  facet normal -0 -0 1
    outer loop
      vertex -2.35428 -6.47022 15
      vertex -1.7809 -6.48094 15
      vertex -2.36563 -6.43041 15
    endloop
  endfacet
  facet normal 0 0 1
    outer loop
      vertex -1.7809 -6.48094 15
      vertex -2.35428 -6.47022 15
      vertex -1.79092 -6.50487 15
    endloop
  endfacet
  facet normal 0 0 1
    outer loop
      vertex -2.07365 -5.65151 15
      vertex -1.60248 -5.80062 15
      vertex -1.5959 -5.78055 15
    endloop
  endfacet
  facet normal 0 0 1
    outer loop
      vertex -1.79092 -6.50487 15
      vertex -2.35428 -6.47022 15
      vertex -1.80095 -6.52585 15
    endloop
  endfacet
  facet normal 0 0 1
    outer loop
      vertex -2.07365 -5.65151 15
      vertex -1.5959 -5.78055 15
      vertex -1.5891 -5.76068 15
    endloop
  endfacet
  facet normal -0 -0 1
    outer loop
      vertex -2.34088 -6.5071 15
      vertex -1.80095 -6.52585 15
      vertex -2.35428 -6.47022 15
    endloop
  endfacet
  facet normal 0 0 1
    outer loop
      vertex -2.07365 -5.65151 15
      vertex -1.5891 -5.76068 15
      vertex -1.58209 -5.74103 15
    endloop
  endfacet
  facet normal 0 0 1
    outer loop
      vertex -1.80095 -6.52585 15
      vertex -2.34088 -6.5071 15
      vertex -1.81145 -6.54572 15
    endloop
  endfacet
  facet normal -0 -0 1
    outer loop
      vertex -2.32541 -6.54102 15
      vertex -1.81145 -6.54572 15
      vertex -2.34088 -6.5071 15
    endloop
  endfacet
  facet normal 0 0 1
    outer loop
      vertex -2.07365 -5.65151 15
      vertex -1.58209 -5.74103 15
      vertex -1.57481 -5.72161 15
    endloop
  endfacet
  facet normal 0 0 1
    outer loop
      vertex -1.81145 -6.54572 15
      vertex -2.32541 -6.54102 15
      vertex -1.82243 -6.56446 15
    endloop
  endfacet
  facet normal 0 0 1
    outer loop
      vertex -2.07365 -5.65151 15
      vertex -1.57481 -5.72161 15
      vertex -1.56728 -5.70246 15
    endloop
  endfacet
  facet normal 0 0 1
    outer loop
      vertex -1.82243 -6.56446 15
      vertex -2.32541 -6.54102 15
      vertex -1.83389 -6.58208 15
    endloop
  endfacet
  facet normal 0 0 1
    outer loop
      vertex -2.07365 -5.65151 15
      vertex -1.56728 -5.70246 15
      vertex -1.55946 -5.68358 15
    endloop
  endfacet
  facet normal -0 -0 1
    outer loop
      vertex -2.30786 -6.57201 15
      vertex -1.83389 -6.58208 15
      vertex -2.32541 -6.54102 15
    endloop
  endfacet
  facet normal 0 -0 1
    outer loop
      vertex -2.09453 -6.70314 15
      vertex -1.83389 -6.58208 15
      vertex -2.30786 -6.57201 15
    endloop
  endfacet
  facet normal 0 0 1
    outer loop
      vertex -2.07365 -5.65151 15
      vertex -1.55946 -5.68358 15
      vertex -1.55136 -5.665 15
    endloop
  endfacet
  facet normal 0 0 1
    outer loop
      vertex -1.83389 -6.58208 15
      vertex -2.09453 -6.70314 15
      vertex -1.84583 -6.59857 15
    endloop
  endfacet
  facet normal -0 0 1
    outer loop
      vertex -2.07365 -5.65151 15
      vertex -1.55136 -5.665 15
      vertex -1.54298 -5.64669 15
    endloop
  endfacet
  facet normal 0 0 1
    outer loop
      vertex -1.66275 -6.03241 15
      vertex -2.07365 -5.65151 15
      vertex -2.10965 -5.66281 15
    endloop
  endfacet
  facet normal 0 0 1
    outer loop
      vertex -2.07365 -5.65151 15
      vertex -1.54298 -5.64669 15
      vertex -1.53435 -5.62863 15
    endloop
  endfacet
  facet normal 0 0 1
    outer loop
      vertex -1.85825 -6.61394 15
      vertex -2.0376 -6.70415 15
      vertex -1.87114 -6.62819 15
    endloop
  endfacet
  facet normal 0 0 1
    outer loop
      vertex -1.52542 -5.61087 15
      vertex -2.07365 -5.65151 15
      vertex -1.53435 -5.62863 15
    endloop
  endfacet
  facet normal 0 0 1
    outer loop
      vertex -2.12289 -5.37104 15
      vertex -1.52542 -5.61087 15
      vertex -1.51622 -5.59339 15
    endloop
  endfacet
  facet normal 0 0 1
    outer loop
      vertex -2.12289 -5.37104 15
      vertex -1.51622 -5.59339 15
      vertex -1.50673 -5.57617 15
    endloop
  endfacet
  facet normal 0 0 1
    outer loop
      vertex -2.12289 -5.37104 15
      vertex -1.50673 -5.57617 15
      vertex -1.4969 -5.55934 15
    endloop
  endfacet
  facet normal 0 0 1
    outer loop
      vertex -2.12289 -5.37104 15
      vertex -1.4969 -5.55934 15
      vertex -1.48657 -5.54302 15
    endloop
  endfacet
  facet normal 0 0 1
    outer loop
      vertex -2.12289 -5.37104 15
      vertex -1.48657 -5.54302 15
      vertex -1.47575 -5.52719 15
    endloop
  endfacet
  facet normal 0 0 1
    outer loop
      vertex -2.12289 -5.37104 15
      vertex -1.47575 -5.52719 15
      vertex -1.46446 -5.51186 15
    endloop
  endfacet
  facet normal 0 0 1
    outer loop
      vertex -2.12289 -5.37104 15
      vertex -1.46446 -5.51186 15
      vertex -1.4527 -5.49701 15
    endloop
  endfacet
  facet normal 0 0 1
    outer loop
      vertex -2.12289 -5.37104 15
      vertex -1.4527 -5.49701 15
      vertex -1.44044 -5.48267 15
    endloop
  endfacet
  facet normal 0 0 1
    outer loop
      vertex -2.12289 -5.37104 15
      vertex -1.44044 -5.48267 15
      vertex -1.42772 -5.46883 15
    endloop
  endfacet
  facet normal 0 0 1
    outer loop
      vertex -2.12289 -5.37104 15
      vertex -1.42772 -5.46883 15
      vertex -1.41451 -5.45549 15
    endloop
  endfacet
  facet normal 0 0 1
    outer loop
      vertex -2.12289 -5.37104 15
      vertex -1.41451 -5.45549 15
      vertex -1.40082 -5.44265 15
    endloop
  endfacet
  facet normal 0 0 1
    outer loop
      vertex -2.12289 -5.37104 15
      vertex -1.40082 -5.44265 15
      vertex -1.38663 -5.43035 15
    endloop
  endfacet
  facet normal 0 0 1
    outer loop
      vertex -2.12289 -5.37104 15
      vertex -1.38663 -5.43035 15
      vertex -1.37187 -5.41866 15
    endloop
  endfacet
  facet normal 0 0 1
    outer loop
      vertex -2.12289 -5.37104 15
      vertex -1.37187 -5.41866 15
      vertex -1.35657 -5.40758 15
    endloop
  endfacet
  facet normal 0 0 1
    outer loop
      vertex -2.12289 -5.37104 15
      vertex -1.35657 -5.40758 15
      vertex -1.34071 -5.39711 15
    endloop
  endfacet
  facet normal 0 0 1
    outer loop
      vertex -2.12289 -5.37104 15
      vertex -1.34071 -5.39711 15
      vertex -1.3243 -5.38724 15
    endloop
  endfacet
  facet normal 0 0 1
    outer loop
      vertex -2.12289 -5.37104 15
      vertex -1.3243 -5.38724 15
      vertex -1.30734 -5.37799 15
    endloop
  endfacet
  facet normal -0 0 1
    outer loop
      vertex -2.12289 -5.37104 15
      vertex -1.30734 -5.37799 15
      vertex -1.28983 -5.36934 15
    endloop
  endfacet
  facet normal 0 0 1
    outer loop
      vertex -1.27176 -5.3613 15
      vertex -2.57492 -4.97855 15
      vertex -1.28983 -5.36934 15
    endloop
  endfacet
  facet normal 0 0 1
    outer loop
      vertex -1.52542 -5.61087 15
      vertex -2.12289 -5.37104 15
      vertex -2.07365 -5.65151 15
    endloop
  endfacet
  facet normal 0 0 1
    outer loop
      vertex -1.28983 -5.36934 15
      vertex -2.57492 -4.97855 15
      vertex -2.12289 -5.37104 15
    endloop
  endfacet
  facet normal 0 0 1
    outer loop
      vertex -2.57492 -4.97855 15
      vertex -2.17966 -5.38935 15
      vertex -2.12289 -5.37104 15
    endloop
  endfacet
  facet normal 0 0 1
    outer loop
      vertex -2.57492 -4.97855 15
      vertex -2.23262 -5.41045 15
      vertex -2.17966 -5.38935 15
    endloop
  endfacet
  facet normal 0 0 1
    outer loop
      vertex -2.57492 -4.97855 15
      vertex -2.28177 -5.43436 15
      vertex -2.23262 -5.41045 15
    endloop
  endfacet
  facet normal 0 0 1
    outer loop
      vertex -2.57492 -4.97855 15
      vertex -2.3271 -5.46106 15
      vertex -2.28177 -5.43436 15
    endloop
  endfacet
  facet normal 0 0 1
    outer loop
      vertex -2.57492 -4.97855 15
      vertex -2.36862 -5.49057 15
      vertex -2.3271 -5.46106 15
    endloop
  endfacet
  facet normal 0 0 1
    outer loop
      vertex -2.57492 -4.97855 15
      vertex -2.40633 -5.52288 15
      vertex -2.36862 -5.49057 15
    endloop
  endfacet
  facet normal 0 0 1
    outer loop
      vertex -2.57492 -4.97855 15
      vertex -2.44023 -5.55799 15
      vertex -2.40633 -5.52288 15
    endloop
  endfacet
  facet normal 0 0 1
    outer loop
      vertex -2.57492 -4.97855 15
      vertex -2.47031 -5.59589 15
      vertex -2.44023 -5.55799 15
    endloop
  endfacet
  facet normal 0 0 1
    outer loop
      vertex -2.57492 -4.97855 15
      vertex -2.49658 -5.63658 15
      vertex -2.47031 -5.59589 15
    endloop
  endfacet
  facet normal 0 0 1
    outer loop
      vertex -2.57492 -4.97855 15
      vertex -2.51959 -5.68077 15
      vertex -2.49658 -5.63658 15
    endloop
  endfacet
  facet normal 0 0 1
    outer loop
      vertex -2.57492 -4.97855 15
      vertex -2.5399 -5.72913 15
      vertex -2.51959 -5.68077 15
    endloop
  endfacet
  facet normal 0 0 1
    outer loop
      vertex -2.57492 -4.97855 15
      vertex -2.55751 -5.78163 15
      vertex -2.5399 -5.72913 15
    endloop
  endfacet
  facet normal 0 0 1
    outer loop
      vertex -2.57492 -4.97855 15
      vertex -2.5724 -5.83831 15
      vertex -2.55751 -5.78163 15
    endloop
  endfacet
  facet normal 0 0 1
    outer loop
      vertex -2.5724 -5.83831 15
      vertex -2.57492 -4.97855 15
      vertex -2.58459 -5.89914 15
    endloop
  endfacet
  facet normal 0 0 1
    outer loop
      vertex -0.705627 -4.69361 15
      vertex -1.43813 -3.47327 15
      vertex -1.43813 -4.69361 15
    endloop
  endfacet
  facet normal 0 -0 1
    outer loop
      vertex -2.01729 -6.70224 15
      vertex -1.87114 -6.62819 15
      vertex -2.0376 -6.70415 15
    endloop
  endfacet
  facet normal 0 0 1
    outer loop
      vertex -1.67281 -6.0754 15
      vertex -2.10965 -5.66281 15
      vertex -2.14339 -5.67618 15
    endloop
  endfacet
  facet normal 0 0 1
    outer loop
      vertex -1.87114 -6.62819 15
      vertex -2.01729 -6.70224 15
      vertex -1.88451 -6.64131 15
    endloop
  endfacet
  facet normal 0 0 1
    outer loop
      vertex -1.67281 -6.0754 15
      vertex -2.14339 -5.67618 15
      vertex -2.17485 -5.69162 15
    endloop
  endfacet
  facet normal 0 0 1
    outer loop
      vertex -1.88451 -6.64131 15
      vertex -2.01729 -6.70224 15
      vertex -1.89836 -6.65332 15
    endloop
  endfacet
  facet normal 0 0 1
    outer loop
      vertex -1.67281 -6.0754 15
      vertex -2.17485 -5.69162 15
      vertex -2.20406 -5.70912 15
    endloop
  endfacet
  facet normal 0 0 1
    outer loop
      vertex -1.91286 -6.66413 15
      vertex -2.01729 -6.70224 15
      vertex -1.92819 -6.67365 15
    endloop
  endfacet
  facet normal 0 0 1
    outer loop
      vertex -1.67281 -6.0754 15
      vertex -2.20406 -5.70912 15
      vertex -2.33188 -5.85762 15
    endloop
  endfacet
  facet normal 0 0 1
    outer loop
      vertex -1.96135 -6.68889 15
      vertex -1.99782 -6.69905 15
      vertex -1.97917 -6.69461 15
    endloop
  endfacet
  facet normal 0 0 1
    outer loop
      vertex -2.33188 -5.85762 15
      vertex -2.20406 -5.70912 15
      vertex -2.23099 -5.72867 15
    endloop
  endfacet
  facet normal 0 0 1
    outer loop
      vertex -1.96135 -6.68889 15
      vertex -2.01729 -6.70224 15
      vertex -1.99782 -6.69905 15
    endloop
  endfacet
  facet normal 0 0 1
    outer loop
      vertex -2.33188 -5.85762 15
      vertex -2.23099 -5.72867 15
      vertex -2.25566 -5.75031 15
    endloop
  endfacet
  facet normal 0 0 1
    outer loop
      vertex -1.94435 -6.6819 15
      vertex -2.01729 -6.70224 15
      vertex -1.96135 -6.68889 15
    endloop
  endfacet
  facet normal 0 0 1
    outer loop
      vertex -2.33188 -5.85762 15
      vertex -2.25566 -5.75031 15
      vertex -2.27806 -5.77399 15
    endloop
  endfacet
  facet normal 0 0 1
    outer loop
      vertex -1.92819 -6.67365 15
      vertex -2.01729 -6.70224 15
      vertex -1.94435 -6.6819 15
    endloop
  endfacet
  facet normal 0 0 1
    outer loop
      vertex -2.33188 -5.85762 15
      vertex -2.27806 -5.77399 15
      vertex -2.2982 -5.79973 15
    endloop
  endfacet
  facet normal 0 0 1
    outer loop
      vertex -1.89836 -6.65332 15
      vertex -2.01729 -6.70224 15
      vertex -1.91286 -6.66413 15
    endloop
  endfacet
  facet normal 0 0 1
    outer loop
      vertex -2.33188 -5.85762 15
      vertex -2.2982 -5.79973 15
      vertex -2.31607 -5.82755 15
    endloop
  endfacet
  facet normal 0 -0 1
    outer loop
      vertex -2.05873 -6.70478 15
      vertex -1.84583 -6.59857 15
      vertex -2.09453 -6.70314 15
    endloop
  endfacet
  facet normal 0 0 1
    outer loop
      vertex -1.67281 -6.0754 15
      vertex -2.33188 -5.85762 15
      vertex -2.34584 -5.89017 15
    endloop
  endfacet
  facet normal 0 0 1
    outer loop
      vertex -2.09453 -6.70314 15
      vertex -2.30786 -6.57201 15
      vertex -2.12828 -6.69821 15
    endloop
  endfacet
  facet normal 0 0 1
    outer loop
      vertex -1.68279 -6.11846 15
      vertex -2.34584 -5.89017 15
      vertex -2.35793 -5.92519 15
    endloop
  endfacet
  facet normal 0 0 1
    outer loop
      vertex -2.12828 -6.69821 15
      vertex -2.30786 -6.57201 15
      vertex -2.16002 -6.69002 15
    endloop
  endfacet
  facet normal 0 0 1
    outer loop
      vertex -1.68279 -6.11846 15
      vertex -2.35793 -5.92519 15
      vertex -2.36816 -5.96266 15
    endloop
  endfacet
  facet normal 0 0 1
    outer loop
      vertex -2.16002 -6.69002 15
      vertex -2.30786 -6.57201 15
      vertex -2.18973 -6.67855 15
    endloop
  endfacet
  facet normal 0 0 1
    outer loop
      vertex -1.69679 -6.18039 15
      vertex -2.37654 -6.00263 15
      vertex -2.38306 -6.04503 15
    endloop
  endfacet
  facet normal 0 0 1
    outer loop
      vertex -2.18973 -6.67855 15
      vertex -2.30786 -6.57201 15
      vertex -2.21741 -6.66381 15
    endloop
  endfacet
  facet normal -0 0 1
    outer loop
      vertex -2.39049 -6.13727 15
      vertex -1.7103 -6.23758 15
      vertex -2.3877 -6.08992 15
    endloop
  endfacet
  facet normal 0 0 1
    outer loop
      vertex -2.24306 -6.64577 15
      vertex -2.30786 -6.57201 15
      vertex -2.26669 -6.62445 15
    endloop
  endfacet
  facet normal -0 -0 1
    outer loop
      vertex -2.3904 -6.24166 15
      vertex -1.72331 -6.29003 15
      vertex -2.39142 -6.18709 15
    endloop
  endfacet
  facet normal 0 0 1
    outer loop
      vertex -2.26669 -6.62445 15
      vertex -2.30786 -6.57201 15
      vertex -2.28828 -6.59987 15
    endloop
  endfacet
  facet normal -0 -0 1
    outer loop
      vertex -2.38214 -6.34192 15
      vertex -1.74783 -6.38065 15
      vertex -2.3873 -6.29326 15
    endloop
  endfacet
  facet normal 0 0 1
    outer loop
      vertex -2.21741 -6.66381 15
      vertex -2.30786 -6.57201 15
      vertex -2.24306 -6.64577 15
    endloop
  endfacet
  facet normal 0 0 1
    outer loop
      vertex -1.84583 -6.59857 15
      vertex -2.05873 -6.70478 15
      vertex -1.85825 -6.61394 15
    endloop
  endfacet
  facet normal 0 -0 1
    outer loop
      vertex -2.0376 -6.70415 15
      vertex -1.85825 -6.61394 15
      vertex -2.05873 -6.70478 15
    endloop
  endfacet
  facet normal 0 0 1
    outer loop
      vertex -1.66786 -3.47327 15
      vertex -2.34218 -4.69361 15
      vertex -1.66786 -4.69361 15
    endloop
  endfacet
  facet normal 0 0 1
    outer loop
      vertex -1.30983 -7.79395 15
      vertex -2.00055 -8.31163 15
      vertex -1.30983 -8.58016 15
    endloop
  endfacet
  facet normal -0 0 1
    outer loop
      vertex -2.00354 -8.06398 15
      vertex -2.00055 -8.31163 15
      vertex -1.30983 -7.79395 15
    endloop
  endfacet
  facet normal -0 0 1
    outer loop
      vertex -2.02675 -8.07326 15
      vertex -2.00055 -8.31163 15
      vertex -2.00354 -8.06398 15
    endloop
  endfacet
  facet normal 0 0 1
    outer loop
      vertex -2.02675 -8.07326 15
      vertex -2.04279 -8.29583 15
      vertex -2.00055 -8.31163 15
    endloop
  endfacet
  facet normal -0 0 1
    outer loop
      vertex -2.05061 -8.08254 15
      vertex -2.04279 -8.29583 15
      vertex -2.02675 -8.07326 15
    endloop
  endfacet
  facet normal -0 0 1
    outer loop
      vertex -2.07515 -8.09183 15
      vertex -2.04279 -8.29583 15
      vertex -2.05061 -8.08254 15
    endloop
  endfacet
  facet normal 0 0 1
    outer loop
      vertex -2.07515 -8.09183 15
      vertex -2.08328 -8.2809 15
      vertex -2.04279 -8.29583 15
    endloop
  endfacet
  facet normal -0 0 1
    outer loop
      vertex -2.10034 -8.10111 15
      vertex -2.08328 -8.2809 15
      vertex -2.07515 -8.09183 15
    endloop
  endfacet
  facet normal 0 0 1
    outer loop
      vertex -2.10034 -8.10111 15
      vertex -2.12206 -8.26688 15
      vertex -2.08328 -8.2809 15
    endloop
  endfacet
  facet normal -0 0 1
    outer loop
      vertex -2.12621 -8.11038 15
      vertex -2.12206 -8.26688 15
      vertex -2.10034 -8.10111 15
    endloop
  endfacet
  facet normal -0 0 1
    outer loop
      vertex -2.15273 -8.11968 15
      vertex -2.12206 -8.26688 15
      vertex -2.12621 -8.11038 15
    endloop
  endfacet
  facet normal 0 0 1
    outer loop
      vertex -2.15273 -8.11968 15
      vertex -2.15909 -8.25373 15
      vertex -2.12206 -8.26688 15
    endloop
  endfacet
  facet normal -0 0 1
    outer loop
      vertex -2.1799 -8.12895 15
      vertex -2.15909 -8.25373 15
      vertex -2.15273 -8.11968 15
    endloop
  endfacet
  facet normal 0 0 1
    outer loop
      vertex -2.1799 -8.12895 15
      vertex -2.1944 -8.24146 15
      vertex -2.15909 -8.25373 15
    endloop
  endfacet
  facet normal -0 0 1
    outer loop
      vertex -2.20775 -8.13823 15
      vertex -2.1944 -8.24146 15
      vertex -2.1799 -8.12895 15
    endloop
  endfacet
  facet normal 0 0 1
    outer loop
      vertex -2.20775 -8.13823 15
      vertex -2.22798 -8.23007 15
      vertex -2.1944 -8.24146 15
    endloop
  endfacet
  facet normal 0 0 1
    outer loop
      vertex -2.20775 -8.13823 15
      vertex -2.25983 -8.21958 15
      vertex -2.22798 -8.23007 15
    endloop
  endfacet
  facet normal 0 0 1
    outer loop
      vertex -2.20775 -8.13823 15
      vertex -2.28993 -8.20996 15
      vertex -2.25983 -8.21958 15
    endloop
  endfacet
  facet normal 0 0 1
    outer loop
      vertex -2.20775 -8.13823 15
      vertex -2.31831 -8.20124 15
      vertex -2.28993 -8.20996 15
    endloop
  endfacet
  facet normal 0 -0 1
    outer loop
      vertex -2.31831 -8.20124 15
      vertex -2.20775 -8.13823 15
      vertex -2.36009 -8.18779 15
    endloop
  endfacet
  facet normal 0 0 1
    outer loop
      vertex -2.34668 -10.1855 15
      vertex -1.68129 -10.1855 15
      vertex -1.68234 -10.1362 15
    endloop
  endfacet
  facet normal 0 0 1
    outer loop
      vertex -2.34576 -10.1377 15
      vertex -1.68234 -10.1362 15
      vertex -1.68552 -10.0898 15
    endloop
  endfacet
  facet normal 0 0 1
    outer loop
      vertex -2.34306 -10.0925 15
      vertex -1.68552 -10.0898 15
      vertex -1.69081 -10.0462 15
    endloop
  endfacet
  facet normal 0 0 1
    outer loop
      vertex -2.33855 -10.0499 15
      vertex -1.69081 -10.0462 15
      vertex -1.69823 -10.0055 15
    endloop
  endfacet
  facet normal 0 0 1
    outer loop
      vertex -2.33223 -10.0099 15
      vertex -1.69823 -10.0055 15
      vertex -1.70776 -9.96759 15
    endloop
  endfacet
  facet normal 0 0 1
    outer loop
      vertex -2.32411 -9.97243 15
      vertex -1.70776 -9.96759 15
      vertex -1.71941 -9.93257 15
    endloop
  endfacet
  facet normal 0 0 1
    outer loop
      vertex -1.95601 -9.73755 15
      vertex -1.71941 -9.93257 15
      vertex -1.73317 -9.90041 15
    endloop
  endfacet
  facet normal 0 0 1
    outer loop
      vertex -1.92223 -9.74451 15
      vertex -1.73317 -9.90041 15
      vertex -1.74905 -9.8711 15
    endloop
  endfacet
  facet normal 0 0 1
    outer loop
      vertex -1.8907 -9.75424 15
      vertex -1.74905 -9.8711 15
      vertex -1.76706 -9.84464 15
    endloop
  endfacet
  facet normal 0 0 1
    outer loop
      vertex -1.8907 -9.75424 15
      vertex -1.76706 -9.84464 15
      vertex -1.78726 -9.82099 15
    endloop
  endfacet
  facet normal 0 0 1
    outer loop
      vertex -1.8907 -9.75424 15
      vertex -1.78726 -9.82099 15
      vertex -1.80972 -9.80013 15
    endloop
  endfacet
  facet normal 0 0 1
    outer loop
      vertex -1.8907 -9.75424 15
      vertex -1.80972 -9.80013 15
      vertex -1.83446 -9.78205 15
    endloop
  endfacet
  facet normal 0 0 1
    outer loop
      vertex -1.8907 -9.75424 15
      vertex -1.83446 -9.78205 15
      vertex -1.86145 -9.76676 15
    endloop
  endfacet
  facet normal 0 0 1
    outer loop
      vertex -1.74905 -9.8711 15
      vertex -1.8907 -9.75424 15
      vertex -1.92223 -9.74451 15
    endloop
  endfacet
  facet normal 0 0 1
    outer loop
      vertex -1.73317 -9.90041 15
      vertex -1.92223 -9.74451 15
      vertex -1.95601 -9.73755 15
    endloop
  endfacet
  facet normal 0 0 1
    outer loop
      vertex -1.71941 -9.93257 15
      vertex -1.95601 -9.73755 15
      vertex -1.99207 -9.73339 15
    endloop
  endfacet
  facet normal 0 0 1
    outer loop
      vertex -1.71941 -9.93257 15
      vertex -1.99207 -9.73339 15
      vertex -2.32411 -9.97243 15
    endloop
  endfacet
  facet normal 0 0 1
    outer loop
      vertex -2.32411 -9.97243 15
      vertex -1.99207 -9.73339 15
      vertex -2.03038 -9.732 15
    endloop
  endfacet
  facet normal 0 0 1
    outer loop
      vertex -2.31418 -9.93755 15
      vertex -2.03038 -9.732 15
      vertex -2.06697 -9.73343 15
    endloop
  endfacet
  facet normal 0 0 1
    outer loop
      vertex -2.30244 -9.90525 15
      vertex -2.06697 -9.73343 15
      vertex -2.10118 -9.73773 15
    endloop
  endfacet
  facet normal 0 0 1
    outer loop
      vertex -2.28891 -9.87552 15
      vertex -2.10118 -9.73773 15
      vertex -2.133 -9.74492 15
    endloop
  endfacet
  facet normal 0 0 1
    outer loop
      vertex -2.27357 -9.84838 15
      vertex -2.133 -9.74492 15
      vertex -2.16241 -9.75498 15
    endloop
  endfacet
  facet normal 0 0 1
    outer loop
      vertex -2.27357 -9.84838 15
      vertex -2.16241 -9.75498 15
      vertex -2.18942 -9.76792 15
    endloop
  endfacet
  facet normal 0 0 1
    outer loop
      vertex -2.27357 -9.84838 15
      vertex -2.18942 -9.76792 15
      vertex -2.21405 -9.78371 15
    endloop
  endfacet
  facet normal 0 0 1
    outer loop
      vertex -2.27357 -9.84838 15
      vertex -2.21405 -9.78371 15
      vertex -2.23628 -9.8024 15
    endloop
  endfacet
  facet normal 0 0 1
    outer loop
      vertex -2.27357 -9.84838 15
      vertex -2.23628 -9.8024 15
      vertex -2.25612 -9.82395 15
    endloop
  endfacet
  facet normal 0 0 1
    outer loop
      vertex -2.133 -9.74492 15
      vertex -2.27357 -9.84838 15
      vertex -2.28891 -9.87552 15
    endloop
  endfacet
  facet normal 0 0 1
    outer loop
      vertex -2.10118 -9.73773 15
      vertex -2.28891 -9.87552 15
      vertex -2.30244 -9.90525 15
    endloop
  endfacet
  facet normal 0 0 1
    outer loop
      vertex -2.06697 -9.73343 15
      vertex -2.30244 -9.90525 15
      vertex -2.31418 -9.93755 15
    endloop
  endfacet
  facet normal 0 0 1
    outer loop
      vertex -2.03038 -9.732 15
      vertex -2.31418 -9.93755 15
      vertex -2.32411 -9.97243 15
    endloop
  endfacet
  facet normal 0 0 1
    outer loop
      vertex -1.70776 -9.96759 15
      vertex -2.32411 -9.97243 15
      vertex -2.33223 -10.0099 15
    endloop
  endfacet
  facet normal 0 0 1
    outer loop
      vertex -1.69823 -10.0055 15
      vertex -2.33223 -10.0099 15
      vertex -2.33855 -10.0499 15
    endloop
  endfacet
  facet normal 0 0 1
    outer loop
      vertex -1.69081 -10.0462 15
      vertex -2.33855 -10.0499 15
      vertex -2.34306 -10.0925 15
    endloop
  endfacet
  facet normal 0 0 1
    outer loop
      vertex -1.68552 -10.0898 15
      vertex -2.34306 -10.0925 15
      vertex -2.34576 -10.1377 15
    endloop
  endfacet
  facet normal 0 0 1
    outer loop
      vertex -1.68234 -10.1362 15
      vertex -2.34576 -10.1377 15
      vertex -2.34668 -10.1855 15
    endloop
  endfacet
  facet normal 0 0 1
    outer loop
      vertex -1.68129 -10.1855 15
      vertex -2.34668 -10.1855 15
      vertex -1.68129 -10.6644 15
    endloop
  endfacet
  facet normal 0 0 1
    outer loop
      vertex -1.68129 -10.6644 15
      vertex -2.34668 -10.1855 15
      vertex -2.34668 -10.6644 15
    endloop
  endfacet
  facet normal 0 0 1
    outer loop
      vertex -1.45901 -10.1333 15
      vertex -0.701126 -10.1109 15
      vertex -0.702332 -10.0547 15
    endloop
  endfacet
  facet normal -0 0 1
    outer loop
      vertex -1.45442 -10.0237 15
      vertex -0.702332 -10.0547 15
      vertex -0.705917 -10.0019 15
    endloop
  endfacet
  facet normal 0 0 1
    outer loop
      vertex -1.44067 -9.92704 15
      vertex -0.705917 -10.0019 15
      vertex -0.711914 -9.95264 15
    endloop
  endfacet
  facet normal -0 0 1
    outer loop
      vertex -1.44067 -9.92704 15
      vertex -0.711914 -9.95264 15
      vertex -0.720291 -9.90686 15
    endloop
  endfacet
  facet normal 0 0 1
    outer loop
      vertex -1.41774 -9.84323 15
      vertex -0.720291 -9.90686 15
      vertex -0.731064 -9.8646 15
    endloop
  endfacet
  facet normal 0 0 1
    outer loop
      vertex -1.04594 -9.61264 15
      vertex -0.731064 -9.8646 15
      vertex -0.744232 -9.82582 15
    endloop
  endfacet
  facet normal 0 0 1
    outer loop
      vertex -0.969849 -9.62442 15
      vertex -0.744232 -9.82582 15
      vertex -0.759796 -9.79056 15
    endloop
  endfacet
  facet normal 0 0 1
    outer loop
      vertex -0.935333 -9.63474 15
      vertex -0.759796 -9.79056 15
      vertex -0.777756 -9.75879 15
    endloop
  endfacet
  facet normal 0 0 1
    outer loop
      vertex -0.935333 -9.63474 15
      vertex -0.777756 -9.75879 15
      vertex -0.798111 -9.73052 15
    endloop
  endfacet
  facet normal 0 0 1
    outer loop
      vertex -0.935333 -9.63474 15
      vertex -0.798111 -9.73052 15
      vertex -0.820831 -9.70546 15
    endloop
  endfacet
  facet normal 0 0 1
    outer loop
      vertex -0.935333 -9.63474 15
      vertex -0.820831 -9.70546 15
      vertex -0.845917 -9.68337 15
    endloop
  endfacet
  facet normal 0 0 1
    outer loop
      vertex -0.935333 -9.63474 15
      vertex -0.845917 -9.68337 15
      vertex -0.873367 -9.66422 15
    endloop
  endfacet
  facet normal 0 0 1
    outer loop
      vertex -0.935333 -9.63474 15
      vertex -0.873367 -9.66422 15
      vertex -0.903168 -9.648 15
    endloop
  endfacet
  facet normal 0 0 1
    outer loop
      vertex -0.759796 -9.79056 15
      vertex -0.935333 -9.63474 15
      vertex -0.969849 -9.62442 15
    endloop
  endfacet
  facet normal 0 0 1
    outer loop
      vertex -0.744232 -9.82582 15
      vertex -0.969849 -9.62442 15
      vertex -1.00671 -9.61707 15
    endloop
  endfacet
  facet normal 0 0 1
    outer loop
      vertex -0.744232 -9.82582 15
      vertex -1.00671 -9.61707 15
      vertex -1.04594 -9.61264 15
    endloop
  endfacet
  facet normal 0 0 1
    outer loop
      vertex -0.731064 -9.8646 15
      vertex -1.04594 -9.61264 15
      vertex -1.41774 -9.84323 15
    endloop
  endfacet
  facet normal 0 0 1
    outer loop
      vertex -1.41774 -9.84323 15
      vertex -1.04594 -9.61264 15
      vertex -1.08754 -9.61116 15
    endloop
  endfacet
  facet normal 0 0 1
    outer loop
      vertex -1.41774 -9.84323 15
      vertex -1.08754 -9.61116 15
      vertex -1.1655 -9.61762 15
    endloop
  endfacet
  facet normal 0 0 1
    outer loop
      vertex -1.38564 -9.77233 15
      vertex -1.1655 -9.61762 15
      vertex -1.2343 -9.63695 15
    endloop
  endfacet
  facet normal 0 0 1
    outer loop
      vertex -1.34436 -9.71431 15
      vertex -1.2343 -9.63695 15
      vertex -1.29391 -9.66918 15
    endloop
  endfacet
  facet normal 0 0 1
    outer loop
      vertex -1.2343 -9.63695 15
      vertex -1.34436 -9.71431 15
      vertex -1.38564 -9.77233 15
    endloop
  endfacet
  facet normal 0 0 1
    outer loop
      vertex -1.1655 -9.61762 15
      vertex -1.38564 -9.77233 15
      vertex -1.41774 -9.84323 15
    endloop
  endfacet
  facet normal 0 0 1
    outer loop
      vertex -0.720291 -9.90686 15
      vertex -1.41774 -9.84323 15
      vertex -1.44067 -9.92704 15
    endloop
  endfacet
  facet normal 0 0 1
    outer loop
      vertex -0.705917 -10.0019 15
      vertex -1.44067 -9.92704 15
      vertex -1.45442 -10.0237 15
    endloop
  endfacet
  facet normal 0 0 1
    outer loop
      vertex -0.702332 -10.0547 15
      vertex -1.45442 -10.0237 15
      vertex -1.45901 -10.1333 15
    endloop
  endfacet
  facet normal 0 0 1
    outer loop
      vertex -0.701126 -10.1109 15
      vertex -1.45901 -10.1333 15
      vertex -0.701126 -10.6644 15
    endloop
  endfacet
  facet normal 0 0 1
    outer loop
      vertex -0.701126 -10.6644 15
      vertex -1.45901 -10.1333 15
      vertex -1.45901 -10.6644 15
    endloop
  endfacet
  facet normal -0 0 1
    outer loop
      vertex 50.6 86.7 15
      vertex 53.6 -15.2 15
      vertex 53.6 86.7 15
    endloop
  endfacet
  facet normal 0 0 1
    outer loop
      vertex 53.6 -15.2 15
      vertex 50.6 86.7 15
      vertex 50.6 -15.2 15
    endloop
  endfacet
  facet normal -1 0 0
    outer loop
      vertex 50.6 64.7 2.4
      vertex 50.6 -1.2 2.4
      vertex 50.6 64.7 4
    endloop
  endfacet
  facet normal -1 0 0
    outer loop
      vertex 50.6 64.7 4
      vertex 50.6 86.7 15
      vertex 50.6 86.7 4
    endloop
  endfacet
  facet normal -1 0 0
    outer loop
      vertex 50.6 -1.2 4
      vertex 50.6 64.7 4
      vertex 50.6 -1.2 2.4
    endloop
  endfacet
  facet normal -1 0 0
    outer loop
      vertex 50.6 -15.2 15
      vertex 50.6 64.7 4
      vertex 50.6 -1.2 4
    endloop
  endfacet
  facet normal -1 0 0
    outer loop
      vertex 50.6 -15.2 15
      vertex 50.6 -1.2 4
      vertex 50.6 -15.2 4
    endloop
  endfacet
  facet normal -1 0 0
    outer loop
      vertex 50.6 64.7 4
      vertex 50.6 -15.2 15
      vertex 50.6 86.7 15
    endloop
  endfacet
  facet normal 1 -0 0
    outer loop
      vertex 29.2 0 4
      vertex 29.2 63.5 2.4
      vertex 29.2 63.5 4
    endloop
  endfacet
  facet normal 1 0 0
    outer loop
      vertex 29.2 63.5 2.4
      vertex 29.2 0 4
      vertex 29.2 0 2.4
    endloop
  endfacet
  facet normal -0 0 1
    outer loop
      vertex 3.8 63.5 4
      vertex 29.2 0 4
      vertex 29.2 63.5 4
    endloop
  endfacet
  facet normal 0 0 1
    outer loop
      vertex 29.2 0 4
      vertex 3.8 63.5 4
      vertex 3.8 0 4
    endloop
  endfacet
  facet normal -1 0 0
    outer loop
      vertex 3.8 0 2.4
      vertex 3.8 63.5 4
      vertex 3.8 63.5 2.4
    endloop
  endfacet
  facet normal -1 -0 0
    outer loop
      vertex 3.8 63.5 4
      vertex 3.8 0 2.4
      vertex 3.8 0 4
    endloop
  endfacet
  facet normal 0 1 -0
    outer loop
      vertex 29.2 63.5 2.4
      vertex 3.8 63.5 4
      vertex 29.2 63.5 4
    endloop
  endfacet
  facet normal 0 1 0
    outer loop
      vertex 3.8 63.5 4
      vertex 29.2 63.5 2.4
      vertex 3.8 63.5 2.4
    endloop
  endfacet
  facet normal 0 -1 0
    outer loop
      vertex 3.8 0 2.4
      vertex 29.2 0 4
      vertex 3.8 0 4
    endloop
  endfacet
  facet normal 0 -1 -0
    outer loop
      vertex 29.2 0 4
      vertex 3.8 0 2.4
      vertex 29.2 0 2.4
    endloop
  endfacet
  facet normal 0 0 1
    outer loop
      vertex 50.6 -1.2 4
      vertex 28.3 -11.2 4
      vertex 50.6 -15.2 4
    endloop
  endfacet
  facet normal 0 0 1
    outer loop
      vertex 50.6 -1.2 4
      vertex 25.3 -5.2 4
      vertex 28.3 -11.2 4
    endloop
  endfacet
  facet normal 0 0 1
    outer loop
      vertex 25.3 -5.2 4
      vertex 0 -1.2 4
      vertex 22.3 -11.2 4
    endloop
  endfacet
  facet normal -0 0 1
    outer loop
      vertex 0 -1.2 4
      vertex 25.3 -5.2 4
      vertex 50.6 -1.2 4
    endloop
  endfacet
  facet normal -0 0 1
    outer loop
      vertex 22.3 -11.2 4
      vertex 50.6 -15.2 4
      vertex 28.3 -11.2 4
    endloop
  endfacet
  facet normal 0 0 1
    outer loop
      vertex 22.3 -11.2 4
      vertex 0 -15.2 4
      vertex 50.6 -15.2 4
    endloop
  endfacet
  facet normal 0 0 1
    outer loop
      vertex 0 -15.2 4
      vertex 22.3 -11.2 4
      vertex 0 -1.2 4
    endloop
  endfacet
  facet normal 0 1 -0
    outer loop
      vertex 50.6 -1.2 2.4
      vertex 0 -1.2 4
      vertex 50.6 -1.2 4
    endloop
  endfacet
  facet normal 0 1 0
    outer loop
      vertex 0 -1.2 4
      vertex 50.6 -1.2 2.4
      vertex 0 -1.2 2.4
    endloop
  endfacet
  facet normal -0 0 1
    outer loop
      vertex 0 86.7 4
      vertex 50.6 64.7 4
      vertex 50.6 86.7 4
    endloop
  endfacet
  facet normal 0 0 1
    outer loop
      vertex 50.6 64.7 4
      vertex 0 86.7 4
      vertex 0 64.7 4
    endloop
  endfacet
  facet normal 0 -1 0
    outer loop
      vertex 0 64.7 2.4
      vertex 50.6 64.7 4
      vertex 0 64.7 4
    endloop
  endfacet
  facet normal 0 -1 -0
    outer loop
      vertex 50.6 64.7 4
      vertex 0 64.7 2.4
      vertex 50.6 64.7 2.4
    endloop
  endfacet
  facet normal 0 0 1
    outer loop
      vertex -6.63632 37.743 2.4
      vertex -6.7067 37.7132 2.4
      vertex -6.63632 37.7339 2.4
    endloop
  endfacet
  facet normal 0 0 1
    outer loop
      vertex -6.70793 37.7819 2.4
      vertex -6.7067 37.7132 2.4
      vertex -6.63632 37.743 2.4
    endloop
  endfacet
  facet normal 0 0 1
    outer loop
      vertex -6.70793 37.7819 2.4
      vertex -6.77269 37.6893 2.4
      vertex -6.7067 37.7132 2.4
    endloop
  endfacet
  facet normal 0 0 1
    outer loop
      vertex -6.77495 37.8225 2.4
      vertex -6.77269 37.6893 2.4
      vertex -6.70793 37.7819 2.4
    endloop
  endfacet
  facet normal 0 0 1
    outer loop
      vertex -6.77495 37.8225 2.4
      vertex -6.83432 37.6622 2.4
      vertex -6.77269 37.6893 2.4
    endloop
  endfacet
  facet normal 0 0 1
    outer loop
      vertex -6.83737 37.8649 2.4
      vertex -6.83432 37.6622 2.4
      vertex -6.77495 37.8225 2.4
    endloop
  endfacet
  facet normal 0 0 1
    outer loop
      vertex -6.83737 37.8649 2.4
      vertex -6.89159 37.6317 2.4
      vertex -6.83432 37.6622 2.4
    endloop
  endfacet
  facet normal 0 0 1
    outer loop
      vertex -6.89519 37.9091 2.4
      vertex -6.89159 37.6317 2.4
      vertex -6.83737 37.8649 2.4
    endloop
  endfacet
  facet normal 0 0 1
    outer loop
      vertex -6.89519 37.9091 2.4
      vertex -6.94447 37.5979 2.4
      vertex -6.89159 37.6317 2.4
    endloop
  endfacet
  facet normal 0 0 1
    outer loop
      vertex -6.94843 37.955 2.4
      vertex -6.94447 37.5979 2.4
      vertex -6.89519 37.9091 2.4
    endloop
  endfacet
  facet normal 0 0 1
    outer loop
      vertex -6.94843 37.955 2.4
      vertex -6.993 37.5609 2.4
      vertex -6.94447 37.5979 2.4
    endloop
  endfacet
  facet normal 0 0 1
    outer loop
      vertex -6.99706 38.0027 2.4
      vertex -6.993 37.5609 2.4
      vertex -6.94843 37.955 2.4
    endloop
  endfacet
  facet normal 0 0 1
    outer loop
      vertex -6.99706 38.0027 2.4
      vertex -7.03714 37.5206 2.4
      vertex -6.993 37.5609 2.4
    endloop
  endfacet
  facet normal 0 0 1
    outer loop
      vertex -7.04109 38.0522 2.4
      vertex -7.03714 37.5206 2.4
      vertex -6.99706 38.0027 2.4
    endloop
  endfacet
  facet normal 0 0 1
    outer loop
      vertex -7.04109 38.0522 2.4
      vertex -7.07692 37.4771 2.4
      vertex -7.03714 37.5206 2.4
    endloop
  endfacet
  facet normal 0 0 1
    outer loop
      vertex -7.08054 38.1035 2.4
      vertex -7.07692 37.4771 2.4
      vertex -7.04109 38.0522 2.4
    endloop
  endfacet
  facet normal 0 0 1
    outer loop
      vertex -7.08054 38.1035 2.4
      vertex -7.11232 37.4302 2.4
      vertex -7.07692 37.4771 2.4
    endloop
  endfacet
  facet normal 0 0 1
    outer loop
      vertex -7.11539 38.1565 2.4
      vertex -7.11232 37.4302 2.4
      vertex -7.08054 38.1035 2.4
    endloop
  endfacet
  facet normal 0 0 1
    outer loop
      vertex -7.11539 38.1565 2.4
      vertex -7.14371 37.3798 2.4
      vertex -7.11232 37.4302 2.4
    endloop
  endfacet
  facet normal 0 0 1
    outer loop
      vertex -7.14613 38.2117 2.4
      vertex -7.14371 37.3798 2.4
      vertex -7.11539 38.1565 2.4
    endloop
  endfacet
  facet normal 0 0 1
    outer loop
      vertex -7.14613 38.2117 2.4
      vertex -7.1714 37.3255 2.4
      vertex -7.14371 37.3798 2.4
    endloop
  endfacet
  facet normal 0 0 1
    outer loop
      vertex -7.17325 38.2694 2.4
      vertex -7.1714 37.3255 2.4
      vertex -7.14613 38.2117 2.4
    endloop
  endfacet
  facet normal 0 0 1
    outer loop
      vertex -7.17325 38.2694 2.4
      vertex -7.1954 37.2673 2.4
      vertex -7.1714 37.3255 2.4
    endloop
  endfacet
  facet normal 0 0 1
    outer loop
      vertex -7.19676 38.3296 2.4
      vertex -7.1954 37.2673 2.4
      vertex -7.17325 38.2694 2.4
    endloop
  endfacet
  facet normal 0 0 1
    outer loop
      vertex -7.19676 38.3296 2.4
      vertex -7.21571 37.2052 2.4
      vertex -7.1954 37.2673 2.4
    endloop
  endfacet
  facet normal 0 0 1
    outer loop
      vertex -7.21664 38.3923 2.4
      vertex -7.21571 37.2052 2.4
      vertex -7.19676 38.3296 2.4
    endloop
  endfacet
  facet normal 0 0 1
    outer loop
      vertex -7.21664 38.3923 2.4
      vertex -7.23232 37.1393 2.4
      vertex -7.21571 37.2052 2.4
    endloop
  endfacet
  facet normal 0 0 1
    outer loop
      vertex -7.23293 38.4576 2.4
      vertex -7.23232 37.1393 2.4
      vertex -7.21664 38.3923 2.4
    endloop
  endfacet
  facet normal 0 0 1
    outer loop
      vertex -7.23293 38.4576 2.4
      vertex -7.24524 37.0695 2.4
      vertex -7.23232 37.1393 2.4
    endloop
  endfacet
  facet normal 0 0 1
    outer loop
      vertex -7.24559 38.5254 2.4
      vertex -7.24524 37.0695 2.4
      vertex -7.23293 38.4576 2.4
    endloop
  endfacet
  facet normal 0 0 1
    outer loop
      vertex -8.19872 40.5021 2.4
      vertex -7.24524 37.0695 2.4
      vertex -7.24559 38.5254 2.4
    endloop
  endfacet
  facet normal 0 0 1
    outer loop
      vertex -8.19872 40.5021 2.4
      vertex -7.24559 38.5254 2.4
      vertex -7.25462 38.5957 2.4
    endloop
  endfacet
  facet normal 0 0 1
    outer loop
      vertex -7.24524 37.0695 2.4
      vertex -8.19872 40.5021 2.4
      vertex -7.25447 36.9958 2.4
    endloop
  endfacet
  facet normal 0 0 1
    outer loop
      vertex -8.19872 40.5021 2.4
      vertex -7.25462 38.5957 2.4
      vertex -7.26006 38.6686 2.4
    endloop
  endfacet
  facet normal 0 0 1
    outer loop
      vertex -8.19872 40.5021 2.4
      vertex -7.26006 38.6686 2.4
      vertex -7.26186 38.7439 2.4
    endloop
  endfacet
  facet normal 0 0 1
    outer loop
      vertex -7.25447 36.9958 2.4
      vertex -8.19872 40.5021 2.4
      vertex -7.26001 36.9182 2.4
    endloop
  endfacet
  facet normal 0 0 1
    outer loop
      vertex -6.63632 35.8724 2.4
      vertex -6.68799 35.8619 2.4
      vertex -6.63632 35.8633 2.4
    endloop
  endfacet
  facet normal 0 0 1
    outer loop
      vertex -6.71165 35.9124 2.4
      vertex -6.68799 35.8619 2.4
      vertex -6.63632 35.8724 2.4
    endloop
  endfacet
  facet normal 0 0 1
    outer loop
      vertex -6.71165 35.9124 2.4
      vertex -6.73584 35.8606 2.4
      vertex -6.68799 35.8619 2.4
    endloop
  endfacet
  facet normal 0 0 1
    outer loop
      vertex -6.71165 35.9124 2.4
      vertex -6.77991 35.8594 2.4
      vertex -6.73584 35.8606 2.4
    endloop
  endfacet
  facet normal 0 0 1
    outer loop
      vertex -6.78172 35.9537 2.4
      vertex -6.77991 35.8594 2.4
      vertex -6.71165 35.9124 2.4
    endloop
  endfacet
  facet normal 0 0 1
    outer loop
      vertex -6.78172 35.9537 2.4
      vertex -6.82014 35.8582 2.4
      vertex -6.77991 35.8594 2.4
    endloop
  endfacet
  facet normal 0 0 1
    outer loop
      vertex -6.8566 35.857 2.4
      vertex -6.78172 35.9537 2.4
      vertex -6.84653 35.9962 2.4
    endloop
  endfacet
  facet normal 0 0 1
    outer loop
      vertex -6.78172 35.9537 2.4
      vertex -6.8566 35.857 2.4
      vertex -6.82014 35.8582 2.4
    endloop
  endfacet
  facet normal 0 0 1
    outer loop
      vertex -6.84653 35.9962 2.4
      vertex -6.88924 35.8558 2.4
      vertex -6.8566 35.857 2.4
    endloop
  endfacet
  facet normal 0 0 1
    outer loop
      vertex -6.91808 35.8547 2.4
      vertex -6.84653 35.9962 2.4
      vertex -6.90604 36.04 2.4
    endloop
  endfacet
  facet normal 0 0 1
    outer loop
      vertex -6.84653 35.9962 2.4
      vertex -6.91808 35.8547 2.4
      vertex -6.88924 35.8558 2.4
    endloop
  endfacet
  facet normal 0 0 1
    outer loop
      vertex -6.90604 36.04 2.4
      vertex -6.9431 35.8536 2.4
      vertex -6.91808 35.8547 2.4
    endloop
  endfacet
  facet normal 0 0 1
    outer loop
      vertex -7.02011 35.8497 2.4
      vertex -6.90604 36.04 2.4
      vertex -6.96028 36.0851 2.4
    endloop
  endfacet
  facet normal 0 0 1
    outer loop
      vertex -6.90604 36.04 2.4
      vertex -6.96432 35.8526 2.4
      vertex -6.9431 35.8536 2.4
    endloop
  endfacet
  facet normal 0 0 1
    outer loop
      vertex -7.07149 35.8472 2.4
      vertex -6.96028 36.0851 2.4
      vertex -7.00926 36.1315 2.4
    endloop
  endfacet
  facet normal 0 0 1
    outer loop
      vertex -6.90604 36.04 2.4
      vertex -7.02011 35.8497 2.4
      vertex -6.96432 35.8526 2.4
    endloop
  endfacet
  facet normal 0 0 1
    outer loop
      vertex -7.15744 35.8429 2.4
      vertex -7.00926 36.1315 2.4
      vertex -7.05295 36.1791 2.4
    endloop
  endfacet
  facet normal 0 0 1
    outer loop
      vertex -6.96028 36.0851 2.4
      vertex -7.07149 35.8472 2.4
      vertex -7.02011 35.8497 2.4
    endloop
  endfacet
  facet normal 0 0 1
    outer loop
      vertex -7.20084 35.8389 2.4
      vertex -7.05295 36.1791 2.4
      vertex -7.09137 36.2281 2.4
    endloop
  endfacet
  facet normal 0 0 1
    outer loop
      vertex -7.20084 35.8389 2.4
      vertex -7.09137 36.2281 2.4
      vertex -7.12453 36.2783 2.4
    endloop
  endfacet
  facet normal 0 0 1
    outer loop
      vertex -7.00926 36.1315 2.4
      vertex -7.13272 35.8443 2.4
      vertex -7.07149 35.8472 2.4
    endloop
  endfacet
  facet normal 0 0 1
    outer loop
      vertex -7.00926 36.1315 2.4
      vertex -7.14572 35.8436 2.4
      vertex -7.13272 35.8443 2.4
    endloop
  endfacet
  facet normal 0 0 1
    outer loop
      vertex -7.20084 35.8389 2.4
      vertex -7.12453 36.2783 2.4
      vertex -7.15335 36.3304 2.4
    endloop
  endfacet
  facet normal 0 0 1
    outer loop
      vertex -7.00926 36.1315 2.4
      vertex -7.15744 35.8429 2.4
      vertex -7.14572 35.8436 2.4
    endloop
  endfacet
  facet normal 0 0 1
    outer loop
      vertex -7.05295 36.1791 2.4
      vertex -7.16788 35.8422 2.4
      vertex -7.15744 35.8429 2.4
    endloop
  endfacet
  facet normal 0 0 1
    outer loop
      vertex -7.05295 36.1791 2.4
      vertex -7.17703 35.8416 2.4
      vertex -7.16788 35.8422 2.4
    endloop
  endfacet
  facet normal 0 0 1
    outer loop
      vertex -7.20084 35.8389 2.4
      vertex -7.15335 36.3304 2.4
      vertex -7.17877 36.385 2.4
    endloop
  endfacet
  facet normal 0 0 1
    outer loop
      vertex -7.05295 36.1791 2.4
      vertex -7.18491 35.8409 2.4
      vertex -7.17703 35.8416 2.4
    endloop
  endfacet
  facet normal 0 0 1
    outer loop
      vertex -7.05295 36.1791 2.4
      vertex -7.1915 35.8402 2.4
      vertex -7.18491 35.8409 2.4
    endloop
  endfacet
  facet normal 0 0 1
    outer loop
      vertex -7.05295 36.1791 2.4
      vertex -7.19681 35.8395 2.4
      vertex -7.1915 35.8402 2.4
    endloop
  endfacet
  facet normal 0 0 1
    outer loop
      vertex -7.20084 35.8389 2.4
      vertex -7.17877 36.385 2.4
      vertex -7.20082 36.4421 2.4
    endloop
  endfacet
  facet normal 0 0 1
    outer loop
      vertex -7.05295 36.1791 2.4
      vertex -7.20084 35.8389 2.4
      vertex -7.19681 35.8395 2.4
    endloop
  endfacet
  facet normal 0 0 1
    outer loop
      vertex -7.23473 36.5637 2.4
      vertex -7.20084 35.8389 2.4
      vertex -7.21947 36.5016 2.4
    endloop
  endfacet
  facet normal 0 0 1
    outer loop
      vertex -7.21947 36.5016 2.4
      vertex -7.20084 35.8389 2.4
      vertex -7.20082 36.4421 2.4
    endloop
  endfacet
  facet normal 0 0 1
    outer loop
      vertex -4.36595 29.6877 2.4
      vertex -6.98116 28.7173 2.4
      vertex -4.36595 28.5922 2.4
    endloop
  endfacet
  facet normal 0 -0 1
    outer loop
      vertex -6.98116 28.7173 2.4
      vertex -4.36595 29.6877 2.4
      vertex -7.67383 29.6877 2.4
    endloop
  endfacet
  facet normal -0 0 1
    outer loop
      vertex -3.90077 32.7875 2.4
      vertex -3.89906 31.2867 2.4
      vertex -3.86592 32.9295 2.4
    endloop
  endfacet
  facet normal -0 0 1
    outer loop
      vertex -3.94955 32.6547 2.4
      vertex -3.89906 31.2867 2.4
      vertex -3.90077 32.7875 2.4
    endloop
  endfacet
  facet normal -0 0 1
    outer loop
      vertex -4.01228 32.5309 2.4
      vertex -3.89906 31.2867 2.4
      vertex -3.94955 32.6547 2.4
    endloop
  endfacet
  facet normal -0 0 1
    outer loop
      vertex -4.08894 32.4163 2.4
      vertex -3.89906 31.2867 2.4
      vertex -4.01228 32.5309 2.4
    endloop
  endfacet
  facet normal -0 0 1
    outer loop
      vertex -4.17955 32.3107 2.4
      vertex -3.89906 31.2867 2.4
      vertex -4.08894 32.4163 2.4
    endloop
  endfacet
  facet normal -0 0 1
    outer loop
      vertex -4.28409 32.2143 2.4
      vertex -3.89906 31.2867 2.4
      vertex -4.17955 32.3107 2.4
    endloop
  endfacet
  facet normal -0 0 1
    outer loop
      vertex -4.40257 32.127 2.4
      vertex -3.89906 31.2867 2.4
      vertex -4.28409 32.2143 2.4
    endloop
  endfacet
  facet normal 0 0 1
    outer loop
      vertex -3.89906 31.2867 2.4
      vertex -4.40257 32.127 2.4
      vertex -4.36595 31.2867 2.4
    endloop
  endfacet
  facet normal -0 0 1
    outer loop
      vertex -4.53442 32.0489 2.4
      vertex -4.36595 31.2867 2.4
      vertex -4.40257 32.127 2.4
    endloop
  endfacet
  facet normal -0 0 1
    outer loop
      vertex -4.67909 31.98 2.4
      vertex -4.36595 31.2867 2.4
      vertex -4.53442 32.0489 2.4
    endloop
  endfacet
  facet normal -0 0 1
    outer loop
      vertex -4.83656 31.9202 2.4
      vertex -4.36595 31.2867 2.4
      vertex -4.67909 31.98 2.4
    endloop
  endfacet
  facet normal -0 0 1
    outer loop
      vertex -5.00685 31.8697 2.4
      vertex -4.36595 31.2867 2.4
      vertex -4.83656 31.9202 2.4
    endloop
  endfacet
  facet normal -0 0 1
    outer loop
      vertex -5.18996 31.8283 2.4
      vertex -4.36595 31.2867 2.4
      vertex -5.00685 31.8697 2.4
    endloop
  endfacet
  facet normal -0 0 1
    outer loop
      vertex -5.38585 31.7961 2.4
      vertex -4.36595 31.2867 2.4
      vertex -5.18996 31.8283 2.4
    endloop
  endfacet
  facet normal 0 0 1
    outer loop
      vertex -4.36595 31.2867 2.4
      vertex -5.38585 31.7961 2.4
      vertex -4.36595 30.2401 2.4
    endloop
  endfacet
  facet normal -0 0 1
    outer loop
      vertex -5.59457 31.7731 2.4
      vertex -4.36595 30.2401 2.4
      vertex -5.38585 31.7961 2.4
    endloop
  endfacet
  facet normal -0 0 1
    outer loop
      vertex -5.8161 31.7594 2.4
      vertex -4.36595 30.2401 2.4
      vertex -5.59457 31.7731 2.4
    endloop
  endfacet
  facet normal -0 0 1
    outer loop
      vertex -6.05042 31.7547 2.4
      vertex -4.36595 30.2401 2.4
      vertex -5.8161 31.7594 2.4
    endloop
  endfacet
  facet normal 0 0 1
    outer loop
      vertex -6.28972 31.7592 2.4
      vertex -4.36595 30.2401 2.4
      vertex -6.05042 31.7547 2.4
    endloop
  endfacet
  facet normal 0 0 1
    outer loop
      vertex -8.19872 30.2401 2.4
      vertex -6.28972 31.7592 2.4
      vertex -6.5153 31.7726 2.4
    endloop
  endfacet
  facet normal 0 0 1
    outer loop
      vertex -8.19872 30.2401 2.4
      vertex -6.5153 31.7726 2.4
      vertex -6.72719 31.7949 2.4
    endloop
  endfacet
  facet normal 0 0 1
    outer loop
      vertex -8.19872 30.2401 2.4
      vertex -6.72719 31.7949 2.4
      vertex -6.92535 31.8262 2.4
    endloop
  endfacet
  facet normal 0 0 1
    outer loop
      vertex -8.19872 30.2401 2.4
      vertex -6.92535 31.8262 2.4
      vertex -7.1098 31.8664 2.4
    endloop
  endfacet
  facet normal 0 0 1
    outer loop
      vertex -8.19872 30.2401 2.4
      vertex -7.1098 31.8664 2.4
      vertex -7.28053 31.9155 2.4
    endloop
  endfacet
  facet normal 0 0 1
    outer loop
      vertex -8.19872 30.2401 2.4
      vertex -7.28053 31.9155 2.4
      vertex -7.43756 31.9735 2.4
    endloop
  endfacet
  facet normal 0 0 1
    outer loop
      vertex -8.19872 30.2401 2.4
      vertex -7.43756 31.9735 2.4
      vertex -7.58087 32.0405 2.4
    endloop
  endfacet
  facet normal 0 0 1
    outer loop
      vertex -6.28972 31.7592 2.4
      vertex -8.19872 30.2401 2.4
      vertex -4.36595 30.2401 2.4
    endloop
  endfacet
  facet normal 0 0 1
    outer loop
      vertex -7.71046 32.1164 2.4
      vertex -8.19872 30.2401 2.4
      vertex -7.58087 32.0405 2.4
    endloop
  endfacet
  facet normal 0 0 1
    outer loop
      vertex -7.82639 32.2019 2.4
      vertex -8.19872 30.2401 2.4
      vertex -7.71046 32.1164 2.4
    endloop
  endfacet
  facet normal 0 0 1
    outer loop
      vertex -7.92867 32.2978 2.4
      vertex -8.19872 30.2401 2.4
      vertex -7.82639 32.2019 2.4
    endloop
  endfacet
  facet normal 0 0 1
    outer loop
      vertex -8.01732 32.4041 2.4
      vertex -8.19872 30.2401 2.4
      vertex -7.92867 32.2978 2.4
    endloop
  endfacet
  facet normal 0 0 1
    outer loop
      vertex -8.09232 32.5207 2.4
      vertex -8.19872 30.2401 2.4
      vertex -8.01732 32.4041 2.4
    endloop
  endfacet
  facet normal 0 0 1
    outer loop
      vertex -8.15369 32.6477 2.4
      vertex -8.19872 30.2401 2.4
      vertex -8.09232 32.5207 2.4
    endloop
  endfacet
  facet normal 0 0 1
    outer loop
      vertex -8.23552 32.9327 2.4
      vertex -8.19872 30.2401 2.4
      vertex -8.20143 32.785 2.4
    endloop
  endfacet
  facet normal 0 0 1
    outer loop
      vertex -8.20143 32.785 2.4
      vertex -8.19872 30.2401 2.4
      vertex -8.15369 32.6477 2.4
    endloop
  endfacet
  facet normal 0 0 1
    outer loop
      vertex -3.89906 37.2487 2.4
      vertex -5.81238 35.8846 2.4
      vertex -3.89906 35.8846 2.4
    endloop
  endfacet
  facet normal -0 0 1
    outer loop
      vertex -5.99243 37.2487 2.4
      vertex -5.81238 35.8846 2.4
      vertex -3.89906 37.2487 2.4
    endloop
  endfacet
  facet normal 0 0 1
    outer loop
      vertex -5.81238 35.8846 2.4
      vertex -5.99243 37.2487 2.4
      vertex -5.91817 35.8872 2.4
    endloop
  endfacet
  facet normal 0 0 1
    outer loop
      vertex -5.99243 37.2487 2.4
      vertex -6.01851 35.8947 2.4
      vertex -5.91817 35.8872 2.4
    endloop
  endfacet
  facet normal 0 0 1
    outer loop
      vertex -6.11345 35.9073 2.4
      vertex -5.99243 37.2487 2.4
      vertex -6.09523 37.2471 2.4
    endloop
  endfacet
  facet normal 0 0 1
    outer loop
      vertex -5.99243 37.2487 2.4
      vertex -6.11345 35.9073 2.4
      vertex -6.01851 35.8947 2.4
    endloop
  endfacet
  facet normal 0 0 1
    outer loop
      vertex -6.28705 35.9477 2.4
      vertex -6.09523 37.2471 2.4
      vertex -6.19073 37.2422 2.4
    endloop
  endfacet
  facet normal 0 0 1
    outer loop
      vertex -6.09523 37.2471 2.4
      vertex -6.20296 35.925 2.4
      vertex -6.11345 35.9073 2.4
    endloop
  endfacet
  facet normal 0 0 1
    outer loop
      vertex -6.50674 36.0462 2.4
      vertex -6.19073 37.2422 2.4
      vertex -6.27893 37.2341 2.4
    endloop
  endfacet
  facet normal 0 0 1
    outer loop
      vertex -6.09523 37.2471 2.4
      vertex -6.28705 35.9477 2.4
      vertex -6.20296 35.925 2.4
    endloop
  endfacet
  facet normal 0 0 1
    outer loop
      vertex -6.83438 36.5683 2.4
      vertex -6.27893 37.2341 2.4
      vertex -6.3598 37.2228 2.4
    endloop
  endfacet
  facet normal 0 0 1
    outer loop
      vertex -6.19073 37.2422 2.4
      vertex -6.36571 35.9755 2.4
      vertex -6.28705 35.9477 2.4
    endloop
  endfacet
  facet normal 0 0 1
    outer loop
      vertex -6.83543 36.7178 2.4
      vertex -6.3598 37.2228 2.4
      vertex -6.43338 37.2082 2.4
    endloop
  endfacet
  facet normal 0 0 1
    outer loop
      vertex -6.19073 37.2422 2.4
      vertex -6.43893 36.0083 2.4
      vertex -6.36571 35.9755 2.4
    endloop
  endfacet
  facet normal 0 0 1
    outer loop
      vertex -6.82864 36.786 2.4
      vertex -6.43338 37.2082 2.4
      vertex -6.49965 37.1904 2.4
    endloop
  endfacet
  facet normal 0 0 1
    outer loop
      vertex -6.19073 37.2422 2.4
      vertex -6.50674 36.0462 2.4
      vertex -6.43893 36.0083 2.4
    endloop
  endfacet
  facet normal 0 0 1
    outer loop
      vertex -6.81735 36.8489 2.4
      vertex -6.49965 37.1904 2.4
      vertex -6.55861 37.1693 2.4
    endloop
  endfacet
  facet normal 0 0 1
    outer loop
      vertex -6.27893 37.2341 2.4
      vertex -6.56912 36.0891 2.4
      vertex -6.50674 36.0462 2.4
    endloop
  endfacet
  facet normal 0 0 1
    outer loop
      vertex -6.78117 36.9592 2.4
      vertex -6.55861 37.1693 2.4
      vertex -6.61024 37.145 2.4
    endloop
  endfacet
  facet normal 0 -0 1
    outer loop
      vertex -6.83438 36.5683 2.4
      vertex -6.3598 37.2228 2.4
      vertex -6.83769 36.6445 2.4
    endloop
  endfacet
  facet normal 0 0 1
    outer loop
      vertex -6.78117 36.9592 2.4
      vertex -6.61024 37.145 2.4
      vertex -6.65459 37.1175 2.4
    endloop
  endfacet
  facet normal 0 0 1
    outer loop
      vertex -6.27893 37.2341 2.4
      vertex -6.62549 36.1363 2.4
      vertex -6.56912 36.0891 2.4
    endloop
  endfacet
  facet normal 0 0 1
    outer loop
      vertex -6.78117 36.9592 2.4
      vertex -6.65459 37.1175 2.4
      vertex -6.69301 37.0857 2.4
    endloop
  endfacet
  facet normal 0 0 1
    outer loop
      vertex -6.27893 37.2341 2.4
      vertex -6.67523 36.1872 2.4
      vertex -6.62549 36.1363 2.4
    endloop
  endfacet
  facet normal 0 0 1
    outer loop
      vertex -6.78117 36.9592 2.4
      vertex -6.69301 37.0857 2.4
      vertex -6.72693 37.0487 2.4
    endloop
  endfacet
  facet normal 0 0 1
    outer loop
      vertex -6.27893 37.2341 2.4
      vertex -6.71832 36.2417 2.4
      vertex -6.67523 36.1872 2.4
    endloop
  endfacet
  facet normal 0 0 1
    outer loop
      vertex -6.78117 36.9592 2.4
      vertex -6.72693 37.0487 2.4
      vertex -6.75632 37.0066 2.4
    endloop
  endfacet
  facet normal 0 0 1
    outer loop
      vertex -6.55861 37.1693 2.4
      vertex -6.78117 36.9592 2.4
      vertex -6.80151 36.9067 2.4
    endloop
  endfacet
  facet normal 0 0 1
    outer loop
      vertex -6.3598 37.2228 2.4
      vertex -6.83543 36.7178 2.4
      vertex -6.83769 36.6445 2.4
    endloop
  endfacet
  facet normal 0 0 1
    outer loop
      vertex -6.55861 37.1693 2.4
      vertex -6.80151 36.9067 2.4
      vertex -6.81735 36.8489 2.4
    endloop
  endfacet
  facet normal 0 0 1
    outer loop
      vertex -6.27893 37.2341 2.4
      vertex -6.75481 36.2998 2.4
      vertex -6.71832 36.2417 2.4
    endloop
  endfacet
  facet normal 0 0 1
    outer loop
      vertex -6.49965 37.1904 2.4
      vertex -6.81735 36.8489 2.4
      vertex -6.82864 36.786 2.4
    endloop
  endfacet
  facet normal 0 0 1
    outer loop
      vertex -6.43338 37.2082 2.4
      vertex -6.82864 36.786 2.4
      vertex -6.83543 36.7178 2.4
    endloop
  endfacet
  facet normal 0 0 1
    outer loop
      vertex -6.27893 37.2341 2.4
      vertex -6.78464 36.3615 2.4
      vertex -6.75481 36.2998 2.4
    endloop
  endfacet
  facet normal 0 0 1
    outer loop
      vertex -6.27893 37.2341 2.4
      vertex -6.80785 36.4268 2.4
      vertex -6.78464 36.3615 2.4
    endloop
  endfacet
  facet normal 0 0 1
    outer loop
      vertex -6.27893 37.2341 2.4
      vertex -6.82443 36.4957 2.4
      vertex -6.80785 36.4268 2.4
    endloop
  endfacet
  facet normal 0 0 1
    outer loop
      vertex -6.27893 37.2341 2.4
      vertex -6.83438 36.5683 2.4
      vertex -6.82443 36.4957 2.4
    endloop
  endfacet
  facet normal 0 0 1
    outer loop
      vertex -3.89906 39.1559 2.4
      vertex -5.81238 37.7919 2.4
      vertex -3.89906 37.7919 2.4
    endloop
  endfacet
  facet normal -0 0 1
    outer loop
      vertex -5.99243 39.1559 2.4
      vertex -5.81238 37.7919 2.4
      vertex -3.89906 39.1559 2.4
    endloop
  endfacet
  facet normal 0 0 1
    outer loop
      vertex -5.81238 37.7919 2.4
      vertex -5.99243 39.1559 2.4
      vertex -5.91879 37.7943 2.4
    endloop
  endfacet
  facet normal 0 0 1
    outer loop
      vertex -5.99243 39.1559 2.4
      vertex -6.01965 37.8017 2.4
      vertex -5.91879 37.7943 2.4
    endloop
  endfacet
  facet normal 0 0 1
    outer loop
      vertex -6.11497 37.8141 2.4
      vertex -5.99243 39.1559 2.4
      vertex -6.09523 39.1543 2.4
    endloop
  endfacet
  facet normal 0 0 1
    outer loop
      vertex -5.99243 39.1559 2.4
      vertex -6.11497 37.8141 2.4
      vertex -6.01965 37.8017 2.4
    endloop
  endfacet
  facet normal 0 0 1
    outer loop
      vertex -6.28903 37.8535 2.4
      vertex -6.09523 39.1543 2.4
      vertex -6.19073 39.1494 2.4
    endloop
  endfacet
  facet normal 0 0 1
    outer loop
      vertex -6.09523 39.1543 2.4
      vertex -6.20477 37.8313 2.4
      vertex -6.11497 37.8141 2.4
    endloop
  endfacet
  facet normal 0 0 1
    outer loop
      vertex -6.50856 37.9498 2.4
      vertex -6.19073 39.1494 2.4
      vertex -6.27893 39.1413 2.4
    endloop
  endfacet
  facet normal 0 0 1
    outer loop
      vertex -6.09523 39.1543 2.4
      vertex -6.28903 37.8535 2.4
      vertex -6.20477 37.8313 2.4
    endloop
  endfacet
  facet normal 0 0 1
    outer loop
      vertex -6.8344 38.4736 2.4
      vertex -6.27893 39.1413 2.4
      vertex -6.3598 39.13 2.4
    endloop
  endfacet
  facet normal 0 0 1
    outer loop
      vertex -6.19073 39.1494 2.4
      vertex -6.36775 37.8807 2.4
      vertex -6.28903 37.8535 2.4
    endloop
  endfacet
  facet normal 0 0 1
    outer loop
      vertex -6.83543 38.625 2.4
      vertex -6.3598 39.13 2.4
      vertex -6.43338 39.1154 2.4
    endloop
  endfacet
  facet normal 0 0 1
    outer loop
      vertex -6.19073 39.1494 2.4
      vertex -6.44092 37.9128 2.4
      vertex -6.36775 37.8807 2.4
    endloop
  endfacet
  facet normal 0 0 1
    outer loop
      vertex -6.82864 38.6932 2.4
      vertex -6.43338 39.1154 2.4
      vertex -6.49965 39.0976 2.4
    endloop
  endfacet
  facet normal 0 0 1
    outer loop
      vertex -6.19073 39.1494 2.4
      vertex -6.50856 37.9498 2.4
      vertex -6.44092 37.9128 2.4
    endloop
  endfacet
  facet normal 0 0 1
    outer loop
      vertex -6.81735 38.7561 2.4
      vertex -6.49965 39.0976 2.4
      vertex -6.55861 39.0765 2.4
    endloop
  endfacet
  facet normal 0 0 1
    outer loop
      vertex -6.27893 39.1413 2.4
      vertex -6.57066 37.9917 2.4
      vertex -6.50856 37.9498 2.4
    endloop
  endfacet
  facet normal 0 0 1
    outer loop
      vertex -6.80151 38.8139 2.4
      vertex -6.55861 39.0765 2.4
      vertex -6.61024 39.0522 2.4
    endloop
  endfacet
  facet normal 0 0 1
    outer loop
      vertex -6.3598 39.13 2.4
      vertex -6.83769 38.5517 2.4
      vertex -6.8344 38.4736 2.4
    endloop
  endfacet
  facet normal 0 0 1
    outer loop
      vertex -6.78117 38.8665 2.4
      vertex -6.61024 39.0522 2.4
      vertex -6.65459 39.0247 2.4
    endloop
  endfacet
  facet normal 0 0 1
    outer loop
      vertex -6.27893 39.1413 2.4
      vertex -6.8344 38.4736 2.4
      vertex -6.82451 38.3996 2.4
    endloop
  endfacet
  facet normal 0 0 1
    outer loop
      vertex -6.78117 38.8665 2.4
      vertex -6.65459 39.0247 2.4
      vertex -6.69301 38.9929 2.4
    endloop
  endfacet
  facet normal 0 0 1
    outer loop
      vertex -6.27893 39.1413 2.4
      vertex -6.82451 38.3996 2.4
      vertex -6.57066 37.9917 2.4
    endloop
  endfacet
  facet normal 0 0 1
    outer loop
      vertex -6.78117 38.8665 2.4
      vertex -6.69301 38.9929 2.4
      vertex -6.72693 38.956 2.4
    endloop
  endfacet
  facet normal 0 0 1
    outer loop
      vertex -6.57066 37.9917 2.4
      vertex -6.82451 38.3996 2.4
      vertex -6.62671 38.0381 2.4
    endloop
  endfacet
  facet normal 0 0 1
    outer loop
      vertex -6.78117 38.8665 2.4
      vertex -6.72693 38.956 2.4
      vertex -6.75632 38.9138 2.4
    endloop
  endfacet
  facet normal 0 0 1
    outer loop
      vertex -6.61024 39.0522 2.4
      vertex -6.78117 38.8665 2.4
      vertex -6.80151 38.8139 2.4
    endloop
  endfacet
  facet normal 0 0 1
    outer loop
      vertex -6.3598 39.13 2.4
      vertex -6.83543 38.625 2.4
      vertex -6.83769 38.5517 2.4
    endloop
  endfacet
  facet normal 0 0 1
    outer loop
      vertex -6.55861 39.0765 2.4
      vertex -6.80151 38.8139 2.4
      vertex -6.81735 38.7561 2.4
    endloop
  endfacet
  facet normal 0 0 1
    outer loop
      vertex -6.62671 38.0381 2.4
      vertex -6.82451 38.3996 2.4
      vertex -6.67615 38.0885 2.4
    endloop
  endfacet
  facet normal 0 0 1
    outer loop
      vertex -6.49965 39.0976 2.4
      vertex -6.81735 38.7561 2.4
      vertex -6.82864 38.6932 2.4
    endloop
  endfacet
  facet normal 0 0 1
    outer loop
      vertex -6.43338 39.1154 2.4
      vertex -6.82864 38.6932 2.4
      vertex -6.83543 38.625 2.4
    endloop
  endfacet
  facet normal 0 0 1
    outer loop
      vertex -6.67615 38.0885 2.4
      vertex -6.82451 38.3996 2.4
      vertex -6.71901 38.1428 2.4
    endloop
  endfacet
  facet normal 0 0 1
    outer loop
      vertex -6.71901 38.1428 2.4
      vertex -6.82451 38.3996 2.4
      vertex -6.75528 38.201 2.4
    endloop
  endfacet
  facet normal 0 0 1
    outer loop
      vertex -6.78494 38.2633 2.4
      vertex -6.82451 38.3996 2.4
      vertex -6.80801 38.3294 2.4
    endloop
  endfacet
  facet normal 0 0 1
    outer loop
      vertex -6.75528 38.201 2.4
      vertex -6.82451 38.3996 2.4
      vertex -6.78494 38.2633 2.4
    endloop
  endfacet
  facet normal 0 0 1
    outer loop
      vertex -3.89906 40.5021 2.4
      vertex -6.09924 39.6991 2.4
      vertex -3.89906 39.6991 2.4
    endloop
  endfacet
  facet normal -0 0 1
    outer loop
      vertex -8.19872 40.5021 2.4
      vertex -6.09924 39.6991 2.4
      vertex -3.89906 40.5021 2.4
    endloop
  endfacet
  facet normal 0 0 1
    outer loop
      vertex -6.09924 39.6991 2.4
      vertex -8.19872 40.5021 2.4
      vertex -6.2326 39.6963 2.4
    endloop
  endfacet
  facet normal 0 0 1
    outer loop
      vertex -6.2326 39.6963 2.4
      vertex -8.19872 40.5021 2.4
      vertex -6.35738 39.6878 2.4
    endloop
  endfacet
  facet normal 0 0 1
    outer loop
      vertex -6.35738 39.6878 2.4
      vertex -8.19872 40.5021 2.4
      vertex -6.47357 39.6738 2.4
    endloop
  endfacet
  facet normal 0 0 1
    outer loop
      vertex -6.47357 39.6738 2.4
      vertex -8.19872 40.5021 2.4
      vertex -6.58116 39.6542 2.4
    endloop
  endfacet
  facet normal 0 -0 1
    outer loop
      vertex -8.09044 33.9805 2.4
      vertex -7.26001 36.9182 2.4
      vertex -8.19872 40.5021 2.4
    endloop
  endfacet
  facet normal 0 0 1
    outer loop
      vertex -7.26186 36.8367 2.4
      vertex -7.42964 34.5235 2.4
      vertex -7.2724 34.5815 2.4
    endloop
  endfacet
  facet normal 0 0 1
    outer loop
      vertex -8.19872 40.5021 2.4
      vertex -7.26186 38.7439 2.4
      vertex -7.25851 38.8518 2.4
    endloop
  endfacet
  facet normal 0 0 1
    outer loop
      vertex -7.26186 36.8367 2.4
      vertex -7.57362 34.4565 2.4
      vertex -7.42964 34.5235 2.4
    endloop
  endfacet
  facet normal 0 0 1
    outer loop
      vertex -7.26186 36.8367 2.4
      vertex -7.70435 34.3806 2.4
      vertex -7.57362 34.4565 2.4
    endloop
  endfacet
  facet normal 0 0 1
    outer loop
      vertex -8.19872 40.5021 2.4
      vertex -7.25851 38.8518 2.4
      vertex -7.24844 38.9529 2.4
    endloop
  endfacet
  facet normal 0 0 1
    outer loop
      vertex -7.26186 36.8367 2.4
      vertex -7.82155 34.2953 2.4
      vertex -7.70435 34.3806 2.4
    endloop
  endfacet
  facet normal 0 0 1
    outer loop
      vertex -7.26186 36.8367 2.4
      vertex -7.92497 34.2002 2.4
      vertex -7.82155 34.2953 2.4
    endloop
  endfacet
  facet normal 0 0 1
    outer loop
      vertex -7.26186 36.8367 2.4
      vertex -8.01459 34.0953 2.4
      vertex -7.92497 34.2002 2.4
    endloop
  endfacet
  facet normal 0 0 1
    outer loop
      vertex -7.26001 36.9182 2.4
      vertex -8.09044 33.9805 2.4
      vertex -7.26186 36.8367 2.4
    endloop
  endfacet
  facet normal 0 0 1
    outer loop
      vertex -7.26186 36.8367 2.4
      vertex -8.09044 33.9805 2.4
      vertex -8.01459 34.0953 2.4
    endloop
  endfacet
  facet normal 0 0 1
    outer loop
      vertex -6.58116 39.6542 2.4
      vertex -8.19872 40.5021 2.4
      vertex -6.68016 39.6289 2.4
    endloop
  endfacet
  facet normal 0 0 1
    outer loop
      vertex -8.19872 40.5021 2.4
      vertex -6.77058 39.598 2.4
      vertex -6.68016 39.6289 2.4
    endloop
  endfacet
  facet normal 0 0 1
    outer loop
      vertex -8.19872 40.5021 2.4
      vertex -6.8524 39.5615 2.4
      vertex -6.77058 39.598 2.4
    endloop
  endfacet
  facet normal 0 0 1
    outer loop
      vertex -8.19872 40.5021 2.4
      vertex -6.92564 39.5194 2.4
      vertex -6.8524 39.5615 2.4
    endloop
  endfacet
  facet normal 0 0 1
    outer loop
      vertex -8.19872 40.5021 2.4
      vertex -6.99028 39.4717 2.4
      vertex -6.92564 39.5194 2.4
    endloop
  endfacet
  facet normal 0 0 1
    outer loop
      vertex -8.19872 40.5021 2.4
      vertex -7.04729 39.4178 2.4
      vertex -6.99028 39.4717 2.4
    endloop
  endfacet
  facet normal 0 0 1
    outer loop
      vertex -8.19872 40.5021 2.4
      vertex -7.09758 39.3572 2.4
      vertex -7.04729 39.4178 2.4
    endloop
  endfacet
  facet normal 0 0 1
    outer loop
      vertex -8.19872 40.5021 2.4
      vertex -7.14116 39.2898 2.4
      vertex -7.09758 39.3572 2.4
    endloop
  endfacet
  facet normal 0 0 1
    outer loop
      vertex -8.19872 40.5021 2.4
      vertex -7.17804 39.2157 2.4
      vertex -7.14116 39.2898 2.4
    endloop
  endfacet
  facet normal 0 0 1
    outer loop
      vertex -8.19872 40.5021 2.4
      vertex -7.20822 39.1348 2.4
      vertex -7.17804 39.2157 2.4
    endloop
  endfacet
  facet normal 0 0 1
    outer loop
      vertex -8.19872 40.5021 2.4
      vertex -7.23169 39.0472 2.4
      vertex -7.20822 39.1348 2.4
    endloop
  endfacet
  facet normal 0 0 1
    outer loop
      vertex -8.19872 40.5021 2.4
      vertex -7.24844 38.9529 2.4
      vertex -7.23169 39.0472 2.4
    endloop
  endfacet
  facet normal 0 0 1
    outer loop
      vertex -8.09044 33.9805 2.4
      vertex -8.19872 40.5021 2.4
      vertex -8.15248 33.8559 2.4
    endloop
  endfacet
  facet normal 0 0 1
    outer loop
      vertex -8.15248 33.8559 2.4
      vertex -8.19872 40.5021 2.4
      vertex -8.20074 33.7215 2.4
    endloop
  endfacet
  facet normal 0 0 1
    outer loop
      vertex -3 86.7 2.4
      vertex -3.83804 33.2409 2.4
      vertex -3 -15.2 2.4
    endloop
  endfacet
  facet normal -0 0 1
    outer loop
      vertex -3.89906 43.2576 2.4
      vertex -3.83804 33.2409 2.4
      vertex -3 86.7 2.4
    endloop
  endfacet
  facet normal -0 0 1
    outer loop
      vertex -3.89906 40.5021 2.4
      vertex -3.83804 33.2409 2.4
      vertex -3.89906 43.2576 2.4
    endloop
  endfacet
  facet normal -0 0 1
    outer loop
      vertex -3.89906 39.6991 2.4
      vertex -3.83804 33.2409 2.4
      vertex -3.89906 40.5021 2.4
    endloop
  endfacet
  facet normal 0 0 1
    outer loop
      vertex -3 86.7 2.4
      vertex -4.37512 43.2576 2.4
      vertex -3.89906 43.2576 2.4
    endloop
  endfacet
  facet normal 0 0 1
    outer loop
      vertex -4.37512 43.2576 2.4
      vertex -8.19872 41.0849 2.4
      vertex -4.37512 41.0849 2.4
    endloop
  endfacet
  facet normal -0 0 1
    outer loop
      vertex -9 86.7 2.4
      vertex -4.37512 43.2576 2.4
      vertex -3 86.7 2.4
    endloop
  endfacet
  facet normal 0 0 1
    outer loop
      vertex -8.2628 33.2592 2.4
      vertex -8.19872 40.5021 2.4
      vertex -8.19872 41.0849 2.4
    endloop
  endfacet
  facet normal 0 0 1
    outer loop
      vertex -8.19872 40.5021 2.4
      vertex -8.23521 33.5772 2.4
      vertex -8.20074 33.7215 2.4
    endloop
  endfacet
  facet normal 0 0 1
    outer loop
      vertex -8.19872 40.5021 2.4
      vertex -8.25591 33.4231 2.4
      vertex -8.23521 33.5772 2.4
    endloop
  endfacet
  facet normal 0 0 1
    outer loop
      vertex -8.19872 40.5021 2.4
      vertex -8.2628 33.2592 2.4
      vertex -8.25591 33.4231 2.4
    endloop
  endfacet
  facet normal 0 0 1
    outer loop
      vertex -8.19872 41.0849 2.4
      vertex -9 86.7 2.4
      vertex -8.2628 33.2592 2.4
    endloop
  endfacet
  facet normal 0 0 1
    outer loop
      vertex -4.37512 43.2576 2.4
      vertex -9 86.7 2.4
      vertex -8.19872 41.0849 2.4
    endloop
  endfacet
  facet normal 0 0 1
    outer loop
      vertex -3.89906 28.5922 2.4
      vertex -3.83804 33.2409 2.4
      vertex -3.84502 33.0806 2.4
    endloop
  endfacet
  facet normal 0 0 1
    outer loop
      vertex -3.89906 31.2867 2.4
      vertex -3.84502 33.0806 2.4
      vertex -3.86592 32.9295 2.4
    endloop
  endfacet
  facet normal 0 0 1
    outer loop
      vertex -3.84502 33.0806 2.4
      vertex -3.89906 31.2867 2.4
      vertex -3.89906 28.5922 2.4
    endloop
  endfacet
  facet normal 0 0 1
    outer loop
      vertex -3.83804 33.2409 2.4
      vertex -3.89906 28.5922 2.4
      vertex -3 -15.2 2.4
    endloop
  endfacet
  facet normal -0 0 1
    outer loop
      vertex -4.36595 28.5922 2.4
      vertex -3 -15.2 2.4
      vertex -3.89906 28.5922 2.4
    endloop
  endfacet
  facet normal 0 0 1
    outer loop
      vertex -9 -15.2 2.4
      vertex -4.36595 28.5922 2.4
      vertex -6.98116 28.7173 2.4
    endloop
  endfacet
  facet normal 0 0 1
    outer loop
      vertex -9 -15.2 2.4
      vertex -6.98116 28.7173 2.4
      vertex -7.49991 28.7173 2.4
    endloop
  endfacet
  facet normal 0 0 1
    outer loop
      vertex -9 -15.2 2.4
      vertex -7.49991 28.7173 2.4
      vertex -8.19872 29.7335 2.4
    endloop
  endfacet
  facet normal 0 0 1
    outer loop
      vertex -8.25598 33.0908 2.4
      vertex -8.19872 30.2401 2.4
      vertex -8.23552 32.9327 2.4
    endloop
  endfacet
  facet normal 0 0 1
    outer loop
      vertex -8.19872 30.2401 2.4
      vertex -8.25598 33.0908 2.4
      vertex -8.19872 29.7335 2.4
    endloop
  endfacet
  facet normal 0 0 1
    outer loop
      vertex -8.2628 33.2592 2.4
      vertex -8.19872 29.7335 2.4
      vertex -8.25598 33.0908 2.4
    endloop
  endfacet
  facet normal 0 0 1
    outer loop
      vertex -4.36595 28.5922 2.4
      vertex -9 -15.2 2.4
      vertex -3 -15.2 2.4
    endloop
  endfacet
  facet normal 0 0 1
    outer loop
      vertex -8.2628 33.2592 2.4
      vertex -9 -15.2 2.4
      vertex -8.19872 29.7335 2.4
    endloop
  endfacet
  facet normal 0 0 1
    outer loop
      vertex -9 -15.2 2.4
      vertex -8.2628 33.2592 2.4
      vertex -9 86.7 2.4
    endloop
  endfacet
  facet normal -0 0 1
    outer loop
      vertex -3.89906 39.1559 2.4
      vertex -3.83804 33.2409 2.4
      vertex -3.89906 39.6991 2.4
    endloop
  endfacet
  facet normal -0 0 1
    outer loop
      vertex -3.89906 37.7919 2.4
      vertex -3.83804 33.2409 2.4
      vertex -3.89906 39.1559 2.4
    endloop
  endfacet
  facet normal -0 0 1
    outer loop
      vertex -3.89906 37.2487 2.4
      vertex -3.83804 33.2409 2.4
      vertex -3.89906 37.7919 2.4
    endloop
  endfacet
  facet normal 0 0 1
    outer loop
      vertex -3.83804 33.2409 2.4
      vertex -3.89906 37.2487 2.4
      vertex -3.84506 33.4012 2.4
    endloop
  endfacet
  facet normal -0 0 1
    outer loop
      vertex -3.89906 35.8846 2.4
      vertex -3.84506 33.4012 2.4
      vertex -3.89906 37.2487 2.4
    endloop
  endfacet
  facet normal -0 0 1
    outer loop
      vertex -3.89906 35.3384 2.4
      vertex -3.84506 33.4012 2.4
      vertex -3.89906 35.8846 2.4
    endloop
  endfacet
  facet normal 0 0 1
    outer loop
      vertex -3.84506 33.4012 2.4
      vertex -3.89906 35.3384 2.4
      vertex -3.86607 33.5526 2.4
    endloop
  endfacet
  facet normal 0 0 1
    outer loop
      vertex -3.89906 35.3384 2.4
      vertex -3.90111 33.695 2.4
      vertex -3.86607 33.5526 2.4
    endloop
  endfacet
  facet normal 0 0 1
    outer loop
      vertex -3.89906 35.3384 2.4
      vertex -3.95016 33.8286 2.4
      vertex -3.90111 33.695 2.4
    endloop
  endfacet
  facet normal 0 0 1
    outer loop
      vertex -3.89906 35.3384 2.4
      vertex -4.01323 33.9532 2.4
      vertex -3.95016 33.8286 2.4
    endloop
  endfacet
  facet normal 0 0 1
    outer loop
      vertex -3.89906 35.3384 2.4
      vertex -4.09032 34.0688 2.4
      vertex -4.01323 33.9532 2.4
    endloop
  endfacet
  facet normal 0 0 1
    outer loop
      vertex -3.89906 35.3384 2.4
      vertex -4.1814 34.1756 2.4
      vertex -4.09032 34.0688 2.4
    endloop
  endfacet
  facet normal 0 0 1
    outer loop
      vertex -3.89906 35.3384 2.4
      vertex -4.28651 34.2734 2.4
      vertex -4.1814 34.1756 2.4
    endloop
  endfacet
  facet normal 0 0 1
    outer loop
      vertex -3.89906 35.3384 2.4
      vertex -4.40564 34.3623 2.4
      vertex -4.28651 34.2734 2.4
    endloop
  endfacet
  facet normal 0 0 1
    outer loop
      vertex -3.89906 35.3384 2.4
      vertex -4.53806 34.442 2.4
      vertex -4.40564 34.3623 2.4
    endloop
  endfacet
  facet normal 0 0 1
    outer loop
      vertex -3.89906 35.3384 2.4
      vertex -4.68306 34.5124 2.4
      vertex -4.53806 34.442 2.4
    endloop
  endfacet
  facet normal 0 0 1
    outer loop
      vertex -3.89906 35.3384 2.4
      vertex -4.84065 34.5733 2.4
      vertex -4.68306 34.5124 2.4
    endloop
  endfacet
  facet normal 0 0 1
    outer loop
      vertex -3.89906 35.3384 2.4
      vertex -5.01082 34.6249 2.4
      vertex -4.84065 34.5733 2.4
    endloop
  endfacet
  facet normal 0 0 1
    outer loop
      vertex -3.89906 35.3384 2.4
      vertex -5.19357 34.6672 2.4
      vertex -5.01082 34.6249 2.4
    endloop
  endfacet
  facet normal 0 0 1
    outer loop
      vertex -3.89906 35.3384 2.4
      vertex -5.38892 34.7 2.4
      vertex -5.19357 34.6672 2.4
    endloop
  endfacet
  facet normal -0 0 1
    outer loop
      vertex -6.49591 35.3384 2.4
      vertex -5.38892 34.7 2.4
      vertex -3.89906 35.3384 2.4
    endloop
  endfacet
  facet normal 0 0 1
    outer loop
      vertex -5.38892 34.7 2.4
      vertex -6.49591 35.3384 2.4
      vertex -5.59683 34.7234 2.4
    endloop
  endfacet
  facet normal 0 0 1
    outer loop
      vertex -5.59683 34.7234 2.4
      vertex -6.49591 35.3384 2.4
      vertex -5.81734 34.7375 2.4
    endloop
  endfacet
  facet normal 0 0 1
    outer loop
      vertex -5.81734 34.7375 2.4
      vertex -6.49591 35.3384 2.4
      vertex -6.05042 34.7422 2.4
    endloop
  endfacet
  facet normal 0 0 1
    outer loop
      vertex -6.05042 34.7422 2.4
      vertex -6.49591 35.3384 2.4
      vertex -6.28723 34.7377 2.4
    endloop
  endfacet
  facet normal 0 0 1
    outer loop
      vertex -6.49591 35.3384 2.4
      vertex -6.51079 34.7243 2.4
      vertex -6.28723 34.7377 2.4
    endloop
  endfacet
  facet normal -0 0 1
    outer loop
      vertex -6.61855 35.3382 2.4
      vertex -6.51079 34.7243 2.4
      vertex -6.49591 35.3384 2.4
    endloop
  endfacet
  facet normal 0 0 1
    outer loop
      vertex -6.61855 35.3382 2.4
      vertex -6.72108 34.702 2.4
      vertex -6.51079 34.7243 2.4
    endloop
  endfacet
  facet normal -0 0 1
    outer loop
      vertex -6.7301 35.3375 2.4
      vertex -6.72108 34.702 2.4
      vertex -6.61855 35.3382 2.4
    endloop
  endfacet
  facet normal -0 0 1
    outer loop
      vertex -6.83058 35.3364 2.4
      vertex -6.72108 34.702 2.4
      vertex -6.7301 35.3375 2.4
    endloop
  endfacet
  facet normal 0 0 1
    outer loop
      vertex -6.83058 35.3364 2.4
      vertex -6.91812 34.6708 2.4
      vertex -6.72108 34.702 2.4
    endloop
  endfacet
  facet normal -0 0 1
    outer loop
      vertex -6.91998 35.3348 2.4
      vertex -6.91812 34.6708 2.4
      vertex -6.83058 35.3364 2.4
    endloop
  endfacet
  facet normal -0 0 1
    outer loop
      vertex -6.99831 35.3328 2.4
      vertex -6.91812 34.6708 2.4
      vertex -6.91998 35.3348 2.4
    endloop
  endfacet
  facet normal -0 0 1
    outer loop
      vertex -7.06555 35.3303 2.4
      vertex -6.91812 34.6708 2.4
      vertex -6.99831 35.3328 2.4
    endloop
  endfacet
  facet normal -0 0 1
    outer loop
      vertex -7.12172 35.3273 2.4
      vertex -6.91812 34.6708 2.4
      vertex -7.06555 35.3303 2.4
    endloop
  endfacet
  facet normal 0 0 1
    outer loop
      vertex -6.91812 34.6708 2.4
      vertex -7.12172 35.3273 2.4
      vertex -7.10188 34.6306 2.4
    endloop
  endfacet
  facet normal -0 0 1
    outer loop
      vertex -7.16682 35.324 2.4
      vertex -7.10188 34.6306 2.4
      vertex -7.12172 35.3273 2.4
    endloop
  endfacet
  facet normal -0 0 1
    outer loop
      vertex -7.20084 35.3201 2.4
      vertex -7.10188 34.6306 2.4
      vertex -7.16682 35.324 2.4
    endloop
  endfacet
  facet normal 0 0 1
    outer loop
      vertex -7.2466 36.6282 2.4
      vertex -7.20084 35.8389 2.4
      vertex -7.23473 36.5637 2.4
    endloop
  endfacet
  facet normal 0 0 1
    outer loop
      vertex -7.25508 36.6952 2.4
      vertex -7.20084 35.8389 2.4
      vertex -7.2466 36.6282 2.4
    endloop
  endfacet
  facet normal 0 0 1
    outer loop
      vertex -7.2724 34.5815 2.4
      vertex -7.20084 35.8389 2.4
      vertex -7.25508 36.6952 2.4
    endloop
  endfacet
  facet normal 0 0 1
    outer loop
      vertex -7.2724 34.5815 2.4
      vertex -7.25508 36.6952 2.4
      vertex -7.26016 36.7647 2.4
    endloop
  endfacet
  facet normal 0 0 1
    outer loop
      vertex -7.20084 35.3201 2.4
      vertex -7.2724 34.5815 2.4
      vertex -7.10188 34.6306 2.4
    endloop
  endfacet
  facet normal 0 0 1
    outer loop
      vertex -7.20084 35.8389 2.4
      vertex -7.2724 34.5815 2.4
      vertex -7.20084 35.3201 2.4
    endloop
  endfacet
  facet normal 0 0 1
    outer loop
      vertex -7.2724 34.5815 2.4
      vertex -7.26016 36.7647 2.4
      vertex -7.26186 36.8367 2.4
    endloop
  endfacet
  facet normal 0 0 1
    outer loop
      vertex -4.71991 33.958 2.4
      vertex -4.28661 33.2469 2.4
      vertex -4.29196 33.3516 2.4
    endloop
  endfacet
  facet normal 0 0 1
    outer loop
      vertex -4.28661 33.2469 2.4
      vertex -4.71078 32.5344 2.4
      vertex -4.29184 33.1417 2.4
    endloop
  endfacet
  facet normal 0 0 1
    outer loop
      vertex -4.62897 33.9046 2.4
      vertex -4.29196 33.3516 2.4
      vertex -4.30801 33.4498 2.4
    endloop
  endfacet
  facet normal 0 0 1
    outer loop
      vertex -4.29184 33.1417 2.4
      vertex -4.62175 32.5875 2.4
      vertex -4.30756 33.043 2.4
    endloop
  endfacet
  facet normal 0 0 1
    outer loop
      vertex -4.54874 33.8448 2.4
      vertex -4.30801 33.4498 2.4
      vertex -4.33476 33.5416 2.4
    endloop
  endfacet
  facet normal 0 0 1
    outer loop
      vertex -4.30756 33.043 2.4
      vertex -4.62175 32.5875 2.4
      vertex -4.33374 32.9508 2.4
    endloop
  endfacet
  facet normal 0 0 1
    outer loop
      vertex -4.54874 33.8448 2.4
      vertex -4.33476 33.5416 2.4
      vertex -4.37221 33.627 2.4
    endloop
  endfacet
  facet normal 0 0 1
    outer loop
      vertex -4.33374 32.9508 2.4
      vertex -4.54321 32.6471 2.4
      vertex -4.37039 32.8651 2.4
    endloop
  endfacet
  facet normal 0 0 1
    outer loop
      vertex -4.47919 33.7786 2.4
      vertex -4.37221 33.627 2.4
      vertex -4.42035 33.706 2.4
    endloop
  endfacet
  facet normal 0 0 1
    outer loop
      vertex -4.37039 32.8651 2.4
      vertex -4.47513 32.7133 2.4
      vertex -4.41753 32.7859 2.4
    endloop
  endfacet
  facet normal 0 0 1
    outer loop
      vertex -4.54874 33.8448 2.4
      vertex -4.37221 33.627 2.4
      vertex -4.47919 33.7786 2.4
    endloop
  endfacet
  facet normal 0 0 1
    outer loop
      vertex -4.37039 32.8651 2.4
      vertex -4.54321 32.6471 2.4
      vertex -4.47513 32.7133 2.4
    endloop
  endfacet
  facet normal 0 0 1
    outer loop
      vertex -4.30801 33.4498 2.4
      vertex -4.54874 33.8448 2.4
      vertex -4.62897 33.9046 2.4
    endloop
  endfacet
  facet normal 0 0 1
    outer loop
      vertex -4.33374 32.9508 2.4
      vertex -4.62175 32.5875 2.4
      vertex -4.54321 32.6471 2.4
    endloop
  endfacet
  facet normal 0 0 1
    outer loop
      vertex -4.71991 33.958 2.4
      vertex -4.29196 33.3516 2.4
      vertex -4.62897 33.9046 2.4
    endloop
  endfacet
  facet normal 0 0 1
    outer loop
      vertex -4.29184 33.1417 2.4
      vertex -4.71078 32.5344 2.4
      vertex -4.62175 32.5875 2.4
    endloop
  endfacet
  facet normal 0 0 1
    outer loop
      vertex -4.28661 33.2469 2.4
      vertex -4.71991 33.958 2.4
      vertex -4.71078 32.5344 2.4
    endloop
  endfacet
  facet normal 0 0 1
    outer loop
      vertex -4.71991 33.958 2.4
      vertex -4.81111 32.4874 2.4
      vertex -4.71078 32.5344 2.4
    endloop
  endfacet
  facet normal 0 0 1
    outer loop
      vertex -4.82195 34.0054 2.4
      vertex -4.81111 32.4874 2.4
      vertex -4.71991 33.958 2.4
    endloop
  endfacet
  facet normal 0 0 1
    outer loop
      vertex -4.82195 34.0054 2.4
      vertex -4.92357 32.4458 2.4
      vertex -4.81111 32.4874 2.4
    endloop
  endfacet
  facet normal 0 0 1
    outer loop
      vertex -4.93542 34.0472 2.4
      vertex -4.92357 32.4458 2.4
      vertex -4.82195 34.0054 2.4
    endloop
  endfacet
  facet normal 0 0 1
    outer loop
      vertex -4.93542 34.0472 2.4
      vertex -5.04816 32.4098 2.4
      vertex -4.92357 32.4458 2.4
    endloop
  endfacet
  facet normal 0 0 1
    outer loop
      vertex -5.06035 34.0835 2.4
      vertex -5.04816 32.4098 2.4
      vertex -4.93542 34.0472 2.4
    endloop
  endfacet
  facet normal 0 0 1
    outer loop
      vertex -5.06035 34.0835 2.4
      vertex -5.18488 32.3794 2.4
      vertex -5.04816 32.4098 2.4
    endloop
  endfacet
  facet normal 0 0 1
    outer loop
      vertex -5.19673 34.1141 2.4
      vertex -5.18488 32.3794 2.4
      vertex -5.06035 34.0835 2.4
    endloop
  endfacet
  facet normal 0 0 1
    outer loop
      vertex -5.19673 34.1141 2.4
      vertex -5.33372 32.3544 2.4
      vertex -5.18488 32.3794 2.4
    endloop
  endfacet
  facet normal 0 0 1
    outer loop
      vertex -5.34457 34.1392 2.4
      vertex -5.33372 32.3544 2.4
      vertex -5.19673 34.1141 2.4
    endloop
  endfacet
  facet normal 0 0 1
    outer loop
      vertex -5.34457 34.1392 2.4
      vertex -5.49471 32.3351 2.4
      vertex -5.33372 32.3544 2.4
    endloop
  endfacet
  facet normal 0 0 1
    outer loop
      vertex -5.50386 34.1587 2.4
      vertex -5.49471 32.3351 2.4
      vertex -5.34457 34.1392 2.4
    endloop
  endfacet
  facet normal 0 0 1
    outer loop
      vertex -5.50386 34.1587 2.4
      vertex -5.66782 32.3212 2.4
      vertex -5.49471 32.3351 2.4
    endloop
  endfacet
  facet normal 0 0 1
    outer loop
      vertex -5.67459 34.1727 2.4
      vertex -5.66782 32.3212 2.4
      vertex -5.50386 34.1587 2.4
    endloop
  endfacet
  facet normal 0 0 1
    outer loop
      vertex -5.67459 34.1727 2.4
      vertex -5.85306 32.3129 2.4
      vertex -5.66782 32.3212 2.4
    endloop
  endfacet
  facet normal 0 0 1
    outer loop
      vertex -5.85678 34.181 2.4
      vertex -5.85306 32.3129 2.4
      vertex -5.67459 34.1727 2.4
    endloop
  endfacet
  facet normal 0 0 1
    outer loop
      vertex -6.05042 34.1838 2.4
      vertex -5.85306 32.3129 2.4
      vertex -5.85678 34.181 2.4
    endloop
  endfacet
  facet normal 0 0 1
    outer loop
      vertex -6.05042 34.1838 2.4
      vertex -6.05042 32.3101 2.4
      vertex -5.85306 32.3129 2.4
    endloop
  endfacet
  facet normal -0 0 1
    outer loop
      vertex -6.25092 34.1812 2.4
      vertex -6.05042 32.3101 2.4
      vertex -6.05042 34.1838 2.4
    endloop
  endfacet
  facet normal 0 0 1
    outer loop
      vertex -6.25092 34.1812 2.4
      vertex -6.2534 32.3129 2.4
      vertex -6.05042 32.3101 2.4
    endloop
  endfacet
  facet normal -0 0 1
    outer loop
      vertex -6.43875 34.1732 2.4
      vertex -6.2534 32.3129 2.4
      vertex -6.25092 34.1812 2.4
    endloop
  endfacet
  facet normal 0 0 1
    outer loop
      vertex -6.43875 34.1732 2.4
      vertex -6.44327 32.3211 2.4
      vertex -6.2534 32.3129 2.4
    endloop
  endfacet
  facet normal -0 0 1
    outer loop
      vertex -6.61394 34.1599 2.4
      vertex -6.44327 32.3211 2.4
      vertex -6.43875 34.1732 2.4
    endloop
  endfacet
  facet normal 0 0 1
    outer loop
      vertex -6.61394 34.1599 2.4
      vertex -6.62004 32.3347 2.4
      vertex -6.44327 32.3211 2.4
    endloop
  endfacet
  facet normal -0 0 1
    outer loop
      vertex -6.77646 34.1413 2.4
      vertex -6.62004 32.3347 2.4
      vertex -6.61394 34.1599 2.4
    endloop
  endfacet
  facet normal 0 0 1
    outer loop
      vertex -6.77646 34.1413 2.4
      vertex -6.78369 32.3538 2.4
      vertex -6.62004 32.3347 2.4
    endloop
  endfacet
  facet normal -0 0 1
    outer loop
      vertex -6.92633 34.1174 2.4
      vertex -6.78369 32.3538 2.4
      vertex -6.77646 34.1413 2.4
    endloop
  endfacet
  facet normal 0 0 1
    outer loop
      vertex -6.92633 34.1174 2.4
      vertex -6.93422 32.3784 2.4
      vertex -6.78369 32.3538 2.4
    endloop
  endfacet
  facet normal -0 0 1
    outer loop
      vertex -7.06354 34.0882 2.4
      vertex -6.93422 32.3784 2.4
      vertex -6.92633 34.1174 2.4
    endloop
  endfacet
  facet normal 0 0 1
    outer loop
      vertex -7.06354 34.0882 2.4
      vertex -7.07166 32.4085 2.4
      vertex -6.93422 32.3784 2.4
    endloop
  endfacet
  facet normal -0 0 1
    outer loop
      vertex -7.18808 34.0536 2.4
      vertex -7.07166 32.4085 2.4
      vertex -7.06354 34.0882 2.4
    endloop
  endfacet
  facet normal 0 0 1
    outer loop
      vertex -7.18808 34.0536 2.4
      vertex -7.19597 32.444 2.4
      vertex -7.07166 32.4085 2.4
    endloop
  endfacet
  facet normal -0 0 1
    outer loop
      vertex -7.29997 34.0138 2.4
      vertex -7.19597 32.444 2.4
      vertex -7.18808 34.0536 2.4
    endloop
  endfacet
  facet normal 0 0 1
    outer loop
      vertex -7.29997 34.0138 2.4
      vertex -7.30717 32.4849 2.4
      vertex -7.19597 32.444 2.4
    endloop
  endfacet
  facet normal 0 0 1
    outer loop
      vertex -7.81725 33.2592 2.4
      vertex -7.29997 34.0138 2.4
      vertex -7.3992 33.9687 2.4
    endloop
  endfacet
  facet normal 0 0 1
    outer loop
      vertex -7.29997 34.0138 2.4
      vertex -7.81725 33.2592 2.4
      vertex -7.30717 32.4849 2.4
    endloop
  endfacet
  facet normal 0 0 1
    outer loop
      vertex -7.81209 33.3656 2.4
      vertex -7.3992 33.9687 2.4
      vertex -7.48694 33.9174 2.4
    endloop
  endfacet
  facet normal -0 -0 1
    outer loop
      vertex -7.81216 33.1501 2.4
      vertex -7.30717 32.4849 2.4
      vertex -7.81725 33.2592 2.4
    endloop
  endfacet
  facet normal 0 0 1
    outer loop
      vertex -7.7966 33.4651 2.4
      vertex -7.48694 33.9174 2.4
      vertex -7.56436 33.8593 2.4
    endloop
  endfacet
  facet normal 0 0 1
    outer loop
      vertex -7.30717 32.4849 2.4
      vertex -7.81216 33.1501 2.4
      vertex -7.40527 32.5314 2.4
    endloop
  endfacet
  facet normal 0 0 1
    outer loop
      vertex -7.7966 33.4651 2.4
      vertex -7.56436 33.8593 2.4
      vertex -7.63145 33.7942 2.4
    endloop
  endfacet
  facet normal 0 0 1
    outer loop
      vertex -7.40527 32.5314 2.4
      vertex -7.81216 33.1501 2.4
      vertex -7.49174 32.584 2.4
    endloop
  endfacet
  facet normal 0 0 1
    outer loop
      vertex -7.7966 33.4651 2.4
      vertex -7.63145 33.7942 2.4
      vertex -7.68822 33.7223 2.4
    endloop
  endfacet
  facet normal -0 -0 1
    outer loop
      vertex -7.79691 33.0481 2.4
      vertex -7.49174 32.584 2.4
      vertex -7.81216 33.1501 2.4
    endloop
  endfacet
  facet normal 0 0 1
    outer loop
      vertex -7.7708 33.5577 2.4
      vertex -7.68822 33.7223 2.4
      vertex -7.73466 33.6434 2.4
    endloop
  endfacet
  facet normal 0 0 1
    outer loop
      vertex -7.49174 32.584 2.4
      vertex -7.79691 33.0481 2.4
      vertex -7.56802 32.6438 2.4
    endloop
  endfacet
  facet normal 0 0 1
    outer loop
      vertex -7.7966 33.4651 2.4
      vertex -7.68822 33.7223 2.4
      vertex -7.7708 33.5577 2.4
    endloop
  endfacet
  facet normal -0 -0 1
    outer loop
      vertex -7.77147 32.9532 2.4
      vertex -7.56802 32.6438 2.4
      vertex -7.79691 33.0481 2.4
    endloop
  endfacet
  facet normal 0 0 1
    outer loop
      vertex -7.48694 33.9174 2.4
      vertex -7.7966 33.4651 2.4
      vertex -7.81209 33.3656 2.4
    endloop
  endfacet
  facet normal 0 0 1
    outer loop
      vertex -7.3992 33.9687 2.4
      vertex -7.81209 33.3656 2.4
      vertex -7.81725 33.2592 2.4
    endloop
  endfacet
  facet normal 0 0 1
    outer loop
      vertex -7.56802 32.6438 2.4
      vertex -7.77147 32.9532 2.4
      vertex -7.63416 32.7106 2.4
    endloop
  endfacet
  facet normal 0 0 1
    outer loop
      vertex -7.63416 32.7106 2.4
      vertex -7.77147 32.9532 2.4
      vertex -7.69009 32.7844 2.4
    endloop
  endfacet
  facet normal 0 0 1
    outer loop
      vertex -7.69009 32.7844 2.4
      vertex -7.77147 32.9532 2.4
      vertex -7.73587 32.8653 2.4
    endloop
  endfacet
  facet normal -1 0 0
    outer loop
      vertex -9 -15.2 0
      vertex -9 86.7 2.4
      vertex -9 86.7 0
    endloop
  endfacet
  facet normal -1 -0 0
    outer loop
      vertex -9 86.7 2.4
      vertex -9 -15.2 0
      vertex -9 -15.2 2.4
    endloop
  endfacet
  facet normal 0 0 1
    outer loop
      vertex -4.37512 41.0849 1.8
      vertex -3.89906 43.2576 1.8
      vertex -4.37512 43.2576 1.8
    endloop
  endfacet
  facet normal 0 0 1
    outer loop
      vertex -3.89906 43.2576 1.8
      vertex -4.37512 41.0849 1.8
      vertex -3.89906 40.5021 1.8
    endloop
  endfacet
  facet normal 0 0 1
    outer loop
      vertex -8.19872 40.5021 1.8
      vertex -4.37512 41.0849 1.8
      vertex -8.19872 41.0849 1.8
    endloop
  endfacet
  facet normal 0 0 1
    outer loop
      vertex -4.37512 41.0849 1.8
      vertex -8.19872 40.5021 1.8
      vertex -3.89906 40.5021 1.8
    endloop
  endfacet
  facet normal 0 0 1
    outer loop
      vertex -3.84506 33.4012 1.8
      vertex -4.29196 33.3516 1.8
      vertex -4.28661 33.2469 1.8
    endloop
  endfacet
  facet normal 0 0 1
    outer loop
      vertex -4.1814 34.1756 1.8
      vertex -4.30801 33.4498 1.8
      vertex -4.29196 33.3516 1.8
    endloop
  endfacet
  facet normal 0 0 1
    outer loop
      vertex -4.1814 34.1756 1.8
      vertex -4.33476 33.5416 1.8
      vertex -4.30801 33.4498 1.8
    endloop
  endfacet
  facet normal 0 0 1
    outer loop
      vertex -4.1814 34.1756 1.8
      vertex -4.37221 33.627 1.8
      vertex -4.33476 33.5416 1.8
    endloop
  endfacet
  facet normal 0 0 1
    outer loop
      vertex -4.62897 33.9046 1.8
      vertex -4.28651 34.2734 1.8
      vertex -4.40564 34.3623 1.8
    endloop
  endfacet
  facet normal 0 0 1
    outer loop
      vertex -4.1814 34.1756 1.8
      vertex -4.42035 33.706 1.8
      vertex -4.37221 33.627 1.8
    endloop
  endfacet
  facet normal 0 0 1
    outer loop
      vertex -4.1814 34.1756 1.8
      vertex -4.47919 33.7786 1.8
      vertex -4.42035 33.706 1.8
    endloop
  endfacet
  facet normal 0 0 1
    outer loop
      vertex -4.71991 33.958 1.8
      vertex -4.40564 34.3623 1.8
      vertex -4.53806 34.442 1.8
    endloop
  endfacet
  facet normal 0 0 1
    outer loop
      vertex -4.1814 34.1756 1.8
      vertex -4.54874 33.8448 1.8
      vertex -4.47919 33.7786 1.8
    endloop
  endfacet
  facet normal 0 0 1
    outer loop
      vertex -4.28651 34.2734 1.8
      vertex -4.62897 33.9046 1.8
      vertex -4.54874 33.8448 1.8
    endloop
  endfacet
  facet normal 0 0 1
    outer loop
      vertex -4.82195 34.0054 1.8
      vertex -4.53806 34.442 1.8
      vertex -4.68306 34.5124 1.8
    endloop
  endfacet
  facet normal 0 0 1
    outer loop
      vertex -4.40564 34.3623 1.8
      vertex -4.71991 33.958 1.8
      vertex -4.62897 33.9046 1.8
    endloop
  endfacet
  facet normal 0 0 1
    outer loop
      vertex -4.53806 34.442 1.8
      vertex -4.82195 34.0054 1.8
      vertex -4.71991 33.958 1.8
    endloop
  endfacet
  facet normal 0 0 1
    outer loop
      vertex -4.93542 34.0472 1.8
      vertex -4.68306 34.5124 1.8
      vertex -4.84065 34.5733 1.8
    endloop
  endfacet
  facet normal 0 0 1
    outer loop
      vertex -4.68306 34.5124 1.8
      vertex -4.93542 34.0472 1.8
      vertex -4.82195 34.0054 1.8
    endloop
  endfacet
  facet normal 0 0 1
    outer loop
      vertex -5.06035 34.0835 1.8
      vertex -4.84065 34.5733 1.8
      vertex -5.01082 34.6249 1.8
    endloop
  endfacet
  facet normal 0 0 1
    outer loop
      vertex -4.84065 34.5733 1.8
      vertex -5.06035 34.0835 1.8
      vertex -4.93542 34.0472 1.8
    endloop
  endfacet
  facet normal 0 0 1
    outer loop
      vertex -5.19673 34.1141 1.8
      vertex -5.01082 34.6249 1.8
      vertex -5.19357 34.6672 1.8
    endloop
  endfacet
  facet normal 0 0 1
    outer loop
      vertex -5.01082 34.6249 1.8
      vertex -5.19673 34.1141 1.8
      vertex -5.06035 34.0835 1.8
    endloop
  endfacet
  facet normal 0 0 1
    outer loop
      vertex -5.19357 34.6672 1.8
      vertex -5.34457 34.1392 1.8
      vertex -5.19673 34.1141 1.8
    endloop
  endfacet
  facet normal 0 0 1
    outer loop
      vertex -5.38892 34.7 1.8
      vertex -5.34457 34.1392 1.8
      vertex -5.19357 34.6672 1.8
    endloop
  endfacet
  facet normal 0 0 1
    outer loop
      vertex -5.38892 34.7 1.8
      vertex -5.50386 34.1587 1.8
      vertex -5.34457 34.1392 1.8
    endloop
  endfacet
  facet normal 0 0 1
    outer loop
      vertex -5.59683 34.7234 1.8
      vertex -5.50386 34.1587 1.8
      vertex -5.38892 34.7 1.8
    endloop
  endfacet
  facet normal 0 0 1
    outer loop
      vertex -5.59683 34.7234 1.8
      vertex -5.67459 34.1727 1.8
      vertex -5.50386 34.1587 1.8
    endloop
  endfacet
  facet normal 0 0 1
    outer loop
      vertex -5.81734 34.7375 1.8
      vertex -5.67459 34.1727 1.8
      vertex -5.59683 34.7234 1.8
    endloop
  endfacet
  facet normal 0 0 1
    outer loop
      vertex -5.81734 34.7375 1.8
      vertex -5.85678 34.181 1.8
      vertex -5.67459 34.1727 1.8
    endloop
  endfacet
  facet normal 0 0 1
    outer loop
      vertex -6.05042 34.7422 1.8
      vertex -5.85678 34.181 1.8
      vertex -5.81734 34.7375 1.8
    endloop
  endfacet
  facet normal 0 0 1
    outer loop
      vertex -6.05042 34.7422 1.8
      vertex -6.05042 34.1838 1.8
      vertex -5.85678 34.181 1.8
    endloop
  endfacet
  facet normal 0 0 1
    outer loop
      vertex -6.05042 34.7422 1.8
      vertex -6.25092 34.1812 1.8
      vertex -6.05042 34.1838 1.8
    endloop
  endfacet
  facet normal -0 0 1
    outer loop
      vertex -6.28723 34.7377 1.8
      vertex -6.25092 34.1812 1.8
      vertex -6.05042 34.7422 1.8
    endloop
  endfacet
  facet normal 0 0 1
    outer loop
      vertex -6.28723 34.7377 1.8
      vertex -6.43875 34.1732 1.8
      vertex -6.25092 34.1812 1.8
    endloop
  endfacet
  facet normal -0 0 1
    outer loop
      vertex -6.51079 34.7243 1.8
      vertex -6.43875 34.1732 1.8
      vertex -6.28723 34.7377 1.8
    endloop
  endfacet
  facet normal 0 0 1
    outer loop
      vertex -6.51079 34.7243 1.8
      vertex -6.61394 34.1599 1.8
      vertex -6.43875 34.1732 1.8
    endloop
  endfacet
  facet normal -0 0 1
    outer loop
      vertex -6.72108 34.702 1.8
      vertex -6.61394 34.1599 1.8
      vertex -6.51079 34.7243 1.8
    endloop
  endfacet
  facet normal 0 0 1
    outer loop
      vertex -6.72108 34.702 1.8
      vertex -6.77646 34.1413 1.8
      vertex -6.61394 34.1599 1.8
    endloop
  endfacet
  facet normal -0 0 1
    outer loop
      vertex -6.91812 34.6708 1.8
      vertex -6.77646 34.1413 1.8
      vertex -6.72108 34.702 1.8
    endloop
  endfacet
  facet normal 0 0 1
    outer loop
      vertex -6.91812 34.6708 1.8
      vertex -6.92633 34.1174 1.8
      vertex -6.77646 34.1413 1.8
    endloop
  endfacet
  facet normal -0 0 1
    outer loop
      vertex -7.10188 34.6306 1.8
      vertex -6.92633 34.1174 1.8
      vertex -6.91812 34.6708 1.8
    endloop
  endfacet
  facet normal 0 0 1
    outer loop
      vertex -6.92633 34.1174 1.8
      vertex -7.10188 34.6306 1.8
      vertex -7.06354 34.0882 1.8
    endloop
  endfacet
  facet normal -0 0 1
    outer loop
      vertex -7.2724 34.5815 1.8
      vertex -7.06354 34.0882 1.8
      vertex -7.10188 34.6306 1.8
    endloop
  endfacet
  facet normal 0 0 1
    outer loop
      vertex -7.06354 34.0882 1.8
      vertex -7.2724 34.5815 1.8
      vertex -7.18808 34.0536 1.8
    endloop
  endfacet
  facet normal -0 0 1
    outer loop
      vertex -7.42964 34.5235 1.8
      vertex -7.18808 34.0536 1.8
      vertex -7.2724 34.5815 1.8
    endloop
  endfacet
  facet normal 0 0 1
    outer loop
      vertex -7.18808 34.0536 1.8
      vertex -7.42964 34.5235 1.8
      vertex -7.29997 34.0138 1.8
    endloop
  endfacet
  facet normal -0 0 1
    outer loop
      vertex -7.57362 34.4565 1.8
      vertex -7.29997 34.0138 1.8
      vertex -7.42964 34.5235 1.8
    endloop
  endfacet
  facet normal 0 0 1
    outer loop
      vertex -7.29997 34.0138 1.8
      vertex -7.57362 34.4565 1.8
      vertex -7.3992 33.9687 1.8
    endloop
  endfacet
  facet normal -0 0 1
    outer loop
      vertex -7.70435 34.3806 1.8
      vertex -7.3992 33.9687 1.8
      vertex -7.57362 34.4565 1.8
    endloop
  endfacet
  facet normal 0 0 1
    outer loop
      vertex -7.3992 33.9687 1.8
      vertex -7.70435 34.3806 1.8
      vertex -7.48694 33.9174 1.8
    endloop
  endfacet
  facet normal -0 0 1
    outer loop
      vertex -7.82155 34.2953 1.8
      vertex -7.48694 33.9174 1.8
      vertex -7.70435 34.3806 1.8
    endloop
  endfacet
  facet normal 0 0 1
    outer loop
      vertex -7.48694 33.9174 1.8
      vertex -7.82155 34.2953 1.8
      vertex -7.56436 33.8593 1.8
    endloop
  endfacet
  facet normal -0 0 1
    outer loop
      vertex -7.92497 34.2002 1.8
      vertex -7.56436 33.8593 1.8
      vertex -7.82155 34.2953 1.8
    endloop
  endfacet
  facet normal 0 0 1
    outer loop
      vertex -7.56436 33.8593 1.8
      vertex -7.92497 34.2002 1.8
      vertex -7.63145 33.7942 1.8
    endloop
  endfacet
  facet normal -0 0 1
    outer loop
      vertex -8.01459 34.0953 1.8
      vertex -7.63145 33.7942 1.8
      vertex -7.92497 34.2002 1.8
    endloop
  endfacet
  facet normal 0 0 1
    outer loop
      vertex -7.63145 33.7942 1.8
      vertex -8.01459 34.0953 1.8
      vertex -7.68822 33.7223 1.8
    endloop
  endfacet
  facet normal -0 0 1
    outer loop
      vertex -8.09044 33.9805 1.8
      vertex -7.68822 33.7223 1.8
      vertex -8.01459 34.0953 1.8
    endloop
  endfacet
  facet normal 0 0 1
    outer loop
      vertex -7.68822 33.7223 1.8
      vertex -8.15248 33.8559 1.8
      vertex -7.73466 33.6434 1.8
    endloop
  endfacet
  facet normal -0 0 1
    outer loop
      vertex -8.15248 33.8559 1.8
      vertex -7.68822 33.7223 1.8
      vertex -8.09044 33.9805 1.8
    endloop
  endfacet
  facet normal -0 0 1
    outer loop
      vertex -4.28661 33.2469 1.8
      vertex -3.83804 33.2409 1.8
      vertex -3.84506 33.4012 1.8
    endloop
  endfacet
  facet normal 0 0 1
    outer loop
      vertex -4.29184 33.1417 1.8
      vertex -3.83804 33.2409 1.8
      vertex -4.28661 33.2469 1.8
    endloop
  endfacet
  facet normal 0 0 1
    outer loop
      vertex -4.29196 33.3516 1.8
      vertex -3.84506 33.4012 1.8
      vertex -3.86607 33.5526 1.8
    endloop
  endfacet
  facet normal 0 0 1
    outer loop
      vertex -3.83804 33.2409 1.8
      vertex -4.29184 33.1417 1.8
      vertex -3.84502 33.0806 1.8
    endloop
  endfacet
  facet normal 0 0 1
    outer loop
      vertex -4.29196 33.3516 1.8
      vertex -3.86607 33.5526 1.8
      vertex -3.90111 33.695 1.8
    endloop
  endfacet
  facet normal 0 0 1
    outer loop
      vertex -4.30756 33.043 1.8
      vertex -3.84502 33.0806 1.8
      vertex -4.29184 33.1417 1.8
    endloop
  endfacet
  facet normal 0 0 1
    outer loop
      vertex -4.29196 33.3516 1.8
      vertex -3.90111 33.695 1.8
      vertex -3.95016 33.8286 1.8
    endloop
  endfacet
  facet normal 0 0 1
    outer loop
      vertex -3.84502 33.0806 1.8
      vertex -4.30756 33.043 1.8
      vertex -3.86592 32.9295 1.8
    endloop
  endfacet
  facet normal 0 0 1
    outer loop
      vertex -4.29196 33.3516 1.8
      vertex -3.95016 33.8286 1.8
      vertex -4.01323 33.9532 1.8
    endloop
  endfacet
  facet normal -0 0 1
    outer loop
      vertex -4.33374 32.9508 1.8
      vertex -3.86592 32.9295 1.8
      vertex -4.30756 33.043 1.8
    endloop
  endfacet
  facet normal 0 0 1
    outer loop
      vertex -4.29196 33.3516 1.8
      vertex -4.01323 33.9532 1.8
      vertex -4.09032 34.0688 1.8
    endloop
  endfacet
  facet normal 0 0 1
    outer loop
      vertex -3.86592 32.9295 1.8
      vertex -4.33374 32.9508 1.8
      vertex -3.90077 32.7875 1.8
    endloop
  endfacet
  facet normal 0 0 1
    outer loop
      vertex -4.29196 33.3516 1.8
      vertex -4.09032 34.0688 1.8
      vertex -4.1814 34.1756 1.8
    endloop
  endfacet
  facet normal -0 0 1
    outer loop
      vertex -4.37039 32.8651 1.8
      vertex -3.90077 32.7875 1.8
      vertex -4.33374 32.9508 1.8
    endloop
  endfacet
  facet normal 0 0 1
    outer loop
      vertex -4.54874 33.8448 1.8
      vertex -4.1814 34.1756 1.8
      vertex -4.28651 34.2734 1.8
    endloop
  endfacet
  facet normal 0 0 1
    outer loop
      vertex -3.90077 32.7875 1.8
      vertex -4.37039 32.8651 1.8
      vertex -3.94955 32.6547 1.8
    endloop
  endfacet
  facet normal -0 0 1
    outer loop
      vertex -4.41753 32.7859 1.8
      vertex -3.94955 32.6547 1.8
      vertex -4.37039 32.8651 1.8
    endloop
  endfacet
  facet normal 0 0 1
    outer loop
      vertex -3.94955 32.6547 1.8
      vertex -4.41753 32.7859 1.8
      vertex -4.01228 32.5309 1.8
    endloop
  endfacet
  facet normal 0 0 1
    outer loop
      vertex -4.01228 32.5309 1.8
      vertex -4.41753 32.7859 1.8
      vertex -4.08894 32.4163 1.8
    endloop
  endfacet
  facet normal -0 0 1
    outer loop
      vertex -4.47513 32.7133 1.8
      vertex -4.08894 32.4163 1.8
      vertex -4.41753 32.7859 1.8
    endloop
  endfacet
  facet normal 0 0 1
    outer loop
      vertex -4.08894 32.4163 1.8
      vertex -4.47513 32.7133 1.8
      vertex -4.17955 32.3107 1.8
    endloop
  endfacet
  facet normal -0 0 1
    outer loop
      vertex -4.54321 32.6471 1.8
      vertex -4.17955 32.3107 1.8
      vertex -4.47513 32.7133 1.8
    endloop
  endfacet
  facet normal 0 0 1
    outer loop
      vertex -4.17955 32.3107 1.8
      vertex -4.54321 32.6471 1.8
      vertex -4.28409 32.2143 1.8
    endloop
  endfacet
  facet normal -0 0 1
    outer loop
      vertex -4.62175 32.5875 1.8
      vertex -4.28409 32.2143 1.8
      vertex -4.54321 32.6471 1.8
    endloop
  endfacet
  facet normal 0 0 1
    outer loop
      vertex -4.28409 32.2143 1.8
      vertex -4.62175 32.5875 1.8
      vertex -4.40257 32.127 1.8
    endloop
  endfacet
  facet normal -0 0 1
    outer loop
      vertex -4.71078 32.5344 1.8
      vertex -4.40257 32.127 1.8
      vertex -4.62175 32.5875 1.8
    endloop
  endfacet
  facet normal 0 0 1
    outer loop
      vertex -4.40257 32.127 1.8
      vertex -4.71078 32.5344 1.8
      vertex -4.53442 32.0489 1.8
    endloop
  endfacet
  facet normal -0 0 1
    outer loop
      vertex -4.81111 32.4874 1.8
      vertex -4.53442 32.0489 1.8
      vertex -4.71078 32.5344 1.8
    endloop
  endfacet
  facet normal 0 0 1
    outer loop
      vertex -4.53442 32.0489 1.8
      vertex -4.81111 32.4874 1.8
      vertex -4.67909 31.98 1.8
    endloop
  endfacet
  facet normal -0 0 1
    outer loop
      vertex -4.92357 32.4458 1.8
      vertex -4.67909 31.98 1.8
      vertex -4.81111 32.4874 1.8
    endloop
  endfacet
  facet normal 0 0 1
    outer loop
      vertex -4.67909 31.98 1.8
      vertex -4.92357 32.4458 1.8
      vertex -4.83656 31.9202 1.8
    endloop
  endfacet
  facet normal -0 0 1
    outer loop
      vertex -5.04816 32.4098 1.8
      vertex -4.83656 31.9202 1.8
      vertex -4.92357 32.4458 1.8
    endloop
  endfacet
  facet normal 0 0 1
    outer loop
      vertex -4.83656 31.9202 1.8
      vertex -5.04816 32.4098 1.8
      vertex -5.00685 31.8697 1.8
    endloop
  endfacet
  facet normal -0 0 1
    outer loop
      vertex -5.18488 32.3794 1.8
      vertex -5.00685 31.8697 1.8
      vertex -5.04816 32.4098 1.8
    endloop
  endfacet
  facet normal 0 0 1
    outer loop
      vertex -5.18488 32.3794 1.8
      vertex -5.18996 31.8283 1.8
      vertex -5.00685 31.8697 1.8
    endloop
  endfacet
  facet normal -0 0 1
    outer loop
      vertex -5.33372 32.3544 1.8
      vertex -5.18996 31.8283 1.8
      vertex -5.18488 32.3794 1.8
    endloop
  endfacet
  facet normal 0 0 1
    outer loop
      vertex -5.33372 32.3544 1.8
      vertex -5.38585 31.7961 1.8
      vertex -5.18996 31.8283 1.8
    endloop
  endfacet
  facet normal -0 0 1
    outer loop
      vertex -5.49471 32.3351 1.8
      vertex -5.38585 31.7961 1.8
      vertex -5.33372 32.3544 1.8
    endloop
  endfacet
  facet normal 0 0 1
    outer loop
      vertex -5.49471 32.3351 1.8
      vertex -5.59457 31.7731 1.8
      vertex -5.38585 31.7961 1.8
    endloop
  endfacet
  facet normal -0 0 1
    outer loop
      vertex -5.66782 32.3212 1.8
      vertex -5.59457 31.7731 1.8
      vertex -5.49471 32.3351 1.8
    endloop
  endfacet
  facet normal 0 0 1
    outer loop
      vertex -5.66782 32.3212 1.8
      vertex -5.8161 31.7594 1.8
      vertex -5.59457 31.7731 1.8
    endloop
  endfacet
  facet normal -0 0 1
    outer loop
      vertex -5.85306 32.3129 1.8
      vertex -5.8161 31.7594 1.8
      vertex -5.66782 32.3212 1.8
    endloop
  endfacet
  facet normal 0 0 1
    outer loop
      vertex -6.05042 31.7547 1.8
      vertex -5.85306 32.3129 1.8
      vertex -6.05042 32.3101 1.8
    endloop
  endfacet
  facet normal 0 0 1
    outer loop
      vertex -5.85306 32.3129 1.8
      vertex -6.05042 31.7547 1.8
      vertex -5.8161 31.7594 1.8
    endloop
  endfacet
  facet normal 0 0 1
    outer loop
      vertex -6.2534 32.3129 1.8
      vertex -6.05042 31.7547 1.8
      vertex -6.05042 32.3101 1.8
    endloop
  endfacet
  facet normal 0 0 1
    outer loop
      vertex -6.2534 32.3129 1.8
      vertex -6.28972 31.7592 1.8
      vertex -6.05042 31.7547 1.8
    endloop
  endfacet
  facet normal 0 0 1
    outer loop
      vertex -6.44327 32.3211 1.8
      vertex -6.28972 31.7592 1.8
      vertex -6.2534 32.3129 1.8
    endloop
  endfacet
  facet normal 0 0 1
    outer loop
      vertex -6.44327 32.3211 1.8
      vertex -6.5153 31.7726 1.8
      vertex -6.28972 31.7592 1.8
    endloop
  endfacet
  facet normal 0 0 1
    outer loop
      vertex -6.62004 32.3347 1.8
      vertex -6.5153 31.7726 1.8
      vertex -6.44327 32.3211 1.8
    endloop
  endfacet
  facet normal 0 0 1
    outer loop
      vertex -6.62004 32.3347 1.8
      vertex -6.72719 31.7949 1.8
      vertex -6.5153 31.7726 1.8
    endloop
  endfacet
  facet normal 0 0 1
    outer loop
      vertex -6.78369 32.3538 1.8
      vertex -6.72719 31.7949 1.8
      vertex -6.62004 32.3347 1.8
    endloop
  endfacet
  facet normal 0 0 1
    outer loop
      vertex -6.78369 32.3538 1.8
      vertex -6.92535 31.8262 1.8
      vertex -6.72719 31.7949 1.8
    endloop
  endfacet
  facet normal 0 0 1
    outer loop
      vertex -6.93422 32.3784 1.8
      vertex -6.92535 31.8262 1.8
      vertex -6.78369 32.3538 1.8
    endloop
  endfacet
  facet normal 0 0 1
    outer loop
      vertex -7.1098 31.8664 1.8
      vertex -6.93422 32.3784 1.8
      vertex -7.07166 32.4085 1.8
    endloop
  endfacet
  facet normal 0 0 1
    outer loop
      vertex -6.93422 32.3784 1.8
      vertex -7.1098 31.8664 1.8
      vertex -6.92535 31.8262 1.8
    endloop
  endfacet
  facet normal 0 0 1
    outer loop
      vertex -7.28053 31.9155 1.8
      vertex -7.07166 32.4085 1.8
      vertex -7.19597 32.444 1.8
    endloop
  endfacet
  facet normal 0 0 1
    outer loop
      vertex -7.07166 32.4085 1.8
      vertex -7.28053 31.9155 1.8
      vertex -7.1098 31.8664 1.8
    endloop
  endfacet
  facet normal 0 0 1
    outer loop
      vertex -7.43756 31.9735 1.8
      vertex -7.19597 32.444 1.8
      vertex -7.30717 32.4849 1.8
    endloop
  endfacet
  facet normal 0 0 1
    outer loop
      vertex -7.58087 32.0405 1.8
      vertex -7.30717 32.4849 1.8
      vertex -7.40527 32.5314 1.8
    endloop
  endfacet
  facet normal 0 0 1
    outer loop
      vertex -7.19597 32.444 1.8
      vertex -7.43756 31.9735 1.8
      vertex -7.28053 31.9155 1.8
    endloop
  endfacet
  facet normal 0 0 1
    outer loop
      vertex -7.71046 32.1164 1.8
      vertex -7.40527 32.5314 1.8
      vertex -7.49174 32.584 1.8
    endloop
  endfacet
  facet normal 0 0 1
    outer loop
      vertex -7.82639 32.2019 1.8
      vertex -7.49174 32.584 1.8
      vertex -7.56802 32.6438 1.8
    endloop
  endfacet
  facet normal 0 0 1
    outer loop
      vertex -7.30717 32.4849 1.8
      vertex -7.58087 32.0405 1.8
      vertex -7.43756 31.9735 1.8
    endloop
  endfacet
  facet normal 0 0 1
    outer loop
      vertex -7.92867 32.2978 1.8
      vertex -7.56802 32.6438 1.8
      vertex -7.63416 32.7106 1.8
    endloop
  endfacet
  facet normal 0 0 1
    outer loop
      vertex -8.09232 32.5207 1.8
      vertex -7.63416 32.7106 1.8
      vertex -7.69009 32.7844 1.8
    endloop
  endfacet
  facet normal 0 0 1
    outer loop
      vertex -7.40527 32.5314 1.8
      vertex -7.71046 32.1164 1.8
      vertex -7.58087 32.0405 1.8
    endloop
  endfacet
  facet normal 0 0 1
    outer loop
      vertex -8.15369 32.6477 1.8
      vertex -7.69009 32.7844 1.8
      vertex -7.73587 32.8653 1.8
    endloop
  endfacet
  facet normal 0 0 1
    outer loop
      vertex -8.20143 32.785 1.8
      vertex -7.73587 32.8653 1.8
      vertex -7.77147 32.9532 1.8
    endloop
  endfacet
  facet normal 0 0 1
    outer loop
      vertex -8.23552 32.9327 1.8
      vertex -7.77147 32.9532 1.8
      vertex -7.79691 33.0481 1.8
    endloop
  endfacet
  facet normal -0 0 1
    outer loop
      vertex -8.25598 33.0908 1.8
      vertex -7.79691 33.0481 1.8
      vertex -7.81216 33.1501 1.8
    endloop
  endfacet
  facet normal 0 0 1
    outer loop
      vertex -7.49174 32.584 1.8
      vertex -7.82639 32.2019 1.8
      vertex -7.71046 32.1164 1.8
    endloop
  endfacet
  facet normal -0 0 1
    outer loop
      vertex -8.2628 33.2592 1.8
      vertex -7.81216 33.1501 1.8
      vertex -7.81725 33.2592 1.8
    endloop
  endfacet
  facet normal -0 0 1
    outer loop
      vertex -8.20074 33.7215 1.8
      vertex -7.73466 33.6434 1.8
      vertex -8.15248 33.8559 1.8
    endloop
  endfacet
  facet normal 0 0 1
    outer loop
      vertex -7.73466 33.6434 1.8
      vertex -8.20074 33.7215 1.8
      vertex -7.7708 33.5577 1.8
    endloop
  endfacet
  facet normal 0 0 1
    outer loop
      vertex -7.81216 33.1501 1.8
      vertex -8.2628 33.2592 1.8
      vertex -8.25598 33.0908 1.8
    endloop
  endfacet
  facet normal -0 0 1
    outer loop
      vertex -8.23521 33.5772 1.8
      vertex -7.7708 33.5577 1.8
      vertex -8.20074 33.7215 1.8
    endloop
  endfacet
  facet normal 0 0 1
    outer loop
      vertex -7.79691 33.0481 1.8
      vertex -8.25598 33.0908 1.8
      vertex -8.23552 32.9327 1.8
    endloop
  endfacet
  facet normal 0 0 1
    outer loop
      vertex -7.7708 33.5577 1.8
      vertex -8.23521 33.5772 1.8
      vertex -7.7966 33.4651 1.8
    endloop
  endfacet
  facet normal 0 0 1
    outer loop
      vertex -7.77147 32.9532 1.8
      vertex -8.23552 32.9327 1.8
      vertex -8.20143 32.785 1.8
    endloop
  endfacet
  facet normal 0 0 1
    outer loop
      vertex -8.25591 33.4231 1.8
      vertex -7.7966 33.4651 1.8
      vertex -8.23521 33.5772 1.8
    endloop
  endfacet
  facet normal 0 0 1
    outer loop
      vertex -7.56802 32.6438 1.8
      vertex -7.92867 32.2978 1.8
      vertex -7.82639 32.2019 1.8
    endloop
  endfacet
  facet normal 0 0 1
    outer loop
      vertex -7.7966 33.4651 1.8
      vertex -8.25591 33.4231 1.8
      vertex -7.81209 33.3656 1.8
    endloop
  endfacet
  facet normal 0 0 1
    outer loop
      vertex -8.2628 33.2592 1.8
      vertex -7.81209 33.3656 1.8
      vertex -8.25591 33.4231 1.8
    endloop
  endfacet
  facet normal 0 0 1
    outer loop
      vertex -7.81209 33.3656 1.8
      vertex -8.2628 33.2592 1.8
      vertex -7.81725 33.2592 1.8
    endloop
  endfacet
  facet normal 0 0 1
    outer loop
      vertex -7.73587 32.8653 1.8
      vertex -8.20143 32.785 1.8
      vertex -8.15369 32.6477 1.8
    endloop
  endfacet
  facet normal 0 0 1
    outer loop
      vertex -7.63416 32.7106 1.8
      vertex -8.01732 32.4041 1.8
      vertex -7.92867 32.2978 1.8
    endloop
  endfacet
  facet normal 0 0 1
    outer loop
      vertex -7.69009 32.7844 1.8
      vertex -8.15369 32.6477 1.8
      vertex -8.09232 32.5207 1.8
    endloop
  endfacet
  facet normal 0 0 1
    outer loop
      vertex -7.63416 32.7106 1.8
      vertex -8.09232 32.5207 1.8
      vertex -8.01732 32.4041 1.8
    endloop
  endfacet
  facet normal 0 0 1
    outer loop
      vertex -4.36595 30.2401 1.8
      vertex -7.67383 29.6877 1.8
      vertex -4.36595 29.6877 1.8
    endloop
  endfacet
  facet normal 0 -0 1
    outer loop
      vertex -7.67383 29.6877 1.8
      vertex -4.36595 30.2401 1.8
      vertex -8.19872 30.2401 1.8
    endloop
  endfacet
  facet normal 0 0 1
    outer loop
      vertex -4.36595 30.2401 1.8
      vertex -3.89906 31.2867 1.8
      vertex -4.36595 31.2867 1.8
    endloop
  endfacet
  facet normal 0 0 1
    outer loop
      vertex -4.36595 29.6877 1.8
      vertex -3.89906 31.2867 1.8
      vertex -4.36595 30.2401 1.8
    endloop
  endfacet
  facet normal 0 0 1
    outer loop
      vertex -3.89906 31.2867 1.8
      vertex -4.36595 29.6877 1.8
      vertex -3.89906 28.5922 1.8
    endloop
  endfacet
  facet normal 0 0 1
    outer loop
      vertex -3.89906 28.5922 1.8
      vertex -4.36595 29.6877 1.8
      vertex -4.36595 28.5922 1.8
    endloop
  endfacet
  facet normal 0 0 1
    outer loop
      vertex -7.67383 29.6877 1.8
      vertex -7.49991 28.7173 1.8
      vertex -6.98116 28.7173 1.8
    endloop
  endfacet
  facet normal -0 0 1
    outer loop
      vertex -8.19872 29.7335 1.8
      vertex -7.67383 29.6877 1.8
      vertex -8.19872 30.2401 1.8
    endloop
  endfacet
  facet normal 0 0 1
    outer loop
      vertex -7.67383 29.6877 1.8
      vertex -8.19872 29.7335 1.8
      vertex -7.49991 28.7173 1.8
    endloop
  endfacet
  facet normal 0 0 1
    outer loop
      vertex -3.89906 39.6991 1.8
      vertex -5.99243 39.1559 1.8
      vertex -3.89906 39.1559 1.8
    endloop
  endfacet
  facet normal -0 0 1
    outer loop
      vertex -6.09924 39.6991 1.8
      vertex -5.99243 39.1559 1.8
      vertex -3.89906 39.6991 1.8
    endloop
  endfacet
  facet normal 0 0 1
    outer loop
      vertex -5.99243 39.1559 1.8
      vertex -6.09924 39.6991 1.8
      vertex -6.09523 39.1543 1.8
    endloop
  endfacet
  facet normal 0 0 1
    outer loop
      vertex -6.09924 39.6991 1.8
      vertex -6.19073 39.1494 1.8
      vertex -6.09523 39.1543 1.8
    endloop
  endfacet
  facet normal -0 0 1
    outer loop
      vertex -6.2326 39.6963 1.8
      vertex -6.19073 39.1494 1.8
      vertex -6.09924 39.6991 1.8
    endloop
  endfacet
  facet normal 0 0 1
    outer loop
      vertex -6.2326 39.6963 1.8
      vertex -6.27893 39.1413 1.8
      vertex -6.19073 39.1494 1.8
    endloop
  endfacet
  facet normal -0 0 1
    outer loop
      vertex -6.35738 39.6878 1.8
      vertex -6.27893 39.1413 1.8
      vertex -6.2326 39.6963 1.8
    endloop
  endfacet
  facet normal 0 0 1
    outer loop
      vertex -6.35738 39.6878 1.8
      vertex -6.3598 39.13 1.8
      vertex -6.27893 39.1413 1.8
    endloop
  endfacet
  facet normal -0 0 1
    outer loop
      vertex -6.47357 39.6738 1.8
      vertex -6.3598 39.13 1.8
      vertex -6.35738 39.6878 1.8
    endloop
  endfacet
  facet normal 0 0 1
    outer loop
      vertex -6.3598 39.13 1.8
      vertex -6.47357 39.6738 1.8
      vertex -6.43338 39.1154 1.8
    endloop
  endfacet
  facet normal -0 0 1
    outer loop
      vertex -6.58116 39.6542 1.8
      vertex -6.43338 39.1154 1.8
      vertex -6.47357 39.6738 1.8
    endloop
  endfacet
  facet normal 0 0 1
    outer loop
      vertex -6.43338 39.1154 1.8
      vertex -6.58116 39.6542 1.8
      vertex -6.49965 39.0976 1.8
    endloop
  endfacet
  facet normal -0 0 1
    outer loop
      vertex -6.68016 39.6289 1.8
      vertex -6.49965 39.0976 1.8
      vertex -6.58116 39.6542 1.8
    endloop
  endfacet
  facet normal 0 0 1
    outer loop
      vertex -6.49965 39.0976 1.8
      vertex -6.68016 39.6289 1.8
      vertex -6.55861 39.0765 1.8
    endloop
  endfacet
  facet normal -0 0 1
    outer loop
      vertex -6.77058 39.598 1.8
      vertex -6.55861 39.0765 1.8
      vertex -6.68016 39.6289 1.8
    endloop
  endfacet
  facet normal -0 0 1
    outer loop
      vertex -6.8524 39.5615 1.8
      vertex -6.55861 39.0765 1.8
      vertex -6.77058 39.598 1.8
    endloop
  endfacet
  facet normal 0 0 1
    outer loop
      vertex -6.55861 39.0765 1.8
      vertex -6.8524 39.5615 1.8
      vertex -6.61024 39.0522 1.8
    endloop
  endfacet
  facet normal -0 0 1
    outer loop
      vertex -6.92564 39.5194 1.8
      vertex -6.61024 39.0522 1.8
      vertex -6.8524 39.5615 1.8
    endloop
  endfacet
  facet normal 0 0 1
    outer loop
      vertex -6.61024 39.0522 1.8
      vertex -6.92564 39.5194 1.8
      vertex -6.65459 39.0247 1.8
    endloop
  endfacet
  facet normal -0 0 1
    outer loop
      vertex -6.99028 39.4717 1.8
      vertex -6.65459 39.0247 1.8
      vertex -6.92564 39.5194 1.8
    endloop
  endfacet
  facet normal -0 0 1
    outer loop
      vertex -7.04729 39.4178 1.8
      vertex -6.65459 39.0247 1.8
      vertex -6.99028 39.4717 1.8
    endloop
  endfacet
  facet normal 0 0 1
    outer loop
      vertex -6.65459 39.0247 1.8
      vertex -7.04729 39.4178 1.8
      vertex -6.69301 38.9929 1.8
    endloop
  endfacet
  facet normal -0 0 1
    outer loop
      vertex -7.09758 39.3572 1.8
      vertex -6.69301 38.9929 1.8
      vertex -7.04729 39.4178 1.8
    endloop
  endfacet
  facet normal -0 0 1
    outer loop
      vertex -7.14116 39.2898 1.8
      vertex -6.69301 38.9929 1.8
      vertex -7.09758 39.3572 1.8
    endloop
  endfacet
  facet normal 0 0 1
    outer loop
      vertex -6.69301 38.9929 1.8
      vertex -7.14116 39.2898 1.8
      vertex -6.72693 38.956 1.8
    endloop
  endfacet
  facet normal -0 0 1
    outer loop
      vertex -7.20822 39.1348 1.8
      vertex -6.72693 38.956 1.8
      vertex -7.17804 39.2157 1.8
    endloop
  endfacet
  facet normal -0 0 1
    outer loop
      vertex -7.17804 39.2157 1.8
      vertex -6.72693 38.956 1.8
      vertex -7.14116 39.2898 1.8
    endloop
  endfacet
  facet normal 0 0 1
    outer loop
      vertex -6.83737 37.8649 1.8
      vertex -6.62671 38.0381 1.8
      vertex -6.67615 38.0885 1.8
    endloop
  endfacet
  facet normal 0 0 1
    outer loop
      vertex -6.62671 38.0381 1.8
      vertex -6.70793 37.7819 1.8
      vertex -6.63632 37.743 1.8
    endloop
  endfacet
  facet normal 0 0 1
    outer loop
      vertex -6.89519 37.9091 1.8
      vertex -6.67615 38.0885 1.8
      vertex -6.71901 38.1428 1.8
    endloop
  endfacet
  facet normal 0 0 1
    outer loop
      vertex -6.99706 38.0027 1.8
      vertex -6.71901 38.1428 1.8
      vertex -6.75528 38.201 1.8
    endloop
  endfacet
  facet normal 0 0 1
    outer loop
      vertex -6.62671 38.0381 1.8
      vertex -6.77495 37.8225 1.8
      vertex -6.70793 37.7819 1.8
    endloop
  endfacet
  facet normal 0 0 1
    outer loop
      vertex -7.04109 38.0522 1.8
      vertex -6.75528 38.201 1.8
      vertex -6.78494 38.2633 1.8
    endloop
  endfacet
  facet normal 0 0 1
    outer loop
      vertex -7.11539 38.1565 1.8
      vertex -6.78494 38.2633 1.8
      vertex -6.80801 38.3294 1.8
    endloop
  endfacet
  facet normal 0 0 1
    outer loop
      vertex -7.17325 38.2694 1.8
      vertex -6.80801 38.3294 1.8
      vertex -6.82451 38.3996 1.8
    endloop
  endfacet
  facet normal 0 0 1
    outer loop
      vertex -7.19676 38.3296 1.8
      vertex -6.82451 38.3996 1.8
      vertex -6.8344 38.4736 1.8
    endloop
  endfacet
  facet normal 0 0 1
    outer loop
      vertex -6.62671 38.0381 1.8
      vertex -6.83737 37.8649 1.8
      vertex -6.77495 37.8225 1.8
    endloop
  endfacet
  facet normal 0 0 1
    outer loop
      vertex -7.23293 38.4576 1.8
      vertex -6.8344 38.4736 1.8
      vertex -6.83769 38.5517 1.8
    endloop
  endfacet
  facet normal 0 0 1
    outer loop
      vertex -6.72693 38.956 1.8
      vertex -7.20822 39.1348 1.8
      vertex -6.75632 38.9138 1.8
    endloop
  endfacet
  facet normal 0 0 1
    outer loop
      vertex -6.83543 38.625 1.8
      vertex -7.25462 38.5957 1.8
      vertex -6.83769 38.5517 1.8
    endloop
  endfacet
  facet normal -0 0 1
    outer loop
      vertex -7.23169 39.0472 1.8
      vertex -6.75632 38.9138 1.8
      vertex -7.20822 39.1348 1.8
    endloop
  endfacet
  facet normal 0 -0 1
    outer loop
      vertex -7.25462 38.5957 1.8
      vertex -6.83543 38.625 1.8
      vertex -7.26006 38.6686 1.8
    endloop
  endfacet
  facet normal 0 0 1
    outer loop
      vertex -6.75632 38.9138 1.8
      vertex -7.23169 39.0472 1.8
      vertex -6.78117 38.8665 1.8
    endloop
  endfacet
  facet normal 0 -0 1
    outer loop
      vertex -7.24559 38.5254 1.8
      vertex -6.83769 38.5517 1.8
      vertex -7.25462 38.5957 1.8
    endloop
  endfacet
  facet normal 0 -0 1
    outer loop
      vertex -7.23293 38.4576 1.8
      vertex -6.83769 38.5517 1.8
      vertex -7.24559 38.5254 1.8
    endloop
  endfacet
  facet normal -0 0 1
    outer loop
      vertex -7.24844 38.9529 1.8
      vertex -6.78117 38.8665 1.8
      vertex -7.23169 39.0472 1.8
    endloop
  endfacet
  facet normal 0 0 1
    outer loop
      vertex -6.67615 38.0885 1.8
      vertex -6.89519 37.9091 1.8
      vertex -6.83737 37.8649 1.8
    endloop
  endfacet
  facet normal 0 0 1
    outer loop
      vertex -6.78117 38.8665 1.8
      vertex -7.24844 38.9529 1.8
      vertex -6.80151 38.8139 1.8
    endloop
  endfacet
  facet normal 0 0 1
    outer loop
      vertex -6.71901 38.1428 1.8
      vertex -6.94843 37.955 1.8
      vertex -6.89519 37.9091 1.8
    endloop
  endfacet
  facet normal -0 0 1
    outer loop
      vertex -7.25851 38.8518 1.8
      vertex -6.80151 38.8139 1.8
      vertex -7.24844 38.9529 1.8
    endloop
  endfacet
  facet normal 0 0 1
    outer loop
      vertex -6.71901 38.1428 1.8
      vertex -6.99706 38.0027 1.8
      vertex -6.94843 37.955 1.8
    endloop
  endfacet
  facet normal 0 0 1
    outer loop
      vertex -6.78494 38.2633 1.8
      vertex -7.08054 38.1035 1.8
      vertex -7.04109 38.0522 1.8
    endloop
  endfacet
  facet normal 0 0 1
    outer loop
      vertex -6.80151 38.8139 1.8
      vertex -7.25851 38.8518 1.8
      vertex -6.81735 38.7561 1.8
    endloop
  endfacet
  facet normal 0 0 1
    outer loop
      vertex -6.78494 38.2633 1.8
      vertex -7.11539 38.1565 1.8
      vertex -7.08054 38.1035 1.8
    endloop
  endfacet
  facet normal 0 0 1
    outer loop
      vertex -7.26186 38.7439 1.8
      vertex -6.81735 38.7561 1.8
      vertex -7.25851 38.8518 1.8
    endloop
  endfacet
  facet normal 0 0 1
    outer loop
      vertex -6.82451 38.3996 1.8
      vertex -7.19676 38.3296 1.8
      vertex -7.17325 38.2694 1.8
    endloop
  endfacet
  facet normal 0 0 1
    outer loop
      vertex -6.81735 38.7561 1.8
      vertex -7.26186 38.7439 1.8
      vertex -6.82864 38.6932 1.8
    endloop
  endfacet
  facet normal 0 0 1
    outer loop
      vertex -6.8344 38.4736 1.8
      vertex -7.21664 38.3923 1.8
      vertex -7.19676 38.3296 1.8
    endloop
  endfacet
  facet normal 0 0 1
    outer loop
      vertex -6.8344 38.4736 1.8
      vertex -7.23293 38.4576 1.8
      vertex -7.21664 38.3923 1.8
    endloop
  endfacet
  facet normal 0 -0 1
    outer loop
      vertex -7.26006 38.6686 1.8
      vertex -6.82864 38.6932 1.8
      vertex -7.26186 38.7439 1.8
    endloop
  endfacet
  facet normal 0 0 1
    outer loop
      vertex -6.80801 38.3294 1.8
      vertex -7.17325 38.2694 1.8
      vertex -7.14613 38.2117 1.8
    endloop
  endfacet
  facet normal 0 0 1
    outer loop
      vertex -6.82864 38.6932 1.8
      vertex -7.26006 38.6686 1.8
      vertex -6.83543 38.625 1.8
    endloop
  endfacet
  facet normal 0 0 1
    outer loop
      vertex -6.80801 38.3294 1.8
      vertex -7.14613 38.2117 1.8
      vertex -7.11539 38.1565 1.8
    endloop
  endfacet
  facet normal 0 0 1
    outer loop
      vertex -6.75528 38.201 1.8
      vertex -7.04109 38.0522 1.8
      vertex -6.99706 38.0027 1.8
    endloop
  endfacet
  facet normal -0 0 1
    outer loop
      vertex -5.81238 37.7919 1.8
      vertex -3.89906 37.2487 1.8
      vertex -3.89906 37.7919 1.8
    endloop
  endfacet
  facet normal 0 0 1
    outer loop
      vertex -5.99243 37.2487 1.8
      vertex -5.81238 37.7919 1.8
      vertex -5.91879 37.7943 1.8
    endloop
  endfacet
  facet normal 0 0 1
    outer loop
      vertex -5.81238 37.7919 1.8
      vertex -5.99243 37.2487 1.8
      vertex -3.89906 37.2487 1.8
    endloop
  endfacet
  facet normal 0 0 1
    outer loop
      vertex -6.01965 37.8017 1.8
      vertex -5.99243 37.2487 1.8
      vertex -5.91879 37.7943 1.8
    endloop
  endfacet
  facet normal 0 0 1
    outer loop
      vertex -6.01965 37.8017 1.8
      vertex -6.09523 37.2471 1.8
      vertex -5.99243 37.2487 1.8
    endloop
  endfacet
  facet normal 0 0 1
    outer loop
      vertex -6.11497 37.8141 1.8
      vertex -6.09523 37.2471 1.8
      vertex -6.01965 37.8017 1.8
    endloop
  endfacet
  facet normal 0 0 1
    outer loop
      vertex -6.11497 37.8141 1.8
      vertex -6.19073 37.2422 1.8
      vertex -6.09523 37.2471 1.8
    endloop
  endfacet
  facet normal 0 0 1
    outer loop
      vertex -6.20477 37.8313 1.8
      vertex -6.19073 37.2422 1.8
      vertex -6.11497 37.8141 1.8
    endloop
  endfacet
  facet normal 0 0 1
    outer loop
      vertex -6.20477 37.8313 1.8
      vertex -6.27893 37.2341 1.8
      vertex -6.19073 37.2422 1.8
    endloop
  endfacet
  facet normal 0 0 1
    outer loop
      vertex -6.28903 37.8535 1.8
      vertex -6.27893 37.2341 1.8
      vertex -6.20477 37.8313 1.8
    endloop
  endfacet
  facet normal 0 0 1
    outer loop
      vertex -6.28903 37.8535 1.8
      vertex -6.3598 37.2228 1.8
      vertex -6.27893 37.2341 1.8
    endloop
  endfacet
  facet normal 0 0 1
    outer loop
      vertex -6.63632 37.7339 1.8
      vertex -6.28903 37.8535 1.8
      vertex -6.36775 37.8807 1.8
    endloop
  endfacet
  facet normal 0 0 1
    outer loop
      vertex -6.28903 37.8535 1.8
      vertex -6.63632 37.7339 1.8
      vertex -6.3598 37.2228 1.8
    endloop
  endfacet
  facet normal 0 0 1
    outer loop
      vertex -6.63632 37.743 1.8
      vertex -6.36775 37.8807 1.8
      vertex -6.44092 37.9128 1.8
    endloop
  endfacet
  facet normal 0 0 1
    outer loop
      vertex -6.3598 37.2228 1.8
      vertex -6.63632 37.7339 1.8
      vertex -6.43338 37.2082 1.8
    endloop
  endfacet
  facet normal 0 0 1
    outer loop
      vertex -6.63632 37.743 1.8
      vertex -6.44092 37.9128 1.8
      vertex -6.50856 37.9498 1.8
    endloop
  endfacet
  facet normal 0 0 1
    outer loop
      vertex -6.43338 37.2082 1.8
      vertex -6.63632 37.7339 1.8
      vertex -6.49965 37.1904 1.8
    endloop
  endfacet
  facet normal 0 0 1
    outer loop
      vertex -6.63632 37.743 1.8
      vertex -6.50856 37.9498 1.8
      vertex -6.57066 37.9917 1.8
    endloop
  endfacet
  facet normal -0 0 1
    outer loop
      vertex -6.7067 37.7132 1.8
      vertex -6.49965 37.1904 1.8
      vertex -6.63632 37.7339 1.8
    endloop
  endfacet
  facet normal 0 0 1
    outer loop
      vertex -6.63632 37.743 1.8
      vertex -6.57066 37.9917 1.8
      vertex -6.62671 38.0381 1.8
    endloop
  endfacet
  facet normal 0 0 1
    outer loop
      vertex -6.36775 37.8807 1.8
      vertex -6.63632 37.743 1.8
      vertex -6.63632 37.7339 1.8
    endloop
  endfacet
  facet normal 0 0 1
    outer loop
      vertex -6.49965 37.1904 1.8
      vertex -6.7067 37.7132 1.8
      vertex -6.55861 37.1693 1.8
    endloop
  endfacet
  facet normal -0 0 1
    outer loop
      vertex -6.77269 37.6893 1.8
      vertex -6.55861 37.1693 1.8
      vertex -6.7067 37.7132 1.8
    endloop
  endfacet
  facet normal -0 0 1
    outer loop
      vertex -6.83432 37.6622 1.8
      vertex -6.55861 37.1693 1.8
      vertex -6.77269 37.6893 1.8
    endloop
  endfacet
  facet normal 0 0 1
    outer loop
      vertex -6.55861 37.1693 1.8
      vertex -6.83432 37.6622 1.8
      vertex -6.61024 37.145 1.8
    endloop
  endfacet
  facet normal -0 0 1
    outer loop
      vertex -6.89159 37.6317 1.8
      vertex -6.61024 37.145 1.8
      vertex -6.83432 37.6622 1.8
    endloop
  endfacet
  facet normal -0 0 1
    outer loop
      vertex -6.94447 37.5979 1.8
      vertex -6.61024 37.145 1.8
      vertex -6.89159 37.6317 1.8
    endloop
  endfacet
  facet normal 0 0 1
    outer loop
      vertex -6.61024 37.145 1.8
      vertex -6.94447 37.5979 1.8
      vertex -6.65459 37.1175 1.8
    endloop
  endfacet
  facet normal -0 0 1
    outer loop
      vertex -6.993 37.5609 1.8
      vertex -6.65459 37.1175 1.8
      vertex -6.94447 37.5979 1.8
    endloop
  endfacet
  facet normal -0 0 1
    outer loop
      vertex -7.03714 37.5206 1.8
      vertex -6.65459 37.1175 1.8
      vertex -6.993 37.5609 1.8
    endloop
  endfacet
  facet normal 0 0 1
    outer loop
      vertex -6.65459 37.1175 1.8
      vertex -7.03714 37.5206 1.8
      vertex -6.69301 37.0857 1.8
    endloop
  endfacet
  facet normal -0 0 1
    outer loop
      vertex -7.07692 37.4771 1.8
      vertex -6.69301 37.0857 1.8
      vertex -7.03714 37.5206 1.8
    endloop
  endfacet
  facet normal -0 0 1
    outer loop
      vertex -7.11232 37.4302 1.8
      vertex -6.69301 37.0857 1.8
      vertex -7.07692 37.4771 1.8
    endloop
  endfacet
  facet normal -0 0 1
    outer loop
      vertex -7.14371 37.3798 1.8
      vertex -6.69301 37.0857 1.8
      vertex -7.11232 37.4302 1.8
    endloop
  endfacet
  facet normal 0 0 1
    outer loop
      vertex -6.69301 37.0857 1.8
      vertex -7.14371 37.3798 1.8
      vertex -6.72693 37.0487 1.8
    endloop
  endfacet
  facet normal -0 0 1
    outer loop
      vertex -7.1714 37.3255 1.8
      vertex -6.72693 37.0487 1.8
      vertex -7.14371 37.3798 1.8
    endloop
  endfacet
  facet normal -0 0 1
    outer loop
      vertex -7.1954 37.2673 1.8
      vertex -6.72693 37.0487 1.8
      vertex -7.1714 37.3255 1.8
    endloop
  endfacet
  facet normal 0 -0 1
    outer loop
      vertex -7.25508 36.6952 1.8
      vertex -6.83543 36.7178 1.8
      vertex -7.26016 36.7647 1.8
    endloop
  endfacet
  facet normal 0 0 1
    outer loop
      vertex -6.72693 37.0487 1.8
      vertex -7.1954 37.2673 1.8
      vertex -6.75632 37.0066 1.8
    endloop
  endfacet
  facet normal 0 0 1
    outer loop
      vertex -6.83543 36.7178 1.8
      vertex -7.25508 36.6952 1.8
      vertex -6.83769 36.6445 1.8
    endloop
  endfacet
  facet normal -0 0 1
    outer loop
      vertex -7.21571 37.2052 1.8
      vertex -6.75632 37.0066 1.8
      vertex -7.1954 37.2673 1.8
    endloop
  endfacet
  facet normal 0 -0 1
    outer loop
      vertex -7.2466 36.6282 1.8
      vertex -6.83769 36.6445 1.8
      vertex -7.25508 36.6952 1.8
    endloop
  endfacet
  facet normal -0 0 1
    outer loop
      vertex -7.23232 37.1393 1.8
      vertex -6.75632 37.0066 1.8
      vertex -7.21571 37.2052 1.8
    endloop
  endfacet
  facet normal 0 0 1
    outer loop
      vertex -6.83769 36.6445 1.8
      vertex -6.90604 36.04 1.8
      vertex -6.84653 35.9962 1.8
    endloop
  endfacet
  facet normal 0 0 1
    outer loop
      vertex -6.75632 37.0066 1.8
      vertex -7.23232 37.1393 1.8
      vertex -6.78117 36.9592 1.8
    endloop
  endfacet
  facet normal 0 0 1
    outer loop
      vertex -6.82864 36.786 1.8
      vertex -7.26016 36.7647 1.8
      vertex -6.83543 36.7178 1.8
    endloop
  endfacet
  facet normal -0 0 1
    outer loop
      vertex -7.24524 37.0695 1.8
      vertex -6.78117 36.9592 1.8
      vertex -7.23232 37.1393 1.8
    endloop
  endfacet
  facet normal 0 -0 1
    outer loop
      vertex -7.23473 36.5637 1.8
      vertex -6.83769 36.6445 1.8
      vertex -7.2466 36.6282 1.8
    endloop
  endfacet
  facet normal 0 0 1
    outer loop
      vertex -6.78117 36.9592 1.8
      vertex -7.24524 37.0695 1.8
      vertex -6.80151 36.9067 1.8
    endloop
  endfacet
  facet normal 0 -0 1
    outer loop
      vertex -7.21947 36.5016 1.8
      vertex -6.83769 36.6445 1.8
      vertex -7.23473 36.5637 1.8
    endloop
  endfacet
  facet normal -0 0 1
    outer loop
      vertex -7.25447 36.9958 1.8
      vertex -6.80151 36.9067 1.8
      vertex -7.24524 37.0695 1.8
    endloop
  endfacet
  facet normal 0 0 1
    outer loop
      vertex -6.83769 36.6445 1.8
      vertex -6.96028 36.0851 1.8
      vertex -6.90604 36.04 1.8
    endloop
  endfacet
  facet normal -0 0 1
    outer loop
      vertex -7.26001 36.9182 1.8
      vertex -6.80151 36.9067 1.8
      vertex -7.25447 36.9958 1.8
    endloop
  endfacet
  facet normal 0 0 1
    outer loop
      vertex -6.83769 36.6445 1.8
      vertex -7.00926 36.1315 1.8
      vertex -6.96028 36.0851 1.8
    endloop
  endfacet
  facet normal 0 0 1
    outer loop
      vertex -6.80151 36.9067 1.8
      vertex -7.26001 36.9182 1.8
      vertex -6.81735 36.8489 1.8
    endloop
  endfacet
  facet normal 0 -0 1
    outer loop
      vertex -7.26016 36.7647 1.8
      vertex -6.82864 36.786 1.8
      vertex -7.26186 36.8367 1.8
    endloop
  endfacet
  facet normal 0 0 1
    outer loop
      vertex -7.26186 36.8367 1.8
      vertex -6.81735 36.8489 1.8
      vertex -7.26001 36.9182 1.8
    endloop
  endfacet
  facet normal 0 0 1
    outer loop
      vertex -6.81735 36.8489 1.8
      vertex -7.26186 36.8367 1.8
      vertex -6.82864 36.786 1.8
    endloop
  endfacet
  facet normal 0 0 1
    outer loop
      vertex -6.83769 36.6445 1.8
      vertex -7.05295 36.1791 1.8
      vertex -7.00926 36.1315 1.8
    endloop
  endfacet
  facet normal 0 0 1
    outer loop
      vertex -6.83769 36.6445 1.8
      vertex -7.20082 36.4421 1.8
      vertex -7.17877 36.385 1.8
    endloop
  endfacet
  facet normal 0 -0 1
    outer loop
      vertex -7.20082 36.4421 1.8
      vertex -6.83769 36.6445 1.8
      vertex -7.21947 36.5016 1.8
    endloop
  endfacet
  facet normal 0 0 1
    outer loop
      vertex -6.83769 36.6445 1.8
      vertex -7.17877 36.385 1.8
      vertex -7.15335 36.3304 1.8
    endloop
  endfacet
  facet normal 0 0 1
    outer loop
      vertex -6.83769 36.6445 1.8
      vertex -7.15335 36.3304 1.8
      vertex -7.12453 36.2783 1.8
    endloop
  endfacet
  facet normal 0 0 1
    outer loop
      vertex -6.83769 36.6445 1.8
      vertex -7.12453 36.2783 1.8
      vertex -7.09137 36.2281 1.8
    endloop
  endfacet
  facet normal 0 0 1
    outer loop
      vertex -6.83769 36.6445 1.8
      vertex -7.09137 36.2281 1.8
      vertex -7.05295 36.1791 1.8
    endloop
  endfacet
  facet normal 0 0 1
    outer loop
      vertex -6.78172 35.9537 1.8
      vertex -6.62549 36.1363 1.8
      vertex -6.67523 36.1872 1.8
    endloop
  endfacet
  facet normal 0 0 1
    outer loop
      vertex -6.62549 36.1363 1.8
      vertex -6.71165 35.9124 1.8
      vertex -6.63632 35.8724 1.8
    endloop
  endfacet
  facet normal 0 0 1
    outer loop
      vertex -6.84653 35.9962 1.8
      vertex -6.67523 36.1872 1.8
      vertex -6.71832 36.2417 1.8
    endloop
  endfacet
  facet normal 0 0 1
    outer loop
      vertex -6.84653 35.9962 1.8
      vertex -6.71832 36.2417 1.8
      vertex -6.75481 36.2998 1.8
    endloop
  endfacet
  facet normal 0 0 1
    outer loop
      vertex -6.62549 36.1363 1.8
      vertex -6.78172 35.9537 1.8
      vertex -6.71165 35.9124 1.8
    endloop
  endfacet
  facet normal 0 0 1
    outer loop
      vertex -6.84653 35.9962 1.8
      vertex -6.75481 36.2998 1.8
      vertex -6.78464 36.3615 1.8
    endloop
  endfacet
  facet normal 0 0 1
    outer loop
      vertex -6.84653 35.9962 1.8
      vertex -6.78464 36.3615 1.8
      vertex -6.80785 36.4268 1.8
    endloop
  endfacet
  facet normal 0 0 1
    outer loop
      vertex -6.84653 35.9962 1.8
      vertex -6.80785 36.4268 1.8
      vertex -6.82443 36.4957 1.8
    endloop
  endfacet
  facet normal 0 0 1
    outer loop
      vertex -6.84653 35.9962 1.8
      vertex -6.82443 36.4957 1.8
      vertex -6.83438 36.5683 1.8
    endloop
  endfacet
  facet normal 0 0 1
    outer loop
      vertex -6.67523 36.1872 1.8
      vertex -6.84653 35.9962 1.8
      vertex -6.78172 35.9537 1.8
    endloop
  endfacet
  facet normal 0 0 1
    outer loop
      vertex -6.84653 35.9962 1.8
      vertex -6.83438 36.5683 1.8
      vertex -6.83769 36.6445 1.8
    endloop
  endfacet
  facet normal -0 0 1
    outer loop
      vertex -5.81238 35.8846 1.8
      vertex -3.89906 35.3384 1.8
      vertex -3.89906 35.8846 1.8
    endloop
  endfacet
  facet normal 0 0 1
    outer loop
      vertex -6.49591 35.3384 1.8
      vertex -5.81238 35.8846 1.8
      vertex -5.91817 35.8872 1.8
    endloop
  endfacet
  facet normal 0 0 1
    outer loop
      vertex -6.49591 35.3384 1.8
      vertex -5.91817 35.8872 1.8
      vertex -6.01851 35.8947 1.8
    endloop
  endfacet
  facet normal 0 0 1
    outer loop
      vertex -6.49591 35.3384 1.8
      vertex -6.01851 35.8947 1.8
      vertex -6.11345 35.9073 1.8
    endloop
  endfacet
  facet normal 0 0 1
    outer loop
      vertex -6.49591 35.3384 1.8
      vertex -6.11345 35.9073 1.8
      vertex -6.20296 35.925 1.8
    endloop
  endfacet
  facet normal 0 0 1
    outer loop
      vertex -5.81238 35.8846 1.8
      vertex -6.49591 35.3384 1.8
      vertex -3.89906 35.3384 1.8
    endloop
  endfacet
  facet normal 0 0 1
    outer loop
      vertex -6.28705 35.9477 1.8
      vertex -6.49591 35.3384 1.8
      vertex -6.20296 35.925 1.8
    endloop
  endfacet
  facet normal 0 0 1
    outer loop
      vertex -6.63632 35.8633 1.8
      vertex -6.28705 35.9477 1.8
      vertex -6.36571 35.9755 1.8
    endloop
  endfacet
  facet normal 0 0 1
    outer loop
      vertex -6.63632 35.8633 1.8
      vertex -6.36571 35.9755 1.8
      vertex -6.43893 36.0083 1.8
    endloop
  endfacet
  facet normal 0 0 1
    outer loop
      vertex -6.63632 35.8724 1.8
      vertex -6.43893 36.0083 1.8
      vertex -6.50674 36.0462 1.8
    endloop
  endfacet
  facet normal 0 0 1
    outer loop
      vertex -6.63632 35.8724 1.8
      vertex -6.50674 36.0462 1.8
      vertex -6.56912 36.0891 1.8
    endloop
  endfacet
  facet normal 0 0 1
    outer loop
      vertex -6.28705 35.9477 1.8
      vertex -6.63632 35.8633 1.8
      vertex -6.49591 35.3384 1.8
    endloop
  endfacet
  facet normal 0 0 1
    outer loop
      vertex -6.63632 35.8724 1.8
      vertex -6.56912 36.0891 1.8
      vertex -6.62549 36.1363 1.8
    endloop
  endfacet
  facet normal 0 0 1
    outer loop
      vertex -6.43893 36.0083 1.8
      vertex -6.63632 35.8724 1.8
      vertex -6.63632 35.8633 1.8
    endloop
  endfacet
  facet normal 0 0 1
    outer loop
      vertex -6.49591 35.3384 1.8
      vertex -6.63632 35.8633 1.8
      vertex -6.61855 35.3382 1.8
    endloop
  endfacet
  facet normal -0 0 1
    outer loop
      vertex -6.68799 35.8619 1.8
      vertex -6.61855 35.3382 1.8
      vertex -6.63632 35.8633 1.8
    endloop
  endfacet
  facet normal 0 0 1
    outer loop
      vertex -6.68799 35.8619 1.8
      vertex -6.7301 35.3375 1.8
      vertex -6.61855 35.3382 1.8
    endloop
  endfacet
  facet normal -0 0 1
    outer loop
      vertex -6.73584 35.8606 1.8
      vertex -6.7301 35.3375 1.8
      vertex -6.68799 35.8619 1.8
    endloop
  endfacet
  facet normal -0 0 1
    outer loop
      vertex -6.77991 35.8594 1.8
      vertex -6.7301 35.3375 1.8
      vertex -6.73584 35.8606 1.8
    endloop
  endfacet
  facet normal 0 0 1
    outer loop
      vertex -6.83058 35.3364 1.8
      vertex -6.77991 35.8594 1.8
      vertex -6.82014 35.8582 1.8
    endloop
  endfacet
  facet normal 0 0 1
    outer loop
      vertex -6.77991 35.8594 1.8
      vertex -6.83058 35.3364 1.8
      vertex -6.7301 35.3375 1.8
    endloop
  endfacet
  facet normal -0 0 1
    outer loop
      vertex -6.8566 35.857 1.8
      vertex -6.83058 35.3364 1.8
      vertex -6.82014 35.8582 1.8
    endloop
  endfacet
  facet normal -0 0 1
    outer loop
      vertex -6.88924 35.8558 1.8
      vertex -6.83058 35.3364 1.8
      vertex -6.8566 35.857 1.8
    endloop
  endfacet
  facet normal 0 0 1
    outer loop
      vertex -6.91998 35.3348 1.8
      vertex -6.88924 35.8558 1.8
      vertex -6.91808 35.8547 1.8
    endloop
  endfacet
  facet normal 0 0 1
    outer loop
      vertex -6.88924 35.8558 1.8
      vertex -6.91998 35.3348 1.8
      vertex -6.83058 35.3364 1.8
    endloop
  endfacet
  facet normal -0 0 1
    outer loop
      vertex -6.9431 35.8536 1.8
      vertex -6.91998 35.3348 1.8
      vertex -6.91808 35.8547 1.8
    endloop
  endfacet
  facet normal -0 0 1
    outer loop
      vertex -6.96432 35.8526 1.8
      vertex -6.91998 35.3348 1.8
      vertex -6.9431 35.8536 1.8
    endloop
  endfacet
  facet normal 0 0 1
    outer loop
      vertex -6.96432 35.8526 1.8
      vertex -6.99831 35.3328 1.8
      vertex -6.91998 35.3348 1.8
    endloop
  endfacet
  facet normal -0 0 1
    outer loop
      vertex -7.02011 35.8497 1.8
      vertex -6.99831 35.3328 1.8
      vertex -6.96432 35.8526 1.8
    endloop
  endfacet
  facet normal -0 0 1
    outer loop
      vertex -7.07149 35.8472 1.8
      vertex -6.99831 35.3328 1.8
      vertex -7.02011 35.8497 1.8
    endloop
  endfacet
  facet normal 0 0 1
    outer loop
      vertex -6.99831 35.3328 1.8
      vertex -7.07149 35.8472 1.8
      vertex -7.06555 35.3303 1.8
    endloop
  endfacet
  facet normal -0 0 1
    outer loop
      vertex -7.13272 35.8443 1.8
      vertex -7.06555 35.3303 1.8
      vertex -7.07149 35.8472 1.8
    endloop
  endfacet
  facet normal 0 0 1
    outer loop
      vertex -7.06555 35.3303 1.8
      vertex -7.13272 35.8443 1.8
      vertex -7.12172 35.3273 1.8
    endloop
  endfacet
  facet normal -0 0 1
    outer loop
      vertex -7.14572 35.8436 1.8
      vertex -7.12172 35.3273 1.8
      vertex -7.13272 35.8443 1.8
    endloop
  endfacet
  facet normal -0 0 1
    outer loop
      vertex -7.15744 35.8429 1.8
      vertex -7.12172 35.3273 1.8
      vertex -7.14572 35.8436 1.8
    endloop
  endfacet
  facet normal -0 0 1
    outer loop
      vertex -7.16788 35.8422 1.8
      vertex -7.12172 35.3273 1.8
      vertex -7.15744 35.8429 1.8
    endloop
  endfacet
  facet normal -0 0 1
    outer loop
      vertex -7.17703 35.8416 1.8
      vertex -7.12172 35.3273 1.8
      vertex -7.16788 35.8422 1.8
    endloop
  endfacet
  facet normal -0 0 1
    outer loop
      vertex -7.18491 35.8409 1.8
      vertex -7.12172 35.3273 1.8
      vertex -7.17703 35.8416 1.8
    endloop
  endfacet
  facet normal -0 0 1
    outer loop
      vertex -7.20084 35.8389 1.8
      vertex -7.12172 35.3273 1.8
      vertex -7.18491 35.8409 1.8
    endloop
  endfacet
  facet normal 0 0 1
    outer loop
      vertex -7.20084 35.8389 1.8
      vertex -7.18491 35.8409 1.8
      vertex -7.1915 35.8402 1.8
    endloop
  endfacet
  facet normal 0 0 1
    outer loop
      vertex -7.20084 35.8389 1.8
      vertex -7.1915 35.8402 1.8
      vertex -7.19681 35.8395 1.8
    endloop
  endfacet
  facet normal 0 0 1
    outer loop
      vertex -7.12172 35.3273 1.8
      vertex -7.20084 35.8389 1.8
      vertex -7.16682 35.324 1.8
    endloop
  endfacet
  facet normal 0 0 1
    outer loop
      vertex -7.16682 35.324 1.8
      vertex -7.20084 35.8389 1.8
      vertex -7.20084 35.3201 1.8
    endloop
  endfacet
  facet normal -0.990508 -0.137454 0
    outer loop
      vertex -3.84506 33.4012 1.8
      vertex -3.86607 33.5526 2.4
      vertex -3.86607 33.5526 1.8
    endloop
  endfacet
  facet normal -0.990508 -0.137454 0
    outer loop
      vertex -3.86607 33.5526 2.4
      vertex -3.84506 33.4012 1.8
      vertex -3.84506 33.4012 2.4
    endloop
  endfacet
  facet normal -0.971034 -0.23894 0
    outer loop
      vertex -3.86607 33.5526 1.8
      vertex -3.90111 33.695 2.4
      vertex -3.90111 33.695 1.8
    endloop
  endfacet
  facet normal -0.971034 -0.23894 0
    outer loop
      vertex -3.90111 33.695 2.4
      vertex -3.86607 33.5526 1.8
      vertex -3.86607 33.5526 2.4
    endloop
  endfacet
  facet normal -0.938732 -0.344647 0
    outer loop
      vertex -3.90111 33.695 1.8
      vertex -3.95016 33.8286 2.4
      vertex -3.95016 33.8286 1.8
    endloop
  endfacet
  facet normal -0.938732 -0.344647 0
    outer loop
      vertex -3.95016 33.8286 2.4
      vertex -3.90111 33.695 1.8
      vertex -3.90111 33.695 2.4
    endloop
  endfacet
  facet normal -0.892211 -0.451619 0
    outer loop
      vertex -3.95016 33.8286 1.8
      vertex -4.01323 33.9532 2.4
      vertex -4.01323 33.9532 1.8
    endloop
  endfacet
  facet normal -0.892211 -0.451619 0
    outer loop
      vertex -4.01323 33.9532 2.4
      vertex -3.95016 33.8286 1.8
      vertex -3.95016 33.8286 2.4
    endloop
  endfacet
  facet normal -0.831973 -0.554816 0
    outer loop
      vertex -4.01323 33.9532 1.8
      vertex -4.09032 34.0688 2.4
      vertex -4.09032 34.0688 1.8
    endloop
  endfacet
  facet normal -0.831973 -0.554816 0
    outer loop
      vertex -4.09032 34.0688 2.4
      vertex -4.01323 33.9532 1.8
      vertex -4.01323 33.9532 2.4
    endloop
  endfacet
  facet normal -0.760884 -0.648888 0
    outer loop
      vertex -4.09032 34.0688 1.8
      vertex -4.1814 34.1756 2.4
      vertex -4.1814 34.1756 1.8
    endloop
  endfacet
  facet normal -0.760884 -0.648888 0
    outer loop
      vertex -4.1814 34.1756 2.4
      vertex -4.09032 34.0688 1.8
      vertex -4.09032 34.0688 2.4
    endloop
  endfacet
  facet normal -0.681191 -0.732106 0
    outer loop
      vertex -4.28651 34.2734 1.8
      vertex -4.1814 34.1756 2.4
      vertex -4.28651 34.2734 2.4
    endloop
  endfacet
  facet normal -0.681191 -0.732106 -0
    outer loop
      vertex -4.1814 34.1756 2.4
      vertex -4.28651 34.2734 1.8
      vertex -4.1814 34.1756 1.8
    endloop
  endfacet
  facet normal -0.598072 -0.801443 0
    outer loop
      vertex -4.40564 34.3623 1.8
      vertex -4.28651 34.2734 2.4
      vertex -4.40564 34.3623 2.4
    endloop
  endfacet
  facet normal -0.598072 -0.801443 -0
    outer loop
      vertex -4.28651 34.2734 2.4
      vertex -4.40564 34.3623 1.8
      vertex -4.28651 34.2734 1.8
    endloop
  endfacet
  facet normal -0.515675 -0.856784 0
    outer loop
      vertex -4.53806 34.442 1.8
      vertex -4.40564 34.3623 2.4
      vertex -4.53806 34.442 2.4
    endloop
  endfacet
  facet normal -0.515675 -0.856784 -0
    outer loop
      vertex -4.40564 34.3623 2.4
      vertex -4.53806 34.442 1.8
      vertex -4.40564 34.3623 1.8
    endloop
  endfacet
  facet normal -0.436761 -0.899578 0
    outer loop
      vertex -4.68306 34.5124 1.8
      vertex -4.53806 34.442 2.4
      vertex -4.68306 34.5124 2.4
    endloop
  endfacet
  facet normal -0.436761 -0.899578 -0
    outer loop
      vertex -4.53806 34.442 2.4
      vertex -4.68306 34.5124 1.8
      vertex -4.53806 34.442 1.8
    endloop
  endfacet
  facet normal -0.360466 -0.932772 0
    outer loop
      vertex -4.84065 34.5733 1.8
      vertex -4.68306 34.5124 2.4
      vertex -4.84065 34.5733 2.4
    endloop
  endfacet
  facet normal -0.360466 -0.932772 -0
    outer loop
      vertex -4.68306 34.5124 2.4
      vertex -4.84065 34.5733 1.8
      vertex -4.68306 34.5124 1.8
    endloop
  endfacet
  facet normal -0.290179 -0.956972 0
    outer loop
      vertex -5.01082 34.6249 1.8
      vertex -4.84065 34.5733 2.4
      vertex -5.01082 34.6249 2.4
    endloop
  endfacet
  facet normal -0.290179 -0.956972 -0
    outer loop
      vertex -4.84065 34.5733 2.4
      vertex -5.01082 34.6249 1.8
      vertex -4.84065 34.5733 1.8
    endloop
  endfacet
  facet normal -0.225502 -0.974243 0
    outer loop
      vertex -5.19357 34.6672 1.8
      vertex -5.01082 34.6249 2.4
      vertex -5.19357 34.6672 2.4
    endloop
  endfacet
  facet normal -0.225502 -0.974243 -0
    outer loop
      vertex -5.01082 34.6249 2.4
      vertex -5.19357 34.6672 1.8
      vertex -5.01082 34.6249 1.8
    endloop
  endfacet
  facet normal -0.165586 -0.986195 0
    outer loop
      vertex -5.38892 34.7 1.8
      vertex -5.19357 34.6672 2.4
      vertex -5.38892 34.7 2.4
    endloop
  endfacet
  facet normal -0.165586 -0.986195 -0
    outer loop
      vertex -5.19357 34.6672 2.4
      vertex -5.38892 34.7 1.8
      vertex -5.19357 34.6672 1.8
    endloop
  endfacet
  facet normal -0.111843 -0.993726 0
    outer loop
      vertex -5.59683 34.7234 1.8
      vertex -5.38892 34.7 2.4
      vertex -5.59683 34.7234 2.4
    endloop
  endfacet
  facet normal -0.111843 -0.993726 -0
    outer loop
      vertex -5.38892 34.7 2.4
      vertex -5.59683 34.7234 1.8
      vertex -5.38892 34.7 1.8
    endloop
  endfacet
  facet normal -0.0638124 -0.997962 0
    outer loop
      vertex -5.81734 34.7375 1.8
      vertex -5.59683 34.7234 2.4
      vertex -5.81734 34.7375 2.4
    endloop
  endfacet
  facet normal -0.0638124 -0.997962 -0
    outer loop
      vertex -5.59683 34.7234 2.4
      vertex -5.81734 34.7375 1.8
      vertex -5.59683 34.7234 1.8
    endloop
  endfacet
  facet normal -0.0201607 -0.999797 0
    outer loop
      vertex -6.05042 34.7422 1.8
      vertex -5.81734 34.7375 2.4
      vertex -6.05042 34.7422 2.4
    endloop
  endfacet
  facet normal -0.0201607 -0.999797 -0
    outer loop
      vertex -5.81734 34.7375 2.4
      vertex -6.05042 34.7422 1.8
      vertex -5.81734 34.7375 1.8
    endloop
  endfacet
  facet normal 0.0189991 -0.999819 0
    outer loop
      vertex -6.28723 34.7377 1.8
      vertex -6.05042 34.7422 2.4
      vertex -6.28723 34.7377 2.4
    endloop
  endfacet
  facet normal 0.0189991 -0.999819 0
    outer loop
      vertex -6.05042 34.7422 2.4
      vertex -6.28723 34.7377 1.8
      vertex -6.05042 34.7422 1.8
    endloop
  endfacet
  facet normal 0.0598318 -0.998208 0
    outer loop
      vertex -6.51079 34.7243 1.8
      vertex -6.28723 34.7377 2.4
      vertex -6.51079 34.7243 2.4
    endloop
  endfacet
  facet normal 0.0598318 -0.998208 0
    outer loop
      vertex -6.28723 34.7377 2.4
      vertex -6.51079 34.7243 1.8
      vertex -6.28723 34.7377 1.8
    endloop
  endfacet
  facet normal 0.105453 -0.994424 0
    outer loop
      vertex -6.72108 34.702 1.8
      vertex -6.51079 34.7243 2.4
      vertex -6.72108 34.702 2.4
    endloop
  endfacet
  facet normal 0.105453 -0.994424 0
    outer loop
      vertex -6.51079 34.7243 2.4
      vertex -6.72108 34.702 1.8
      vertex -6.51079 34.7243 1.8
    endloop
  endfacet
  facet normal 0.156395 -0.987695 0
    outer loop
      vertex -6.91812 34.6708 1.8
      vertex -6.72108 34.702 2.4
      vertex -6.91812 34.6708 2.4
    endloop
  endfacet
  facet normal 0.156395 -0.987695 0
    outer loop
      vertex -6.72108 34.702 2.4
      vertex -6.91812 34.6708 1.8
      vertex -6.72108 34.702 1.8
    endloop
  endfacet
  facet normal 0.21371 -0.976897 0
    outer loop
      vertex -7.10188 34.6306 1.8
      vertex -6.91812 34.6708 2.4
      vertex -7.10188 34.6306 2.4
    endloop
  endfacet
  facet normal 0.21371 -0.976897 0
    outer loop
      vertex -6.91812 34.6708 2.4
      vertex -7.10188 34.6306 1.8
      vertex -6.91812 34.6708 1.8
    endloop
  endfacet
  facet normal 0.2767 -0.960956 0
    outer loop
      vertex -7.2724 34.5815 1.8
      vertex -7.10188 34.6306 2.4
      vertex -7.2724 34.5815 2.4
    endloop
  endfacet
  facet normal 0.2767 -0.960956 0
    outer loop
      vertex -7.10188 34.6306 2.4
      vertex -7.2724 34.5815 1.8
      vertex -7.10188 34.6306 1.8
    endloop
  endfacet
  facet normal 0.34607 -0.938209 0
    outer loop
      vertex -7.42964 34.5235 1.8
      vertex -7.2724 34.5815 2.4
      vertex -7.42964 34.5235 2.4
    endloop
  endfacet
  facet normal 0.34607 -0.938209 0
    outer loop
      vertex -7.2724 34.5815 2.4
      vertex -7.42964 34.5235 1.8
      vertex -7.2724 34.5815 1.8
    endloop
  endfacet
  facet normal 0.421899 -0.906643 0
    outer loop
      vertex -7.57362 34.4565 1.8
      vertex -7.42964 34.5235 2.4
      vertex -7.57362 34.4565 2.4
    endloop
  endfacet
  facet normal 0.421899 -0.906643 0
    outer loop
      vertex -7.42964 34.5235 2.4
      vertex -7.57362 34.4565 1.8
      vertex -7.42964 34.5235 1.8
    endloop
  endfacet
  facet normal 0.502097 -0.864811 0
    outer loop
      vertex -7.70435 34.3806 1.8
      vertex -7.57362 34.4565 2.4
      vertex -7.70435 34.3806 2.4
    endloop
  endfacet
  facet normal 0.502097 -0.864811 0
    outer loop
      vertex -7.57362 34.4565 2.4
      vertex -7.70435 34.3806 1.8
      vertex -7.57362 34.4565 1.8
    endloop
  endfacet
  facet normal 0.588459 -0.808527 0
    outer loop
      vertex -7.82155 34.2953 1.8
      vertex -7.70435 34.3806 2.4
      vertex -7.82155 34.2953 2.4
    endloop
  endfacet
  facet normal 0.588459 -0.808527 0
    outer loop
      vertex -7.70435 34.3806 2.4
      vertex -7.82155 34.2953 1.8
      vertex -7.70435 34.3806 1.8
    endloop
  endfacet
  facet normal 0.676878 -0.736096 0
    outer loop
      vertex -7.92497 34.2002 1.8
      vertex -7.82155 34.2953 2.4
      vertex -7.92497 34.2002 2.4
    endloop
  endfacet
  facet normal 0.676878 -0.736096 0
    outer loop
      vertex -7.82155 34.2953 2.4
      vertex -7.92497 34.2002 1.8
      vertex -7.82155 34.2953 1.8
    endloop
  endfacet
  facet normal 0.76031 -0.649561 0
    outer loop
      vertex -8.01459 34.0953 2.4
      vertex -7.92497 34.2002 1.8
      vertex -7.92497 34.2002 2.4
    endloop
  endfacet
  facet normal 0.76031 -0.649561 0
    outer loop
      vertex -7.92497 34.2002 1.8
      vertex -8.01459 34.0953 2.4
      vertex -8.01459 34.0953 1.8
    endloop
  endfacet
  facet normal 0.834335 -0.551257 0
    outer loop
      vertex -8.09044 33.9805 2.4
      vertex -8.01459 34.0953 1.8
      vertex -8.01459 34.0953 2.4
    endloop
  endfacet
  facet normal 0.834335 -0.551257 0
    outer loop
      vertex -8.01459 34.0953 1.8
      vertex -8.09044 33.9805 2.4
      vertex -8.09044 33.9805 1.8
    endloop
  endfacet
  facet normal 0.895173 -0.445719 0
    outer loop
      vertex -8.15248 33.8559 2.4
      vertex -8.09044 33.9805 1.8
      vertex -8.09044 33.9805 2.4
    endloop
  endfacet
  facet normal 0.895173 -0.445719 0
    outer loop
      vertex -8.09044 33.9805 1.8
      vertex -8.15248 33.8559 2.4
      vertex -8.15248 33.8559 1.8
    endloop
  endfacet
  facet normal 0.941164 -0.337951 0
    outer loop
      vertex -8.20074 33.7215 2.4
      vertex -8.15248 33.8559 1.8
      vertex -8.15248 33.8559 2.4
    endloop
  endfacet
  facet normal 0.941164 -0.337951 0
    outer loop
      vertex -8.15248 33.8559 1.8
      vertex -8.20074 33.7215 2.4
      vertex -8.20074 33.7215 1.8
    endloop
  endfacet
  facet normal 0.972635 -0.23234 0
    outer loop
      vertex -8.23521 33.5772 2.4
      vertex -8.20074 33.7215 1.8
      vertex -8.20074 33.7215 2.4
    endloop
  endfacet
  facet normal 0.972635 -0.23234 0
    outer loop
      vertex -8.20074 33.7215 1.8
      vertex -8.23521 33.5772 2.4
      vertex -8.23521 33.5772 1.8
    endloop
  endfacet
  facet normal 0.991098 -0.133133 0
    outer loop
      vertex -8.25591 33.4231 2.4
      vertex -8.23521 33.5772 1.8
      vertex -8.23521 33.5772 2.4
    endloop
  endfacet
  facet normal 0.991098 -0.133133 0
    outer loop
      vertex -8.23521 33.5772 1.8
      vertex -8.25591 33.4231 2.4
      vertex -8.25591 33.4231 1.8
    endloop
  endfacet
  facet normal 0.999118 -0.0420007 0
    outer loop
      vertex -8.2628 33.2592 2.4
      vertex -8.25591 33.4231 1.8
      vertex -8.25591 33.4231 2.4
    endloop
  endfacet
  facet normal 0.999118 -0.0420007 0
    outer loop
      vertex -8.25591 33.4231 1.8
      vertex -8.2628 33.2592 2.4
      vertex -8.2628 33.2592 1.8
    endloop
  endfacet
  facet normal 0.999181 0.0404656 0
    outer loop
      vertex -8.25598 33.0908 2.4
      vertex -8.2628 33.2592 1.8
      vertex -8.2628 33.2592 2.4
    endloop
  endfacet
  facet normal 0.999181 0.0404656 0
    outer loop
      vertex -8.2628 33.2592 1.8
      vertex -8.25598 33.0908 2.4
      vertex -8.25598 33.0908 1.8
    endloop
  endfacet
  facet normal 0.99173 0.128342 0
    outer loop
      vertex -8.23552 32.9327 2.4
      vertex -8.25598 33.0908 1.8
      vertex -8.25598 33.0908 2.4
    endloop
  endfacet
  facet normal 0.99173 0.128342 0
    outer loop
      vertex -8.25598 33.0908 1.8
      vertex -8.23552 32.9327 2.4
      vertex -8.23552 32.9327 1.8
    endloop
  endfacet
  facet normal 0.974383 0.224893 0
    outer loop
      vertex -8.20143 32.785 2.4
      vertex -8.23552 32.9327 1.8
      vertex -8.23552 32.9327 2.4
    endloop
  endfacet
  facet normal 0.974383 0.224893 0
    outer loop
      vertex -8.23552 32.9327 1.8
      vertex -8.20143 32.785 2.4
      vertex -8.20143 32.785 1.8
    endloop
  endfacet
  facet normal 0.944532 0.328419 0
    outer loop
      vertex -8.15369 32.6477 2.4
      vertex -8.20143 32.785 1.8
      vertex -8.20143 32.785 2.4
    endloop
  endfacet
  facet normal 0.944532 0.328419 0
    outer loop
      vertex -8.20143 32.785 1.8
      vertex -8.15369 32.6477 2.4
      vertex -8.15369 32.6477 1.8
    endloop
  endfacet
  facet normal 0.900386 0.435092 0
    outer loop
      vertex -8.09232 32.5207 2.4
      vertex -8.15369 32.6477 1.8
      vertex -8.15369 32.6477 2.4
    endloop
  endfacet
  facet normal 0.900386 0.435092 0
    outer loop
      vertex -8.15369 32.6477 1.8
      vertex -8.09232 32.5207 2.4
      vertex -8.09232 32.5207 1.8
    endloop
  endfacet
  facet normal 0.841038 0.540976 0
    outer loop
      vertex -8.01732 32.4041 2.4
      vertex -8.09232 32.5207 1.8
      vertex -8.09232 32.5207 2.4
    endloop
  endfacet
  facet normal 0.841038 0.540976 0
    outer loop
      vertex -8.09232 32.5207 1.8
      vertex -8.01732 32.4041 2.4
      vertex -8.01732 32.4041 1.8
    endloop
  endfacet
  facet normal 0.767984 0.640469 0
    outer loop
      vertex -7.92867 32.2978 2.4
      vertex -8.01732 32.4041 1.8
      vertex -8.01732 32.4041 2.4
    endloop
  endfacet
  facet normal 0.767984 0.640469 0
    outer loop
      vertex -8.01732 32.4041 1.8
      vertex -7.92867 32.2978 2.4
      vertex -7.92867 32.2978 1.8
    endloop
  endfacet
  facet normal 0.683989 0.729493 -0
    outer loop
      vertex -7.82639 32.2019 1.8
      vertex -7.92867 32.2978 2.4
      vertex -7.82639 32.2019 2.4
    endloop
  endfacet
  facet normal 0.683989 0.729493 0
    outer loop
      vertex -7.92867 32.2978 2.4
      vertex -7.82639 32.2019 1.8
      vertex -7.92867 32.2978 1.8
    endloop
  endfacet
  facet normal 0.593549 0.804798 -0
    outer loop
      vertex -7.71046 32.1164 1.8
      vertex -7.82639 32.2019 2.4
      vertex -7.71046 32.1164 2.4
    endloop
  endfacet
  facet normal 0.593549 0.804798 0
    outer loop
      vertex -7.82639 32.2019 2.4
      vertex -7.71046 32.1164 1.8
      vertex -7.82639 32.2019 1.8
    endloop
  endfacet
  facet normal 0.50539 0.862891 -0
    outer loop
      vertex -7.58087 32.0405 1.8
      vertex -7.71046 32.1164 2.4
      vertex -7.58087 32.0405 2.4
    endloop
  endfacet
  facet normal 0.50539 0.862891 0
    outer loop
      vertex -7.71046 32.1164 2.4
      vertex -7.58087 32.0405 1.8
      vertex -7.71046 32.1164 1.8
    endloop
  endfacet
  facet normal 0.423519 0.905887 -0
    outer loop
      vertex -7.43756 31.9735 1.8
      vertex -7.58087 32.0405 2.4
      vertex -7.43756 31.9735 2.4
    endloop
  endfacet
  facet normal 0.423519 0.905887 0
    outer loop
      vertex -7.58087 32.0405 2.4
      vertex -7.43756 31.9735 1.8
      vertex -7.58087 32.0405 1.8
    endloop
  endfacet
  facet normal 0.346478 0.938058 -0
    outer loop
      vertex -7.28053 31.9155 1.8
      vertex -7.43756 31.9735 2.4
      vertex -7.28053 31.9155 2.4
    endloop
  endfacet
  facet normal 0.346478 0.938058 0
    outer loop
      vertex -7.43756 31.9735 2.4
      vertex -7.28053 31.9155 1.8
      vertex -7.43756 31.9735 1.8
    endloop
  endfacet
  facet normal 0.276386 0.961047 -0
    outer loop
      vertex -7.1098 31.8664 1.8
      vertex -7.28053 31.9155 2.4
      vertex -7.1098 31.8664 2.4
    endloop
  endfacet
  facet normal 0.276386 0.961047 0
    outer loop
      vertex -7.28053 31.9155 2.4
      vertex -7.1098 31.8664 1.8
      vertex -7.28053 31.9155 1.8
    endloop
  endfacet
  facet normal 0.212946 0.977064 -0
    outer loop
      vertex -6.92535 31.8262 1.8
      vertex -7.1098 31.8664 2.4
      vertex -6.92535 31.8262 2.4
    endloop
  endfacet
  facet normal 0.212946 0.977064 0
    outer loop
      vertex -7.1098 31.8664 2.4
      vertex -6.92535 31.8262 1.8
      vertex -7.1098 31.8664 1.8
    endloop
  endfacet
  facet normal 0.156019 0.987754 -0
    outer loop
      vertex -6.72719 31.7949 1.8
      vertex -6.92535 31.8262 2.4
      vertex -6.72719 31.7949 2.4
    endloop
  endfacet
  facet normal 0.156019 0.987754 0
    outer loop
      vertex -6.92535 31.8262 2.4
      vertex -6.72719 31.7949 1.8
      vertex -6.92535 31.8262 1.8
    endloop
  endfacet
  facet normal 0.104665 0.994508 -0
    outer loop
      vertex -6.5153 31.7726 1.8
      vertex -6.72719 31.7949 2.4
      vertex -6.5153 31.7726 2.4
    endloop
  endfacet
  facet normal 0.104665 0.994508 0
    outer loop
      vertex -6.72719 31.7949 2.4
      vertex -6.5153 31.7726 1.8
      vertex -6.72719 31.7949 1.8
    endloop
  endfacet
  facet normal 0.0592979 0.99824 -0
    outer loop
      vertex -6.28972 31.7592 1.8
      vertex -6.5153 31.7726 2.4
      vertex -6.28972 31.7592 2.4
    endloop
  endfacet
  facet normal 0.0592979 0.99824 0
    outer loop
      vertex -6.5153 31.7726 2.4
      vertex -6.28972 31.7592 1.8
      vertex -6.5153 31.7726 1.8
    endloop
  endfacet
  facet normal 0.0188015 0.999823 -0
    outer loop
      vertex -6.05042 31.7547 1.8
      vertex -6.28972 31.7592 2.4
      vertex -6.05042 31.7547 2.4
    endloop
  endfacet
  facet normal 0.0188015 0.999823 0
    outer loop
      vertex -6.28972 31.7592 2.4
      vertex -6.05042 31.7547 1.8
      vertex -6.28972 31.7592 1.8
    endloop
  endfacet
  facet normal -0.020054 0.999799 0
    outer loop
      vertex -5.8161 31.7594 1.8
      vertex -6.05042 31.7547 2.4
      vertex -5.8161 31.7594 2.4
    endloop
  endfacet
  facet normal -0.020054 0.999799 0
    outer loop
      vertex -6.05042 31.7547 2.4
      vertex -5.8161 31.7594 1.8
      vertex -6.05042 31.7547 1.8
    endloop
  endfacet
  facet normal -0.0617247 0.998093 0
    outer loop
      vertex -5.59457 31.7731 1.8
      vertex -5.8161 31.7594 2.4
      vertex -5.59457 31.7731 2.4
    endloop
  endfacet
  facet normal -0.0617247 0.998093 0
    outer loop
      vertex -5.8161 31.7594 2.4
      vertex -5.59457 31.7731 1.8
      vertex -5.8161 31.7594 1.8
    endloop
  endfacet
  facet normal -0.109532 0.993983 0
    outer loop
      vertex -5.38585 31.7961 1.8
      vertex -5.59457 31.7731 2.4
      vertex -5.38585 31.7961 2.4
    endloop
  endfacet
  facet normal -0.109532 0.993983 0
    outer loop
      vertex -5.59457 31.7731 2.4
      vertex -5.38585 31.7961 1.8
      vertex -5.59457 31.7731 1.8
    endloop
  endfacet
  facet normal -0.162201 0.986758 0
    outer loop
      vertex -5.18996 31.8283 1.8
      vertex -5.38585 31.7961 2.4
      vertex -5.18996 31.8283 2.4
    endloop
  endfacet
  facet normal -0.162201 0.986758 0
    outer loop
      vertex -5.38585 31.7961 2.4
      vertex -5.18996 31.8283 1.8
      vertex -5.38585 31.7961 1.8
    endloop
  endfacet
  facet normal -0.220527 0.975381 0
    outer loop
      vertex -5.00685 31.8697 1.8
      vertex -5.18996 31.8283 2.4
      vertex -5.00685 31.8697 2.4
    endloop
  endfacet
  facet normal -0.220527 0.975381 0
    outer loop
      vertex -5.18996 31.8283 2.4
      vertex -5.00685 31.8697 1.8
      vertex -5.18996 31.8283 1.8
    endloop
  endfacet
  facet normal -0.284315 0.958731 0
    outer loop
      vertex -4.83656 31.9202 1.8
      vertex -5.00685 31.8697 2.4
      vertex -4.83656 31.9202 2.4
    endloop
  endfacet
  facet normal -0.284315 0.958731 0
    outer loop
      vertex -5.00685 31.8697 2.4
      vertex -4.83656 31.9202 1.8
      vertex -5.00685 31.8697 1.8
    endloop
  endfacet
  facet normal -0.355018 0.93486 0
    outer loop
      vertex -4.67909 31.98 1.8
      vertex -4.83656 31.9202 2.4
      vertex -4.67909 31.98 2.4
    endloop
  endfacet
  facet normal -0.355018 0.93486 0
    outer loop
      vertex -4.83656 31.9202 2.4
      vertex -4.67909 31.98 1.8
      vertex -4.83656 31.9202 1.8
    endloop
  endfacet
  facet normal -0.429982 0.902837 0
    outer loop
      vertex -4.53442 32.0489 1.8
      vertex -4.67909 31.98 2.4
      vertex -4.53442 32.0489 2.4
    endloop
  endfacet
  facet normal -0.429982 0.902837 0
    outer loop
      vertex -4.67909 31.98 2.4
      vertex -4.53442 32.0489 1.8
      vertex -4.67909 31.98 1.8
    endloop
  endfacet
  facet normal -0.509641 0.860387 0
    outer loop
      vertex -4.40257 32.127 1.8
      vertex -4.53442 32.0489 2.4
      vertex -4.40257 32.127 2.4
    endloop
  endfacet
  facet normal -0.509641 0.860387 0
    outer loop
      vertex -4.53442 32.0489 2.4
      vertex -4.40257 32.127 1.8
      vertex -4.53442 32.0489 1.8
    endloop
  endfacet
  facet normal -0.593194 0.805059 0
    outer loop
      vertex -4.28409 32.2143 1.8
      vertex -4.40257 32.127 2.4
      vertex -4.28409 32.2143 2.4
    endloop
  endfacet
  facet normal -0.593194 0.805059 0
    outer loop
      vertex -4.40257 32.127 2.4
      vertex -4.28409 32.2143 1.8
      vertex -4.40257 32.127 1.8
    endloop
  endfacet
  facet normal -0.677906 0.735148 0
    outer loop
      vertex -4.17955 32.3107 1.8
      vertex -4.28409 32.2143 2.4
      vertex -4.17955 32.3107 2.4
    endloop
  endfacet
  facet normal -0.677906 0.735148 0
    outer loop
      vertex -4.28409 32.2143 2.4
      vertex -4.17955 32.3107 1.8
      vertex -4.28409 32.2143 1.8
    endloop
  endfacet
  facet normal -0.758917 0.651188 0
    outer loop
      vertex -4.17955 32.3107 1.8
      vertex -4.08894 32.4163 2.4
      vertex -4.08894 32.4163 1.8
    endloop
  endfacet
  facet normal -0.758917 0.651188 0
    outer loop
      vertex -4.08894 32.4163 2.4
      vertex -4.17955 32.3107 1.8
      vertex -4.17955 32.3107 2.4
    endloop
  endfacet
  facet normal -0.831179 0.556005 0
    outer loop
      vertex -4.08894 32.4163 1.8
      vertex -4.01228 32.5309 2.4
      vertex -4.01228 32.5309 1.8
    endloop
  endfacet
  facet normal -0.831179 0.556005 0
    outer loop
      vertex -4.01228 32.5309 2.4
      vertex -4.08894 32.4163 1.8
      vertex -4.08894 32.4163 2.4
    endloop
  endfacet
  facet normal -0.892022 0.451992 0
    outer loop
      vertex -4.01228 32.5309 1.8
      vertex -3.94955 32.6547 2.4
      vertex -3.94955 32.6547 1.8
    endloop
  endfacet
  facet normal -0.892022 0.451992 0
    outer loop
      vertex -3.94955 32.6547 2.4
      vertex -4.01228 32.5309 1.8
      vertex -4.01228 32.5309 2.4
    endloop
  endfacet
  facet normal -0.938678 0.344795 0
    outer loop
      vertex -3.94955 32.6547 1.8
      vertex -3.90077 32.7875 2.4
      vertex -3.90077 32.7875 1.8
    endloop
  endfacet
  facet normal -0.938678 0.344795 0
    outer loop
      vertex -3.90077 32.7875 2.4
      vertex -3.94955 32.6547 1.8
      vertex -3.94955 32.6547 2.4
    endloop
  endfacet
  facet normal -0.971179 0.238349 0
    outer loop
      vertex -3.90077 32.7875 1.8
      vertex -3.86592 32.9295 2.4
      vertex -3.86592 32.9295 1.8
    endloop
  endfacet
  facet normal -0.971179 0.238349 0
    outer loop
      vertex -3.86592 32.9295 2.4
      vertex -3.90077 32.7875 1.8
      vertex -3.90077 32.7875 2.4
    endloop
  endfacet
  facet normal -0.990569 0.137015 0
    outer loop
      vertex -3.86592 32.9295 1.8
      vertex -3.84502 33.0806 2.4
      vertex -3.84502 33.0806 1.8
    endloop
  endfacet
  facet normal -0.990569 0.137015 0
    outer loop
      vertex -3.84502 33.0806 2.4
      vertex -3.86592 32.9295 1.8
      vertex -3.86592 32.9295 2.4
    endloop
  endfacet
  facet normal -0.999053 0.0435021 0
    outer loop
      vertex -3.84502 33.0806 1.8
      vertex -3.83804 33.2409 2.4
      vertex -3.83804 33.2409 1.8
    endloop
  endfacet
  facet normal -0.999053 0.0435021 0
    outer loop
      vertex -3.83804 33.2409 2.4
      vertex -3.84502 33.0806 1.8
      vertex -3.84502 33.0806 2.4
    endloop
  endfacet
  facet normal -0.999042 -0.043751 0
    outer loop
      vertex -3.83804 33.2409 1.8
      vertex -3.84506 33.4012 2.4
      vertex -3.84506 33.4012 1.8
    endloop
  endfacet
  facet normal -0.999042 -0.043751 0
    outer loop
      vertex -3.84506 33.4012 2.4
      vertex -3.83804 33.2409 1.8
      vertex -3.83804 33.2409 2.4
    endloop
  endfacet
  facet normal 0.987553 -0.157288 0
    outer loop
      vertex -4.30756 33.043 2.4
      vertex -4.29184 33.1417 1.8
      vertex -4.29184 33.1417 2.4
    endloop
  endfacet
  facet normal 0.987553 -0.157288 0
    outer loop
      vertex -4.29184 33.1417 1.8
      vertex -4.30756 33.043 2.4
      vertex -4.30756 33.043 1.8
    endloop
  endfacet
  facet normal 0.961972 -0.27315 0
    outer loop
      vertex -4.33374 32.9508 2.4
      vertex -4.30756 33.043 1.8
      vertex -4.30756 33.043 2.4
    endloop
  endfacet
  facet normal 0.961972 -0.27315 0
    outer loop
      vertex -4.30756 33.043 1.8
      vertex -4.33374 32.9508 2.4
      vertex -4.33374 32.9508 1.8
    endloop
  endfacet
  facet normal 0.91945 -0.393207 0
    outer loop
      vertex -4.37039 32.8651 2.4
      vertex -4.33374 32.9508 1.8
      vertex -4.33374 32.9508 2.4
    endloop
  endfacet
  facet normal 0.91945 -0.393207 0
    outer loop
      vertex -4.33374 32.9508 1.8
      vertex -4.37039 32.8651 2.4
      vertex -4.37039 32.8651 1.8
    endloop
  endfacet
  facet normal 0.859307 -0.511461 0
    outer loop
      vertex -4.41753 32.7859 2.4
      vertex -4.37039 32.8651 1.8
      vertex -4.37039 32.8651 2.4
    endloop
  endfacet
  facet normal 0.859307 -0.511461 0
    outer loop
      vertex -4.37039 32.8651 1.8
      vertex -4.41753 32.7859 2.4
      vertex -4.41753 32.7859 1.8
    endloop
  endfacet
  facet normal 0.783389 -0.621532 0
    outer loop
      vertex -4.47513 32.7133 2.4
      vertex -4.41753 32.7859 1.8
      vertex -4.41753 32.7859 2.4
    endloop
  endfacet
  facet normal 0.783389 -0.621532 0
    outer loop
      vertex -4.41753 32.7859 1.8
      vertex -4.47513 32.7133 2.4
      vertex -4.47513 32.7133 1.8
    endloop
  endfacet
  facet normal 0.697139 -0.716936 0
    outer loop
      vertex -4.54321 32.6471 1.8
      vertex -4.47513 32.7133 2.4
      vertex -4.54321 32.6471 2.4
    endloop
  endfacet
  facet normal 0.697139 -0.716936 0
    outer loop
      vertex -4.47513 32.7133 2.4
      vertex -4.54321 32.6471 1.8
      vertex -4.47513 32.7133 1.8
    endloop
  endfacet
  facet normal 0.604502 -0.796604 0
    outer loop
      vertex -4.62175 32.5875 1.8
      vertex -4.54321 32.6471 2.4
      vertex -4.62175 32.5875 2.4
    endloop
  endfacet
  facet normal 0.604502 -0.796604 0
    outer loop
      vertex -4.54321 32.6471 2.4
      vertex -4.62175 32.5875 1.8
      vertex -4.54321 32.6471 1.8
    endloop
  endfacet
  facet normal 0.512238 -0.858843 0
    outer loop
      vertex -4.71078 32.5344 1.8
      vertex -4.62175 32.5875 2.4
      vertex -4.71078 32.5344 2.4
    endloop
  endfacet
  facet normal 0.512238 -0.858843 0
    outer loop
      vertex -4.62175 32.5875 2.4
      vertex -4.71078 32.5344 1.8
      vertex -4.62175 32.5875 1.8
    endloop
  endfacet
  facet normal 0.424214 -0.905562 0
    outer loop
      vertex -4.81111 32.4874 1.8
      vertex -4.71078 32.5344 2.4
      vertex -4.81111 32.4874 2.4
    endloop
  endfacet
  facet normal 0.424214 -0.905562 0
    outer loop
      vertex -4.71078 32.5344 2.4
      vertex -4.81111 32.4874 1.8
      vertex -4.71078 32.5344 1.8
    endloop
  endfacet
  facet normal 0.346934 -0.93789 0
    outer loop
      vertex -4.92357 32.4458 1.8
      vertex -4.81111 32.4874 2.4
      vertex -4.92357 32.4458 2.4
    endloop
  endfacet
  facet normal 0.346934 -0.93789 0
    outer loop
      vertex -4.81111 32.4874 2.4
      vertex -4.92357 32.4458 1.8
      vertex -4.81111 32.4874 1.8
    endloop
  endfacet
  facet normal 0.277592 -0.960699 0
    outer loop
      vertex -5.04816 32.4098 1.8
      vertex -4.92357 32.4458 2.4
      vertex -5.04816 32.4098 2.4
    endloop
  endfacet
  facet normal 0.277592 -0.960699 0
    outer loop
      vertex -4.92357 32.4458 2.4
      vertex -5.04816 32.4098 1.8
      vertex -4.92357 32.4458 1.8
    endloop
  endfacet
  facet normal 0.217051 -0.97616 0
    outer loop
      vertex -5.18488 32.3794 1.8
      vertex -5.04816 32.4098 2.4
      vertex -5.18488 32.3794 2.4
    endloop
  endfacet
  facet normal 0.217051 -0.97616 0
    outer loop
      vertex -5.04816 32.4098 2.4
      vertex -5.18488 32.3794 1.8
      vertex -5.04816 32.4098 1.8
    endloop
  endfacet
  facet normal 0.165645 -0.986185 0
    outer loop
      vertex -5.33372 32.3544 1.8
      vertex -5.18488 32.3794 2.4
      vertex -5.33372 32.3544 2.4
    endloop
  endfacet
  facet normal 0.165645 -0.986185 0
    outer loop
      vertex -5.18488 32.3794 2.4
      vertex -5.33372 32.3544 1.8
      vertex -5.18488 32.3794 1.8
    endloop
  endfacet
  facet normal 0.119031 -0.992891 0
    outer loop
      vertex -5.49471 32.3351 1.8
      vertex -5.33372 32.3544 2.4
      vertex -5.49471 32.3351 2.4
    endloop
  endfacet
  facet normal 0.119031 -0.992891 0
    outer loop
      vertex -5.33372 32.3544 2.4
      vertex -5.49471 32.3351 1.8
      vertex -5.33372 32.3544 1.8
    endloop
  endfacet
  facet normal 0.0800382 -0.996792 0
    outer loop
      vertex -5.66782 32.3212 1.8
      vertex -5.49471 32.3351 2.4
      vertex -5.66782 32.3212 2.4
    endloop
  endfacet
  facet normal 0.0800382 -0.996792 0
    outer loop
      vertex -5.49471 32.3351 2.4
      vertex -5.66782 32.3212 1.8
      vertex -5.49471 32.3351 1.8
    endloop
  endfacet
  facet normal 0.0447618 -0.998998 0
    outer loop
      vertex -5.85306 32.3129 1.8
      vertex -5.66782 32.3212 2.4
      vertex -5.85306 32.3129 2.4
    endloop
  endfacet
  facet normal 0.0447618 -0.998998 0
    outer loop
      vertex -5.66782 32.3212 2.4
      vertex -5.85306 32.3129 1.8
      vertex -5.66782 32.3212 1.8
    endloop
  endfacet
  facet normal 0.0141858 -0.999899 0
    outer loop
      vertex -6.05042 32.3101 1.8
      vertex -5.85306 32.3129 2.4
      vertex -6.05042 32.3101 2.4
    endloop
  endfacet
  facet normal 0.0141858 -0.999899 0
    outer loop
      vertex -5.85306 32.3129 2.4
      vertex -6.05042 32.3101 1.8
      vertex -5.85306 32.3129 1.8
    endloop
  endfacet
  facet normal -0.0137932 -0.999905 0
    outer loop
      vertex -6.2534 32.3129 1.8
      vertex -6.05042 32.3101 2.4
      vertex -6.2534 32.3129 2.4
    endloop
  endfacet
  facet normal -0.0137932 -0.999905 -0
    outer loop
      vertex -6.05042 32.3101 2.4
      vertex -6.2534 32.3129 1.8
      vertex -6.05042 32.3101 1.8
    endloop
  endfacet
  facet normal -0.0431472 -0.999069 0
    outer loop
      vertex -6.44327 32.3211 1.8
      vertex -6.2534 32.3129 2.4
      vertex -6.44327 32.3211 2.4
    endloop
  endfacet
  facet normal -0.0431472 -0.999069 -0
    outer loop
      vertex -6.2534 32.3129 2.4
      vertex -6.44327 32.3211 1.8
      vertex -6.2534 32.3129 1.8
    endloop
  endfacet
  facet normal -0.0767094 -0.997053 0
    outer loop
      vertex -6.62004 32.3347 1.8
      vertex -6.44327 32.3211 2.4
      vertex -6.62004 32.3347 2.4
    endloop
  endfacet
  facet normal -0.0767094 -0.997053 -0
    outer loop
      vertex -6.44327 32.3211 2.4
      vertex -6.62004 32.3347 1.8
      vertex -6.44327 32.3211 1.8
    endloop
  endfacet
  facet normal -0.115926 -0.993258 0
    outer loop
      vertex -6.78369 32.3538 1.8
      vertex -6.62004 32.3347 2.4
      vertex -6.78369 32.3538 2.4
    endloop
  endfacet
  facet normal -0.115926 -0.993258 -0
    outer loop
      vertex -6.62004 32.3347 2.4
      vertex -6.78369 32.3538 1.8
      vertex -6.62004 32.3347 1.8
    endloop
  endfacet
  facet normal -0.161283 -0.986908 0
    outer loop
      vertex -6.93422 32.3784 1.8
      vertex -6.78369 32.3538 2.4
      vertex -6.93422 32.3784 2.4
    endloop
  endfacet
  facet normal -0.161283 -0.986908 -0
    outer loop
      vertex -6.78369 32.3538 2.4
      vertex -6.93422 32.3784 1.8
      vertex -6.78369 32.3538 1.8
    endloop
  endfacet
  facet normal -0.213934 -0.976848 0
    outer loop
      vertex -7.07166 32.4085 1.8
      vertex -6.93422 32.3784 2.4
      vertex -7.07166 32.4085 2.4
    endloop
  endfacet
  facet normal -0.213934 -0.976848 -0
    outer loop
      vertex -6.93422 32.3784 2.4
      vertex -7.07166 32.4085 1.8
      vertex -6.93422 32.3784 1.8
    endloop
  endfacet
  facet normal -0.274599 -0.961559 0
    outer loop
      vertex -7.19597 32.444 1.8
      vertex -7.07166 32.4085 2.4
      vertex -7.19597 32.444 2.4
    endloop
  endfacet
  facet normal -0.274599 -0.961559 -0
    outer loop
      vertex -7.07166 32.4085 2.4
      vertex -7.19597 32.444 1.8
      vertex -7.07166 32.4085 1.8
    endloop
  endfacet
  facet normal -0.345197 -0.93853 0
    outer loop
      vertex -7.30717 32.4849 1.8
      vertex -7.19597 32.444 2.4
      vertex -7.30717 32.4849 2.4
    endloop
  endfacet
  facet normal -0.345197 -0.93853 -0
    outer loop
      vertex -7.19597 32.444 2.4
      vertex -7.30717 32.4849 1.8
      vertex -7.19597 32.444 1.8
    endloop
  endfacet
  facet normal -0.428324 -0.903625 0
    outer loop
      vertex -7.40527 32.5314 1.8
      vertex -7.30717 32.4849 2.4
      vertex -7.40527 32.5314 2.4
    endloop
  endfacet
  facet normal -0.428324 -0.903625 -0
    outer loop
      vertex -7.30717 32.4849 2.4
      vertex -7.40527 32.5314 1.8
      vertex -7.30717 32.4849 1.8
    endloop
  endfacet
  facet normal -0.519702 -0.854347 0
    outer loop
      vertex -7.49174 32.584 1.8
      vertex -7.40527 32.5314 2.4
      vertex -7.49174 32.584 2.4
    endloop
  endfacet
  facet normal -0.519702 -0.854347 -0
    outer loop
      vertex -7.40527 32.5314 2.4
      vertex -7.49174 32.584 1.8
      vertex -7.40527 32.5314 1.8
    endloop
  endfacet
  facet normal -0.616965 -0.786991 0
    outer loop
      vertex -7.56802 32.6438 1.8
      vertex -7.49174 32.584 2.4
      vertex -7.56802 32.6438 2.4
    endloop
  endfacet
  facet normal -0.616965 -0.786991 -0
    outer loop
      vertex -7.49174 32.584 2.4
      vertex -7.56802 32.6438 1.8
      vertex -7.49174 32.584 1.8
    endloop
  endfacet
  facet normal -0.710609 -0.703588 0
    outer loop
      vertex -7.56802 32.6438 1.8
      vertex -7.63416 32.7106 2.4
      vertex -7.63416 32.7106 1.8
    endloop
  endfacet
  facet normal -0.710609 -0.703588 0
    outer loop
      vertex -7.63416 32.7106 2.4
      vertex -7.56802 32.6438 1.8
      vertex -7.56802 32.6438 2.4
    endloop
  endfacet
  facet normal -0.796983 -0.604001 0
    outer loop
      vertex -7.63416 32.7106 1.8
      vertex -7.69009 32.7844 2.4
      vertex -7.69009 32.7844 1.8
    endloop
  endfacet
  facet normal -0.796983 -0.604001 0
    outer loop
      vertex -7.69009 32.7844 2.4
      vertex -7.63416 32.7106 1.8
      vertex -7.63416 32.7106 2.4
    endloop
  endfacet
  facet normal -0.870314 -0.492497 0
    outer loop
      vertex -7.69009 32.7844 1.8
      vertex -7.73587 32.8653 2.4
      vertex -7.73587 32.8653 1.8
    endloop
  endfacet
  facet normal -0.870314 -0.492497 0
    outer loop
      vertex -7.73587 32.8653 2.4
      vertex -7.69009 32.7844 1.8
      vertex -7.69009 32.7844 2.4
    endloop
  endfacet
  facet normal -0.926868 -0.375387 0
    outer loop
      vertex -7.73587 32.8653 1.8
      vertex -7.77147 32.9532 2.4
      vertex -7.77147 32.9532 1.8
    endloop
  endfacet
  facet normal -0.926868 -0.375387 0
    outer loop
      vertex -7.77147 32.9532 2.4
      vertex -7.73587 32.8653 1.8
      vertex -7.73587 32.8653 2.4
    endloop
  endfacet
  facet normal -0.965896 -0.258929 0
    outer loop
      vertex -7.77147 32.9532 1.8
      vertex -7.79691 33.0481 2.4
      vertex -7.79691 33.0481 1.8
    endloop
  endfacet
  facet normal -0.965896 -0.258929 0
    outer loop
      vertex -7.79691 33.0481 2.4
      vertex -7.77147 32.9532 1.8
      vertex -7.77147 32.9532 2.4
    endloop
  endfacet
  facet normal -0.989007 -0.147866 0
    outer loop
      vertex -7.79691 33.0481 1.8
      vertex -7.81216 33.1501 2.4
      vertex -7.81216 33.1501 1.8
    endloop
  endfacet
  facet normal -0.989007 -0.147866 0
    outer loop
      vertex -7.81216 33.1501 2.4
      vertex -7.79691 33.0481 1.8
      vertex -7.79691 33.0481 2.4
    endloop
  endfacet
  facet normal -0.998913 -0.0466038 0
    outer loop
      vertex -7.81216 33.1501 1.8
      vertex -7.81725 33.2592 2.4
      vertex -7.81725 33.2592 1.8
    endloop
  endfacet
  facet normal -0.998913 -0.0466038 0
    outer loop
      vertex -7.81725 33.2592 2.4
      vertex -7.81216 33.1501 1.8
      vertex -7.81216 33.1501 2.4
    endloop
  endfacet
  facet normal -0.998826 0.0484393 0
    outer loop
      vertex -7.81725 33.2592 1.8
      vertex -7.81209 33.3656 2.4
      vertex -7.81209 33.3656 1.8
    endloop
  endfacet
  facet normal -0.998826 0.0484393 0
    outer loop
      vertex -7.81209 33.3656 2.4
      vertex -7.81725 33.2592 1.8
      vertex -7.81725 33.2592 2.4
    endloop
  endfacet
  facet normal -0.988098 0.153826 0
    outer loop
      vertex -7.81209 33.3656 1.8
      vertex -7.7966 33.4651 2.4
      vertex -7.7966 33.4651 1.8
    endloop
  endfacet
  facet normal -0.988098 0.153826 0
    outer loop
      vertex -7.7966 33.4651 2.4
      vertex -7.81209 33.3656 1.8
      vertex -7.81209 33.3656 2.4
    endloop
  endfacet
  facet normal -0.963309 0.268395 0
    outer loop
      vertex -7.7966 33.4651 1.8
      vertex -7.7708 33.5577 2.4
      vertex -7.7708 33.5577 1.8
    endloop
  endfacet
  facet normal -0.963309 0.268395 0
    outer loop
      vertex -7.7708 33.5577 2.4
      vertex -7.7966 33.4651 1.8
      vertex -7.7966 33.4651 2.4
    endloop
  endfacet
  facet normal -0.921421 0.388566 0
    outer loop
      vertex -7.7708 33.5577 1.8
      vertex -7.73466 33.6434 2.4
      vertex -7.73466 33.6434 1.8
    endloop
  endfacet
  facet normal -0.921421 0.388566 0
    outer loop
      vertex -7.73466 33.6434 2.4
      vertex -7.7708 33.5577 1.8
      vertex -7.7708 33.5577 2.4
    endloop
  endfacet
  facet normal -0.861799 0.507249 0
    outer loop
      vertex -7.73466 33.6434 1.8
      vertex -7.68822 33.7223 2.4
      vertex -7.68822 33.7223 1.8
    endloop
  endfacet
  facet normal -0.861799 0.507249 0
    outer loop
      vertex -7.68822 33.7223 2.4
      vertex -7.73466 33.6434 1.8
      vertex -7.73466 33.6434 2.4
    endloop
  endfacet
  facet normal -0.784846 0.61969 0
    outer loop
      vertex -7.68822 33.7223 1.8
      vertex -7.63145 33.7942 2.4
      vertex -7.63145 33.7942 1.8
    endloop
  endfacet
  facet normal -0.784846 0.61969 0
    outer loop
      vertex -7.63145 33.7942 2.4
      vertex -7.68822 33.7223 1.8
      vertex -7.68822 33.7223 2.4
    endloop
  endfacet
  facet normal -0.696383 0.71767 0
    outer loop
      vertex -7.56436 33.8593 1.8
      vertex -7.63145 33.7942 2.4
      vertex -7.56436 33.8593 2.4
    endloop
  endfacet
  facet normal -0.696383 0.71767 0
    outer loop
      vertex -7.63145 33.7942 2.4
      vertex -7.56436 33.8593 1.8
      vertex -7.63145 33.7942 1.8
    endloop
  endfacet
  facet normal -0.600231 0.799826 0
    outer loop
      vertex -7.48694 33.9174 1.8
      vertex -7.56436 33.8593 2.4
      vertex -7.48694 33.9174 2.4
    endloop
  endfacet
  facet normal -0.600231 0.799826 0
    outer loop
      vertex -7.56436 33.8593 2.4
      vertex -7.48694 33.9174 1.8
      vertex -7.56436 33.8593 1.8
    endloop
  endfacet
  facet normal -0.504739 0.863272 0
    outer loop
      vertex -7.3992 33.9687 1.8
      vertex -7.48694 33.9174 2.4
      vertex -7.3992 33.9687 2.4
    endloop
  endfacet
  facet normal -0.504739 0.863272 0
    outer loop
      vertex -7.48694 33.9174 2.4
      vertex -7.3992 33.9687 1.8
      vertex -7.48694 33.9174 1.8
    endloop
  endfacet
  facet normal -0.413768 0.910382 0
    outer loop
      vertex -7.29997 34.0138 1.8
      vertex -7.3992 33.9687 2.4
      vertex -7.29997 34.0138 2.4
    endloop
  endfacet
  facet normal -0.413768 0.910382 0
    outer loop
      vertex -7.3992 33.9687 2.4
      vertex -7.29997 34.0138 1.8
      vertex -7.3992 33.9687 1.8
    endloop
  endfacet
  facet normal -0.335136 0.94217 0
    outer loop
      vertex -7.18808 34.0536 1.8
      vertex -7.29997 34.0138 2.4
      vertex -7.18808 34.0536 2.4
    endloop
  endfacet
  facet normal -0.335136 0.94217 0
    outer loop
      vertex -7.29997 34.0138 2.4
      vertex -7.18808 34.0536 1.8
      vertex -7.29997 34.0138 1.8
    endloop
  endfacet
  facet normal -0.267684 0.963507 0
    outer loop
      vertex -7.06354 34.0882 1.8
      vertex -7.18808 34.0536 2.4
      vertex -7.06354 34.0882 2.4
    endloop
  endfacet
  facet normal -0.267684 0.963507 0
    outer loop
      vertex -7.18808 34.0536 2.4
      vertex -7.06354 34.0882 1.8
      vertex -7.18808 34.0536 1.8
    endloop
  endfacet
  facet normal -0.208151 0.978097 0
    outer loop
      vertex -6.92633 34.1174 1.8
      vertex -7.06354 34.0882 2.4
      vertex -6.92633 34.1174 2.4
    endloop
  endfacet
  facet normal -0.208151 0.978097 0
    outer loop
      vertex -7.06354 34.0882 2.4
      vertex -6.92633 34.1174 1.8
      vertex -7.06354 34.0882 1.8
    endloop
  endfacet
  facet normal -0.157482 0.987522 0
    outer loop
      vertex -6.77646 34.1413 1.8
      vertex -6.92633 34.1174 2.4
      vertex -6.77646 34.1413 2.4
    endloop
  endfacet
  facet normal -0.157482 0.987522 0
    outer loop
      vertex -6.92633 34.1174 2.4
      vertex -6.77646 34.1413 1.8
      vertex -6.92633 34.1174 1.8
    endloop
  endfacet
  facet normal -0.113705 0.993515 0
    outer loop
      vertex -6.61394 34.1599 1.8
      vertex -6.77646 34.1413 2.4
      vertex -6.61394 34.1599 2.4
    endloop
  endfacet
  facet normal -0.113705 0.993515 0
    outer loop
      vertex -6.77646 34.1413 2.4
      vertex -6.61394 34.1599 1.8
      vertex -6.77646 34.1413 1.8
    endloop
  endfacet
  facet normal -0.0756997 0.997131 0
    outer loop
      vertex -6.43875 34.1732 1.8
      vertex -6.61394 34.1599 2.4
      vertex -6.43875 34.1732 2.4
    endloop
  endfacet
  facet normal -0.0756997 0.997131 0
    outer loop
      vertex -6.61394 34.1599 2.4
      vertex -6.43875 34.1732 1.8
      vertex -6.61394 34.1599 1.8
    endloop
  endfacet
  facet normal -0.0425531 0.999094 0
    outer loop
      vertex -6.25092 34.1812 1.8
      vertex -6.43875 34.1732 2.4
      vertex -6.25092 34.1812 2.4
    endloop
  endfacet
  facet normal -0.0425531 0.999094 0
    outer loop
      vertex -6.43875 34.1732 2.4
      vertex -6.25092 34.1812 1.8
      vertex -6.43875 34.1732 1.8
    endloop
  endfacet
  facet normal -0.0129665 0.999916 0
    outer loop
      vertex -6.05042 34.1838 1.8
      vertex -6.25092 34.1812 2.4
      vertex -6.05042 34.1838 2.4
    endloop
  endfacet
  facet normal -0.0129665 0.999916 0
    outer loop
      vertex -6.25092 34.1812 2.4
      vertex -6.05042 34.1838 1.8
      vertex -6.25092 34.1812 1.8
    endloop
  endfacet
  facet normal 0.0144583 0.999895 -0
    outer loop
      vertex -5.85678 34.181 1.8
      vertex -6.05042 34.1838 2.4
      vertex -5.85678 34.181 2.4
    endloop
  endfacet
  facet normal 0.0144583 0.999895 0
    outer loop
      vertex -6.05042 34.1838 2.4
      vertex -5.85678 34.181 1.8
      vertex -6.05042 34.1838 1.8
    endloop
  endfacet
  facet normal 0.0455096 0.998964 -0
    outer loop
      vertex -5.67459 34.1727 1.8
      vertex -5.85678 34.181 2.4
      vertex -5.67459 34.1727 2.4
    endloop
  endfacet
  facet normal 0.0455096 0.998964 0
    outer loop
      vertex -5.85678 34.181 2.4
      vertex -5.67459 34.1727 1.8
      vertex -5.85678 34.181 1.8
    endloop
  endfacet
  facet normal 0.0817265 0.996655 -0
    outer loop
      vertex -5.50386 34.1587 1.8
      vertex -5.67459 34.1727 2.4
      vertex -5.50386 34.1587 2.4
    endloop
  endfacet
  facet normal 0.0817265 0.996655 0
    outer loop
      vertex -5.67459 34.1727 2.4
      vertex -5.50386 34.1587 1.8
      vertex -5.67459 34.1727 1.8
    endloop
  endfacet
  facet normal 0.121511 0.99259 -0
    outer loop
      vertex -5.34457 34.1392 1.8
      vertex -5.50386 34.1587 2.4
      vertex -5.34457 34.1392 2.4
    endloop
  endfacet
  facet normal 0.121511 0.99259 0
    outer loop
      vertex -5.50386 34.1587 2.4
      vertex -5.34457 34.1392 1.8
      vertex -5.50386 34.1587 1.8
    endloop
  endfacet
  facet normal 0.167383 0.985892 -0
    outer loop
      vertex -5.19673 34.1141 1.8
      vertex -5.34457 34.1392 2.4
      vertex -5.19673 34.1141 2.4
    endloop
  endfacet
  facet normal 0.167383 0.985892 0
    outer loop
      vertex -5.34457 34.1392 2.4
      vertex -5.19673 34.1141 1.8
      vertex -5.34457 34.1392 1.8
    endloop
  endfacet
  facet normal 0.21893 0.975741 -0
    outer loop
      vertex -5.06035 34.0835 1.8
      vertex -5.19673 34.1141 2.4
      vertex -5.06035 34.0835 2.4
    endloop
  endfacet
  facet normal 0.21893 0.975741 0
    outer loop
      vertex -5.19673 34.1141 2.4
      vertex -5.06035 34.0835 1.8
      vertex -5.19673 34.1141 1.8
    endloop
  endfacet
  facet normal 0.279023 0.960284 -0
    outer loop
      vertex -4.93542 34.0472 1.8
      vertex -5.06035 34.0835 2.4
      vertex -4.93542 34.0472 2.4
    endloop
  endfacet
  facet normal 0.279023 0.960284 0
    outer loop
      vertex -5.06035 34.0835 2.4
      vertex -4.93542 34.0472 1.8
      vertex -5.06035 34.0835 1.8
    endloop
  endfacet
  facet normal 0.345671 0.938356 -0
    outer loop
      vertex -4.82195 34.0054 1.8
      vertex -4.93542 34.0472 2.4
      vertex -4.82195 34.0054 2.4
    endloop
  endfacet
  facet normal 0.345671 0.938356 0
    outer loop
      vertex -4.93542 34.0472 2.4
      vertex -4.82195 34.0054 1.8
      vertex -4.93542 34.0472 1.8
    endloop
  endfacet
  facet normal 0.421289 0.906927 -0
    outer loop
      vertex -4.71991 33.958 1.8
      vertex -4.82195 34.0054 2.4
      vertex -4.71991 33.958 2.4
    endloop
  endfacet
  facet normal 0.421289 0.906927 0
    outer loop
      vertex -4.82195 34.0054 2.4
      vertex -4.71991 33.958 1.8
      vertex -4.82195 34.0054 1.8
    endloop
  endfacet
  facet normal 0.506357 0.862324 -0
    outer loop
      vertex -4.62897 33.9046 1.8
      vertex -4.71991 33.958 2.4
      vertex -4.62897 33.9046 2.4
    endloop
  endfacet
  facet normal 0.506357 0.862324 0
    outer loop
      vertex -4.71991 33.958 2.4
      vertex -4.62897 33.9046 1.8
      vertex -4.71991 33.958 1.8
    endloop
  endfacet
  facet normal 0.597615 0.801783 -0
    outer loop
      vertex -4.54874 33.8448 1.8
      vertex -4.62897 33.9046 2.4
      vertex -4.54874 33.8448 2.4
    endloop
  endfacet
  facet normal 0.597615 0.801783 0
    outer loop
      vertex -4.62897 33.9046 2.4
      vertex -4.54874 33.8448 1.8
      vertex -4.62897 33.9046 1.8
    endloop
  endfacet
  facet normal 0.689447 0.724336 -0
    outer loop
      vertex -4.47919 33.7786 1.8
      vertex -4.54874 33.8448 2.4
      vertex -4.47919 33.7786 2.4
    endloop
  endfacet
  facet normal 0.689447 0.724336 0
    outer loop
      vertex -4.54874 33.8448 2.4
      vertex -4.47919 33.7786 1.8
      vertex -4.54874 33.8448 1.8
    endloop
  endfacet
  facet normal 0.776886 0.629641 0
    outer loop
      vertex -4.42035 33.706 2.4
      vertex -4.47919 33.7786 1.8
      vertex -4.47919 33.7786 2.4
    endloop
  endfacet
  facet normal 0.776886 0.629641 0
    outer loop
      vertex -4.47919 33.7786 1.8
      vertex -4.42035 33.706 2.4
      vertex -4.42035 33.706 1.8
    endloop
  endfacet
  facet normal 0.853944 0.520365 0
    outer loop
      vertex -4.37221 33.627 2.4
      vertex -4.42035 33.706 1.8
      vertex -4.42035 33.706 2.4
    endloop
  endfacet
  facet normal 0.853944 0.520365 0
    outer loop
      vertex -4.42035 33.706 1.8
      vertex -4.37221 33.627 2.4
      vertex -4.37221 33.627 1.8
    endloop
  endfacet
  facet normal 0.915812 0.401606 0
    outer loop
      vertex -4.33476 33.5416 2.4
      vertex -4.37221 33.627 1.8
      vertex -4.37221 33.627 2.4
    endloop
  endfacet
  facet normal 0.915812 0.401606 0
    outer loop
      vertex -4.37221 33.627 1.8
      vertex -4.33476 33.5416 2.4
      vertex -4.33476 33.5416 1.8
    endloop
  endfacet
  facet normal 0.96007 0.279759 0
    outer loop
      vertex -4.30801 33.4498 2.4
      vertex -4.33476 33.5416 1.8
      vertex -4.33476 33.5416 2.4
    endloop
  endfacet
  facet normal 0.96007 0.279759 0
    outer loop
      vertex -4.33476 33.5416 1.8
      vertex -4.30801 33.4498 2.4
      vertex -4.30801 33.4498 1.8
    endloop
  endfacet
  facet normal 0.986905 0.161302 0
    outer loop
      vertex -4.29196 33.3516 2.4
      vertex -4.30801 33.4498 1.8
      vertex -4.30801 33.4498 2.4
    endloop
  endfacet
  facet normal 0.986905 0.161302 0
    outer loop
      vertex -4.30801 33.4498 1.8
      vertex -4.29196 33.3516 2.4
      vertex -4.29196 33.3516 1.8
    endloop
  endfacet
  facet normal 0.998697 0.0510318 0
    outer loop
      vertex -4.28661 33.2469 2.4
      vertex -4.29196 33.3516 1.8
      vertex -4.29196 33.3516 2.4
    endloop
  endfacet
  facet normal 0.998697 0.0510318 0
    outer loop
      vertex -4.29196 33.3516 1.8
      vertex -4.28661 33.2469 2.4
      vertex -4.28661 33.2469 1.8
    endloop
  endfacet
  facet normal 0.998767 -0.0496535 0
    outer loop
      vertex -4.29184 33.1417 2.4
      vertex -4.28661 33.2469 1.8
      vertex -4.28661 33.2469 2.4
    endloop
  endfacet
  facet normal 0.998767 -0.0496535 0
    outer loop
      vertex -4.28661 33.2469 1.8
      vertex -4.29184 33.1417 2.4
      vertex -4.29184 33.1417 1.8
    endloop
  endfacet
  facet normal 1 -0 0
    outer loop
      vertex -4.36595 30.2401 2.4
      vertex -4.36595 31.2867 1.8
      vertex -4.36595 31.2867 2.4
    endloop
  endfacet
  facet normal 1 0 0
    outer loop
      vertex -4.36595 31.2867 1.8
      vertex -4.36595 30.2401 2.4
      vertex -4.36595 30.2401 1.8
    endloop
  endfacet
  facet normal 0 -1 0
    outer loop
      vertex -8.19872 30.2401 1.8
      vertex -4.36595 30.2401 2.4
      vertex -8.19872 30.2401 2.4
    endloop
  endfacet
  facet normal 0 -1 -0
    outer loop
      vertex -4.36595 30.2401 2.4
      vertex -8.19872 30.2401 1.8
      vertex -4.36595 30.2401 1.8
    endloop
  endfacet
  facet normal 1 -0 0
    outer loop
      vertex -8.19872 29.7335 2.4
      vertex -8.19872 30.2401 1.8
      vertex -8.19872 30.2401 2.4
    endloop
  endfacet
  facet normal 1 0 0
    outer loop
      vertex -8.19872 30.2401 1.8
      vertex -8.19872 29.7335 2.4
      vertex -8.19872 29.7335 1.8
    endloop
  endfacet
  facet normal 0.823977 0.566624 0
    outer loop
      vertex -7.49991 28.7173 2.4
      vertex -8.19872 29.7335 1.8
      vertex -8.19872 29.7335 2.4
    endloop
  endfacet
  facet normal 0.823977 0.566624 0
    outer loop
      vertex -8.19872 29.7335 1.8
      vertex -7.49991 28.7173 2.4
      vertex -7.49991 28.7173 1.8
    endloop
  endfacet
  facet normal 0 1 -0
    outer loop
      vertex -6.98116 28.7173 1.8
      vertex -7.49991 28.7173 2.4
      vertex -6.98116 28.7173 2.4
    endloop
  endfacet
  facet normal 0 1 0
    outer loop
      vertex -7.49991 28.7173 2.4
      vertex -6.98116 28.7173 1.8
      vertex -7.49991 28.7173 1.8
    endloop
  endfacet
  facet normal -0.813921 -0.580976 0
    outer loop
      vertex -6.98116 28.7173 1.8
      vertex -7.67383 29.6877 2.4
      vertex -7.67383 29.6877 1.8
    endloop
  endfacet
  facet normal -0.813921 -0.580976 0
    outer loop
      vertex -7.67383 29.6877 2.4
      vertex -6.98116 28.7173 1.8
      vertex -6.98116 28.7173 2.4
    endloop
  endfacet
  facet normal 0 1 -0
    outer loop
      vertex -4.36595 29.6877 1.8
      vertex -7.67383 29.6877 2.4
      vertex -4.36595 29.6877 2.4
    endloop
  endfacet
  facet normal 0 1 0
    outer loop
      vertex -7.67383 29.6877 2.4
      vertex -4.36595 29.6877 1.8
      vertex -7.67383 29.6877 1.8
    endloop
  endfacet
  facet normal 1 -0 0
    outer loop
      vertex -4.36595 28.5922 2.4
      vertex -4.36595 29.6877 1.8
      vertex -4.36595 29.6877 2.4
    endloop
  endfacet
  facet normal 1 0 0
    outer loop
      vertex -4.36595 29.6877 1.8
      vertex -4.36595 28.5922 2.4
      vertex -4.36595 28.5922 1.8
    endloop
  endfacet
  facet normal 0 1 -0
    outer loop
      vertex -3.89906 28.5922 1.8
      vertex -4.36595 28.5922 2.4
      vertex -3.89906 28.5922 2.4
    endloop
  endfacet
  facet normal 0 1 0
    outer loop
      vertex -4.36595 28.5922 2.4
      vertex -3.89906 28.5922 1.8
      vertex -4.36595 28.5922 1.8
    endloop
  endfacet
  facet normal -1 0 0
    outer loop
      vertex -3.89906 28.5922 1.8
      vertex -3.89906 31.2867 2.4
      vertex -3.89906 31.2867 1.8
    endloop
  endfacet
  facet normal -1 -0 0
    outer loop
      vertex -3.89906 31.2867 2.4
      vertex -3.89906 28.5922 1.8
      vertex -3.89906 28.5922 2.4
    endloop
  endfacet
  facet normal 0 -1 0
    outer loop
      vertex -4.36595 31.2867 1.8
      vertex -3.89906 31.2867 2.4
      vertex -4.36595 31.2867 2.4
    endloop
  endfacet
  facet normal 0 -1 -0
    outer loop
      vertex -3.89906 31.2867 2.4
      vertex -4.36595 31.2867 1.8
      vertex -3.89906 31.2867 1.8
    endloop
  endfacet
  facet normal 1 -0 0
    outer loop
      vertex -4.37512 41.0849 2.4
      vertex -4.37512 43.2576 1.8
      vertex -4.37512 43.2576 2.4
    endloop
  endfacet
  facet normal 1 0 0
    outer loop
      vertex -4.37512 43.2576 1.8
      vertex -4.37512 41.0849 2.4
      vertex -4.37512 41.0849 1.8
    endloop
  endfacet
  facet normal 0 -1 0
    outer loop
      vertex -8.19872 41.0849 1.8
      vertex -4.37512 41.0849 2.4
      vertex -8.19872 41.0849 2.4
    endloop
  endfacet
  facet normal 0 -1 -0
    outer loop
      vertex -4.37512 41.0849 2.4
      vertex -8.19872 41.0849 1.8
      vertex -4.37512 41.0849 1.8
    endloop
  endfacet
  facet normal 1 -0 0
    outer loop
      vertex -8.19872 40.5021 2.4
      vertex -8.19872 41.0849 1.8
      vertex -8.19872 41.0849 2.4
    endloop
  endfacet
  facet normal 1 0 0
    outer loop
      vertex -8.19872 41.0849 1.8
      vertex -8.19872 40.5021 2.4
      vertex -8.19872 40.5021 1.8
    endloop
  endfacet
  facet normal 0 1 -0
    outer loop
      vertex -3.89906 40.5021 1.8
      vertex -8.19872 40.5021 2.4
      vertex -3.89906 40.5021 2.4
    endloop
  endfacet
  facet normal 0 1 0
    outer loop
      vertex -8.19872 40.5021 2.4
      vertex -3.89906 40.5021 1.8
      vertex -8.19872 40.5021 1.8
    endloop
  endfacet
  facet normal -1 0 0
    outer loop
      vertex -3.89906 40.5021 1.8
      vertex -3.89906 43.2576 2.4
      vertex -3.89906 43.2576 1.8
    endloop
  endfacet
  facet normal -1 -0 0
    outer loop
      vertex -3.89906 43.2576 2.4
      vertex -3.89906 40.5021 1.8
      vertex -3.89906 40.5021 2.4
    endloop
  endfacet
  facet normal 0 -1 0
    outer loop
      vertex -4.37512 43.2576 1.8
      vertex -3.89906 43.2576 2.4
      vertex -4.37512 43.2576 2.4
    endloop
  endfacet
  facet normal 0 -1 -0
    outer loop
      vertex -3.89906 43.2576 2.4
      vertex -4.37512 43.2576 1.8
      vertex -3.89906 43.2576 1.8
    endloop
  endfacet
  facet normal -0.0245696 -0.999698 0
    outer loop
      vertex -5.91817 35.8872 1.8
      vertex -5.81238 35.8846 2.4
      vertex -5.91817 35.8872 2.4
    endloop
  endfacet
  facet normal -0.0245696 -0.999698 -0
    outer loop
      vertex -5.81238 35.8846 2.4
      vertex -5.91817 35.8872 1.8
      vertex -5.81238 35.8846 1.8
    endloop
  endfacet
  facet normal -0.0745379 -0.997218 0
    outer loop
      vertex -6.01851 35.8947 1.8
      vertex -5.91817 35.8872 2.4
      vertex -6.01851 35.8947 2.4
    endloop
  endfacet
  facet normal -0.0745379 -0.997218 -0
    outer loop
      vertex -5.91817 35.8872 2.4
      vertex -6.01851 35.8947 1.8
      vertex -5.91817 35.8872 1.8
    endloop
  endfacet
  facet normal -0.131562 -0.991308 0
    outer loop
      vertex -6.11345 35.9073 1.8
      vertex -6.01851 35.8947 2.4
      vertex -6.11345 35.9073 2.4
    endloop
  endfacet
  facet normal -0.131562 -0.991308 -0
    outer loop
      vertex -6.01851 35.8947 2.4
      vertex -6.11345 35.9073 1.8
      vertex -6.01851 35.8947 1.8
    endloop
  endfacet
  facet normal -0.193987 -0.981004 0
    outer loop
      vertex -6.20296 35.925 1.8
      vertex -6.11345 35.9073 2.4
      vertex -6.20296 35.925 2.4
    endloop
  endfacet
  facet normal -0.193987 -0.981004 -0
    outer loop
      vertex -6.11345 35.9073 2.4
      vertex -6.20296 35.925 1.8
      vertex -6.11345 35.9073 1.8
    endloop
  endfacet
  facet normal -0.26062 -0.965442 0
    outer loop
      vertex -6.28705 35.9477 1.8
      vertex -6.20296 35.925 2.4
      vertex -6.28705 35.9477 2.4
    endloop
  endfacet
  facet normal -0.26062 -0.965442 -0
    outer loop
      vertex -6.20296 35.925 2.4
      vertex -6.28705 35.9477 1.8
      vertex -6.20296 35.925 1.8
    endloop
  endfacet
  facet normal -0.333221 -0.942849 0
    outer loop
      vertex -6.36571 35.9755 1.8
      vertex -6.28705 35.9477 2.4
      vertex -6.36571 35.9755 2.4
    endloop
  endfacet
  facet normal -0.333221 -0.942849 -0
    outer loop
      vertex -6.28705 35.9477 2.4
      vertex -6.36571 35.9755 1.8
      vertex -6.28705 35.9477 1.8
    endloop
  endfacet
  facet normal -0.40882 -0.912615 0
    outer loop
      vertex -6.43893 36.0083 1.8
      vertex -6.36571 35.9755 2.4
      vertex -6.43893 36.0083 2.4
    endloop
  endfacet
  facet normal -0.40882 -0.912615 -0
    outer loop
      vertex -6.36571 35.9755 2.4
      vertex -6.43893 36.0083 1.8
      vertex -6.36571 35.9755 1.8
    endloop
  endfacet
  facet normal -0.487882 -0.87291 0
    outer loop
      vertex -6.50674 36.0462 1.8
      vertex -6.43893 36.0083 2.4
      vertex -6.50674 36.0462 2.4
    endloop
  endfacet
  facet normal -0.487882 -0.87291 -0
    outer loop
      vertex -6.43893 36.0083 2.4
      vertex -6.50674 36.0462 1.8
      vertex -6.43893 36.0083 1.8
    endloop
  endfacet
  facet normal -0.566652 -0.823957 0
    outer loop
      vertex -6.56912 36.0891 1.8
      vertex -6.50674 36.0462 2.4
      vertex -6.56912 36.0891 2.4
    endloop
  endfacet
  facet normal -0.566652 -0.823957 -0
    outer loop
      vertex -6.50674 36.0462 2.4
      vertex -6.56912 36.0891 1.8
      vertex -6.50674 36.0462 1.8
    endloop
  endfacet
  facet normal -0.641989 -0.766714 0
    outer loop
      vertex -6.62549 36.1363 1.8
      vertex -6.56912 36.0891 2.4
      vertex -6.62549 36.1363 2.4
    endloop
  endfacet
  facet normal -0.641989 -0.766714 -0
    outer loop
      vertex -6.56912 36.0891 2.4
      vertex -6.62549 36.1363 1.8
      vertex -6.56912 36.0891 1.8
    endloop
  endfacet
  facet normal -0.71521 -0.69891 0
    outer loop
      vertex -6.62549 36.1363 1.8
      vertex -6.67523 36.1872 2.4
      vertex -6.67523 36.1872 1.8
    endloop
  endfacet
  facet normal -0.71521 -0.69891 0
    outer loop
      vertex -6.67523 36.1872 2.4
      vertex -6.62549 36.1363 1.8
      vertex -6.62549 36.1363 2.4
    endloop
  endfacet
  facet normal -0.784437 -0.620209 0
    outer loop
      vertex -6.67523 36.1872 1.8
      vertex -6.71832 36.2417 2.4
      vertex -6.71832 36.2417 1.8
    endloop
  endfacet
  facet normal -0.784437 -0.620209 0
    outer loop
      vertex -6.71832 36.2417 2.4
      vertex -6.67523 36.1872 1.8
      vertex -6.67523 36.1872 2.4
    endloop
  endfacet
  facet normal -0.846834 -0.531858 0
    outer loop
      vertex -6.71832 36.2417 1.8
      vertex -6.75481 36.2998 2.4
      vertex -6.75481 36.2998 1.8
    endloop
  endfacet
  facet normal -0.846834 -0.531858 0
    outer loop
      vertex -6.75481 36.2998 2.4
      vertex -6.71832 36.2417 1.8
      vertex -6.71832 36.2417 2.4
    endloop
  endfacet
  facet normal -0.900301 -0.435267 0
    outer loop
      vertex -6.75481 36.2998 1.8
      vertex -6.78464 36.3615 2.4
      vertex -6.78464 36.3615 1.8
    endloop
  endfacet
  facet normal -0.900301 -0.435267 0
    outer loop
      vertex -6.78464 36.3615 2.4
      vertex -6.75481 36.2998 1.8
      vertex -6.75481 36.2998 2.4
    endloop
  endfacet
  facet normal -0.94225 -0.33491 0
    outer loop
      vertex -6.78464 36.3615 1.8
      vertex -6.80785 36.4268 2.4
      vertex -6.80785 36.4268 1.8
    endloop
  endfacet
  facet normal -0.94225 -0.33491 0
    outer loop
      vertex -6.80785 36.4268 2.4
      vertex -6.78464 36.3615 1.8
      vertex -6.78464 36.3615 2.4
    endloop
  endfacet
  facet normal -0.972246 -0.23396 0
    outer loop
      vertex -6.80785 36.4268 1.8
      vertex -6.82443 36.4957 2.4
      vertex -6.82443 36.4957 1.8
    endloop
  endfacet
  facet normal -0.972246 -0.23396 0
    outer loop
      vertex -6.82443 36.4957 2.4
      vertex -6.80785 36.4268 1.8
      vertex -6.80785 36.4268 2.4
    endloop
  endfacet
  facet normal -0.990739 -0.135783 0
    outer loop
      vertex -6.82443 36.4957 1.8
      vertex -6.83438 36.5683 2.4
      vertex -6.83438 36.5683 1.8
    endloop
  endfacet
  facet normal -0.990739 -0.135783 0
    outer loop
      vertex -6.83438 36.5683 2.4
      vertex -6.82443 36.4957 1.8
      vertex -6.82443 36.4957 2.4
    endloop
  endfacet
  facet normal -0.999058 -0.0433974 0
    outer loop
      vertex -6.83438 36.5683 1.8
      vertex -6.83769 36.6445 2.4
      vertex -6.83769 36.6445 1.8
    endloop
  endfacet
  facet normal -0.999058 -0.0433974 0
    outer loop
      vertex -6.83769 36.6445 2.4
      vertex -6.83438 36.5683 1.8
      vertex -6.83438 36.5683 2.4
    endloop
  endfacet
  facet normal -0.999525 0.0308176 0
    outer loop
      vertex -6.83769 36.6445 1.8
      vertex -6.83543 36.7178 2.4
      vertex -6.83543 36.7178 1.8
    endloop
  endfacet
  facet normal -0.999525 0.0308176 0
    outer loop
      vertex -6.83543 36.7178 2.4
      vertex -6.83769 36.6445 1.8
      vertex -6.83769 36.6445 2.4
    endloop
  endfacet
  facet normal -0.99508 0.0990703 0
    outer loop
      vertex -6.83543 36.7178 1.8
      vertex -6.82864 36.786 2.4
      vertex -6.82864 36.786 1.8
    endloop
  endfacet
  facet normal -0.99508 0.0990703 0
    outer loop
      vertex -6.82864 36.786 2.4
      vertex -6.83543 36.7178 1.8
      vertex -6.83543 36.7178 2.4
    endloop
  endfacet
  facet normal -0.984271 0.176668 0
    outer loop
      vertex -6.82864 36.786 1.8
      vertex -6.81735 36.8489 2.4
      vertex -6.81735 36.8489 1.8
    endloop
  endfacet
  facet normal -0.984271 0.176668 0
    outer loop
      vertex -6.81735 36.8489 2.4
      vertex -6.82864 36.786 1.8
      vertex -6.82864 36.786 2.4
    endloop
  endfacet
  facet normal -0.96444 0.264303 0
    outer loop
      vertex -6.81735 36.8489 1.8
      vertex -6.80151 36.9067 2.4
      vertex -6.80151 36.9067 1.8
    endloop
  endfacet
  facet normal -0.96444 0.264303 0
    outer loop
      vertex -6.80151 36.9067 2.4
      vertex -6.81735 36.8489 1.8
      vertex -6.81735 36.8489 2.4
    endloop
  endfacet
  facet normal -0.932464 0.361263 0
    outer loop
      vertex -6.80151 36.9067 1.8
      vertex -6.78117 36.9592 2.4
      vertex -6.78117 36.9592 1.8
    endloop
  endfacet
  facet normal -0.932464 0.361263 0
    outer loop
      vertex -6.78117 36.9592 2.4
      vertex -6.80151 36.9067 1.8
      vertex -6.80151 36.9067 2.4
    endloop
  endfacet
  facet normal -0.885667 0.464321 0
    outer loop
      vertex -6.78117 36.9592 1.8
      vertex -6.75632 37.0066 2.4
      vertex -6.75632 37.0066 1.8
    endloop
  endfacet
  facet normal -0.885667 0.464321 0
    outer loop
      vertex -6.75632 37.0066 2.4
      vertex -6.78117 36.9592 1.8
      vertex -6.78117 36.9592 2.4
    endloop
  endfacet
  facet normal -0.819963 0.572416 0
    outer loop
      vertex -6.75632 37.0066 1.8
      vertex -6.72693 37.0487 2.4
      vertex -6.72693 37.0487 1.8
    endloop
  endfacet
  facet normal -0.819963 0.572416 0
    outer loop
      vertex -6.72693 37.0487 2.4
      vertex -6.75632 37.0066 1.8
      vertex -6.75632 37.0066 2.4
    endloop
  endfacet
  facet normal -0.737121 0.675761 0
    outer loop
      vertex -6.72693 37.0487 1.8
      vertex -6.69301 37.0857 2.4
      vertex -6.69301 37.0857 1.8
    endloop
  endfacet
  facet normal -0.737121 0.675761 0
    outer loop
      vertex -6.69301 37.0857 2.4
      vertex -6.72693 37.0487 1.8
      vertex -6.72693 37.0487 2.4
    endloop
  endfacet
  facet normal -0.637617 0.770354 0
    outer loop
      vertex -6.65459 37.1175 1.8
      vertex -6.69301 37.0857 2.4
      vertex -6.65459 37.1175 2.4
    endloop
  endfacet
  facet normal -0.637617 0.770354 0
    outer loop
      vertex -6.69301 37.0857 2.4
      vertex -6.65459 37.1175 1.8
      vertex -6.69301 37.0857 1.8
    endloop
  endfacet
  facet normal -0.526981 0.849877 0
    outer loop
      vertex -6.61024 37.145 1.8
      vertex -6.65459 37.1175 2.4
      vertex -6.61024 37.145 2.4
    endloop
  endfacet
  facet normal -0.526981 0.849877 0
    outer loop
      vertex -6.65459 37.1175 2.4
      vertex -6.61024 37.145 1.8
      vertex -6.65459 37.1175 1.8
    endloop
  endfacet
  facet normal -0.425848 0.904795 0
    outer loop
      vertex -6.55861 37.1693 1.8
      vertex -6.61024 37.145 2.4
      vertex -6.55861 37.1693 2.4
    endloop
  endfacet
  facet normal -0.425848 0.904795 0
    outer loop
      vertex -6.61024 37.145 2.4
      vertex -6.55861 37.1693 1.8
      vertex -6.61024 37.145 1.8
    endloop
  endfacet
  facet normal -0.336943 0.941525 0
    outer loop
      vertex -6.49965 37.1904 1.8
      vertex -6.55861 37.1693 2.4
      vertex -6.49965 37.1904 2.4
    endloop
  endfacet
  facet normal -0.336943 0.941525 0
    outer loop
      vertex -6.55861 37.1693 2.4
      vertex -6.49965 37.1904 1.8
      vertex -6.55861 37.1693 1.8
    endloop
  endfacet
  facet normal -0.259404 0.965769 0
    outer loop
      vertex -6.43338 37.2082 1.8
      vertex -6.49965 37.1904 2.4
      vertex -6.43338 37.2082 2.4
    endloop
  endfacet
  facet normal -0.259404 0.965769 0
    outer loop
      vertex -6.49965 37.1904 2.4
      vertex -6.43338 37.2082 1.8
      vertex -6.49965 37.1904 1.8
    endloop
  endfacet
  facet normal -0.194629 0.980877 0
    outer loop
      vertex -6.3598 37.2228 1.8
      vertex -6.43338 37.2082 2.4
      vertex -6.3598 37.2228 2.4
    endloop
  endfacet
  facet normal -0.194629 0.980877 0
    outer loop
      vertex -6.43338 37.2082 2.4
      vertex -6.3598 37.2228 1.8
      vertex -6.43338 37.2082 1.8
    endloop
  endfacet
  facet normal -0.138386 0.990378 0
    outer loop
      vertex -6.27893 37.2341 1.8
      vertex -6.3598 37.2228 2.4
      vertex -6.27893 37.2341 2.4
    endloop
  endfacet
  facet normal -0.138386 0.990378 0
    outer loop
      vertex -6.3598 37.2228 2.4
      vertex -6.27893 37.2341 1.8
      vertex -6.3598 37.2228 1.8
    endloop
  endfacet
  facet normal -0.0914519 0.995809 0
    outer loop
      vertex -6.19073 37.2422 1.8
      vertex -6.27893 37.2341 2.4
      vertex -6.19073 37.2422 2.4
    endloop
  endfacet
  facet normal -0.0914519 0.995809 0
    outer loop
      vertex -6.27893 37.2341 2.4
      vertex -6.19073 37.2422 1.8
      vertex -6.27893 37.2341 1.8
    endloop
  endfacet
  facet normal -0.0512415 0.998686 0
    outer loop
      vertex -6.09523 37.2471 1.8
      vertex -6.19073 37.2422 2.4
      vertex -6.09523 37.2471 2.4
    endloop
  endfacet
  facet normal -0.0512415 0.998686 0
    outer loop
      vertex -6.19073 37.2422 2.4
      vertex -6.09523 37.2471 1.8
      vertex -6.19073 37.2422 1.8
    endloop
  endfacet
  facet normal -0.0155623 0.999879 0
    outer loop
      vertex -5.99243 37.2487 1.8
      vertex -6.09523 37.2471 2.4
      vertex -5.99243 37.2487 2.4
    endloop
  endfacet
  facet normal -0.0155623 0.999879 0
    outer loop
      vertex -6.09523 37.2471 2.4
      vertex -5.99243 37.2487 1.8
      vertex -6.09523 37.2471 1.8
    endloop
  endfacet
  facet normal 0 1 -0
    outer loop
      vertex -3.89906 37.2487 1.8
      vertex -5.99243 37.2487 2.4
      vertex -3.89906 37.2487 2.4
    endloop
  endfacet
  facet normal 0 1 0
    outer loop
      vertex -5.99243 37.2487 2.4
      vertex -3.89906 37.2487 1.8
      vertex -5.99243 37.2487 1.8
    endloop
  endfacet
  facet normal -1 0 0
    outer loop
      vertex -3.89906 37.2487 1.8
      vertex -3.89906 37.7919 2.4
      vertex -3.89906 37.7919 1.8
    endloop
  endfacet
  facet normal -1 -0 0
    outer loop
      vertex -3.89906 37.7919 2.4
      vertex -3.89906 37.2487 1.8
      vertex -3.89906 37.2487 2.4
    endloop
  endfacet
  facet normal 0 -1 0
    outer loop
      vertex -5.81238 37.7919 1.8
      vertex -3.89906 37.7919 2.4
      vertex -5.81238 37.7919 2.4
    endloop
  endfacet
  facet normal 0 -1 -0
    outer loop
      vertex -3.89906 37.7919 2.4
      vertex -5.81238 37.7919 1.8
      vertex -3.89906 37.7919 1.8
    endloop
  endfacet
  facet normal -0.0225485 -0.999746 0
    outer loop
      vertex -5.91879 37.7943 1.8
      vertex -5.81238 37.7919 2.4
      vertex -5.91879 37.7943 2.4
    endloop
  endfacet
  facet normal -0.0225485 -0.999746 -0
    outer loop
      vertex -5.81238 37.7919 2.4
      vertex -5.91879 37.7943 1.8
      vertex -5.81238 37.7919 1.8
    endloop
  endfacet
  facet normal -0.0731723 -0.997319 0
    outer loop
      vertex -6.01965 37.8017 1.8
      vertex -5.91879 37.7943 2.4
      vertex -6.01965 37.8017 2.4
    endloop
  endfacet
  facet normal -0.0731723 -0.997319 -0
    outer loop
      vertex -5.91879 37.7943 2.4
      vertex -6.01965 37.8017 1.8
      vertex -5.91879 37.7943 1.8
    endloop
  endfacet
  facet normal -0.129001 -0.991644 0
    outer loop
      vertex -6.11497 37.8141 1.8
      vertex -6.01965 37.8017 2.4
      vertex -6.11497 37.8141 2.4
    endloop
  endfacet
  facet normal -0.129001 -0.991644 -0
    outer loop
      vertex -6.01965 37.8017 2.4
      vertex -6.11497 37.8141 1.8
      vertex -6.01965 37.8017 1.8
    endloop
  endfacet
  facet normal -0.188117 -0.982147 0
    outer loop
      vertex -6.20477 37.8313 1.8
      vertex -6.11497 37.8141 2.4
      vertex -6.20477 37.8313 2.4
    endloop
  endfacet
  facet normal -0.188117 -0.982147 -0
    outer loop
      vertex -6.11497 37.8141 2.4
      vertex -6.20477 37.8313 1.8
      vertex -6.11497 37.8141 1.8
    endloop
  endfacet
  facet normal -0.254776 -0.967 0
    outer loop
      vertex -6.28903 37.8535 1.8
      vertex -6.20477 37.8313 2.4
      vertex -6.28903 37.8535 2.4
    endloop
  endfacet
  facet normal -0.254776 -0.967 -0
    outer loop
      vertex -6.20477 37.8313 2.4
      vertex -6.28903 37.8535 1.8
      vertex -6.20477 37.8313 1.8
    endloop
  endfacet
  facet normal -0.326583 -0.945169 0
    outer loop
      vertex -6.36775 37.8807 1.8
      vertex -6.28903 37.8535 2.4
      vertex -6.36775 37.8807 2.4
    endloop
  endfacet
  facet normal -0.326583 -0.945169 -0
    outer loop
      vertex -6.28903 37.8535 2.4
      vertex -6.36775 37.8807 1.8
      vertex -6.28903 37.8535 1.8
    endloop
  endfacet
  facet normal -0.401744 -0.915752 0
    outer loop
      vertex -6.44092 37.9128 1.8
      vertex -6.36775 37.8807 2.4
      vertex -6.44092 37.9128 2.4
    endloop
  endfacet
  facet normal -0.401744 -0.915752 -0
    outer loop
      vertex -6.36775 37.8807 2.4
      vertex -6.44092 37.9128 1.8
      vertex -6.36775 37.8807 1.8
    endloop
  endfacet
  facet normal -0.479906 -0.87732 0
    outer loop
      vertex -6.50856 37.9498 1.8
      vertex -6.44092 37.9128 2.4
      vertex -6.50856 37.9498 2.4
    endloop
  endfacet
  facet normal -0.479906 -0.87732 -0
    outer loop
      vertex -6.44092 37.9128 2.4
      vertex -6.50856 37.9498 1.8
      vertex -6.44092 37.9128 1.8
    endloop
  endfacet
  facet normal -0.559312 -0.828957 0
    outer loop
      vertex -6.57066 37.9917 1.8
      vertex -6.50856 37.9498 2.4
      vertex -6.57066 37.9917 2.4
    endloop
  endfacet
  facet normal -0.559312 -0.828957 -0
    outer loop
      vertex -6.50856 37.9498 2.4
      vertex -6.57066 37.9917 1.8
      vertex -6.50856 37.9498 1.8
    endloop
  endfacet
  facet normal -0.63768 -0.770301 0
    outer loop
      vertex -6.62671 38.0381 1.8
      vertex -6.57066 37.9917 2.4
      vertex -6.62671 38.0381 2.4
    endloop
  endfacet
  facet normal -0.63768 -0.770301 -0
    outer loop
      vertex -6.57066 37.9917 2.4
      vertex -6.62671 38.0381 1.8
      vertex -6.57066 37.9917 1.8
    endloop
  endfacet
  facet normal -0.713873 -0.700275 0
    outer loop
      vertex -6.62671 38.0381 1.8
      vertex -6.67615 38.0885 2.4
      vertex -6.67615 38.0885 1.8
    endloop
  endfacet
  facet normal -0.713873 -0.700275 0
    outer loop
      vertex -6.67615 38.0885 2.4
      vertex -6.62671 38.0381 1.8
      vertex -6.62671 38.0381 2.4
    endloop
  endfacet
  facet normal -0.784942 -0.619569 0
    outer loop
      vertex -6.67615 38.0885 1.8
      vertex -6.71901 38.1428 2.4
      vertex -6.71901 38.1428 1.8
    endloop
  endfacet
  facet normal -0.784942 -0.619569 0
    outer loop
      vertex -6.71901 38.1428 2.4
      vertex -6.67615 38.0885 1.8
      vertex -6.67615 38.0885 2.4
    endloop
  endfacet
  facet normal -0.848686 -0.528897 0
    outer loop
      vertex -6.71901 38.1428 1.8
      vertex -6.75528 38.201 2.4
      vertex -6.75528 38.201 1.8
    endloop
  endfacet
  facet normal -0.848686 -0.528897 0
    outer loop
      vertex -6.75528 38.201 2.4
      vertex -6.71901 38.1428 1.8
      vertex -6.71901 38.1428 2.4
    endloop
  endfacet
  facet normal -0.902898 -0.429855 0
    outer loop
      vertex -6.75528 38.201 1.8
      vertex -6.78494 38.2633 2.4
      vertex -6.78494 38.2633 1.8
    endloop
  endfacet
  facet normal -0.902898 -0.429855 0
    outer loop
      vertex -6.78494 38.2633 2.4
      vertex -6.75528 38.201 1.8
      vertex -6.75528 38.201 2.4
    endloop
  endfacet
  facet normal -0.944147 -0.329523 0
    outer loop
      vertex -6.78494 38.2633 1.8
      vertex -6.80801 38.3294 2.4
      vertex -6.80801 38.3294 1.8
    endloop
  endfacet
  facet normal -0.944147 -0.329523 0
    outer loop
      vertex -6.80801 38.3294 2.4
      vertex -6.78494 38.2633 1.8
      vertex -6.78494 38.2633 2.4
    endloop
  endfacet
  facet normal -0.973472 -0.228807 0
    outer loop
      vertex -6.80801 38.3294 1.8
      vertex -6.82451 38.3996 2.4
      vertex -6.82451 38.3996 1.8
    endloop
  endfacet
  facet normal -0.973472 -0.228807 0
    outer loop
      vertex -6.82451 38.3996 2.4
      vertex -6.80801 38.3294 1.8
      vertex -6.80801 38.3294 2.4
    endloop
  endfacet
  facet normal -0.991187 -0.132471 0
    outer loop
      vertex -6.82451 38.3996 1.8
      vertex -6.8344 38.4736 2.4
      vertex -6.8344 38.4736 1.8
    endloop
  endfacet
  facet normal -0.991187 -0.132471 0
    outer loop
      vertex -6.8344 38.4736 2.4
      vertex -6.82451 38.3996 1.8
      vertex -6.82451 38.3996 2.4
    endloop
  endfacet
  facet normal -0.999114 -0.0420882 0
    outer loop
      vertex -6.8344 38.4736 1.8
      vertex -6.83769 38.5517 2.4
      vertex -6.83769 38.5517 1.8
    endloop
  endfacet
  facet normal -0.999114 -0.0420882 0
    outer loop
      vertex -6.83769 38.5517 2.4
      vertex -6.8344 38.4736 1.8
      vertex -6.8344 38.4736 2.4
    endloop
  endfacet
  facet normal -0.999525 0.0308176 0
    outer loop
      vertex -6.83769 38.5517 1.8
      vertex -6.83543 38.625 2.4
      vertex -6.83543 38.625 1.8
    endloop
  endfacet
  facet normal -0.999525 0.0308176 0
    outer loop
      vertex -6.83543 38.625 2.4
      vertex -6.83769 38.5517 1.8
      vertex -6.83769 38.5517 2.4
    endloop
  endfacet
  facet normal -0.99508 0.0990703 0
    outer loop
      vertex -6.83543 38.625 1.8
      vertex -6.82864 38.6932 2.4
      vertex -6.82864 38.6932 1.8
    endloop
  endfacet
  facet normal -0.99508 0.0990703 0
    outer loop
      vertex -6.82864 38.6932 2.4
      vertex -6.83543 38.625 1.8
      vertex -6.83543 38.625 2.4
    endloop
  endfacet
  facet normal -0.984271 0.176668 0
    outer loop
      vertex -6.82864 38.6932 1.8
      vertex -6.81735 38.7561 2.4
      vertex -6.81735 38.7561 1.8
    endloop
  endfacet
  facet normal -0.984271 0.176668 0
    outer loop
      vertex -6.81735 38.7561 2.4
      vertex -6.82864 38.6932 1.8
      vertex -6.82864 38.6932 2.4
    endloop
  endfacet
  facet normal -0.96444 0.264303 0
    outer loop
      vertex -6.81735 38.7561 1.8
      vertex -6.80151 38.8139 2.4
      vertex -6.80151 38.8139 1.8
    endloop
  endfacet
  facet normal -0.96444 0.264303 0
    outer loop
      vertex -6.80151 38.8139 2.4
      vertex -6.81735 38.7561 1.8
      vertex -6.81735 38.7561 2.4
    endloop
  endfacet
  facet normal -0.932695 0.360666 0
    outer loop
      vertex -6.80151 38.8139 1.8
      vertex -6.78117 38.8665 2.4
      vertex -6.78117 38.8665 1.8
    endloop
  endfacet
  facet normal -0.932695 0.360666 0
    outer loop
      vertex -6.78117 38.8665 2.4
      vertex -6.80151 38.8139 1.8
      vertex -6.80151 38.8139 2.4
    endloop
  endfacet
  facet normal -0.885263 0.465091 0
    outer loop
      vertex -6.78117 38.8665 1.8
      vertex -6.75632 38.9138 2.4
      vertex -6.75632 38.9138 1.8
    endloop
  endfacet
  facet normal -0.885263 0.465091 0
    outer loop
      vertex -6.75632 38.9138 2.4
      vertex -6.78117 38.8665 1.8
      vertex -6.78117 38.8665 2.4
    endloop
  endfacet
  facet normal -0.8206 0.571503 0
    outer loop
      vertex -6.75632 38.9138 1.8
      vertex -6.72693 38.956 2.4
      vertex -6.72693 38.956 1.8
    endloop
  endfacet
  facet normal -0.8206 0.571503 0
    outer loop
      vertex -6.72693 38.956 2.4
      vertex -6.75632 38.9138 1.8
      vertex -6.75632 38.9138 2.4
    endloop
  endfacet
  facet normal -0.736209 0.676754 0
    outer loop
      vertex -6.72693 38.956 1.8
      vertex -6.69301 38.9929 2.4
      vertex -6.69301 38.9929 1.8
    endloop
  endfacet
  facet normal -0.736209 0.676754 0
    outer loop
      vertex -6.69301 38.9929 2.4
      vertex -6.72693 38.956 1.8
      vertex -6.72693 38.956 2.4
    endloop
  endfacet
  facet normal -0.637617 0.770354 0
    outer loop
      vertex -6.65459 39.0247 1.8
      vertex -6.69301 38.9929 2.4
      vertex -6.65459 39.0247 2.4
    endloop
  endfacet
  facet normal -0.637617 0.770354 0
    outer loop
      vertex -6.69301 38.9929 2.4
      vertex -6.65459 39.0247 1.8
      vertex -6.69301 38.9929 1.8
    endloop
  endfacet
  facet normal -0.526981 0.849877 0
    outer loop
      vertex -6.61024 39.0522 1.8
      vertex -6.65459 39.0247 2.4
      vertex -6.61024 39.0522 2.4
    endloop
  endfacet
  facet normal -0.526981 0.849877 0
    outer loop
      vertex -6.65459 39.0247 2.4
      vertex -6.61024 39.0522 1.8
      vertex -6.65459 39.0247 1.8
    endloop
  endfacet
  facet normal -0.425848 0.904795 0
    outer loop
      vertex -6.55861 39.0765 1.8
      vertex -6.61024 39.0522 2.4
      vertex -6.55861 39.0765 2.4
    endloop
  endfacet
  facet normal -0.425848 0.904795 0
    outer loop
      vertex -6.61024 39.0522 2.4
      vertex -6.55861 39.0765 1.8
      vertex -6.61024 39.0522 1.8
    endloop
  endfacet
  facet normal -0.336943 0.941525 0
    outer loop
      vertex -6.49965 39.0976 1.8
      vertex -6.55861 39.0765 2.4
      vertex -6.49965 39.0976 2.4
    endloop
  endfacet
  facet normal -0.336943 0.941525 0
    outer loop
      vertex -6.55861 39.0765 2.4
      vertex -6.49965 39.0976 1.8
      vertex -6.55861 39.0765 1.8
    endloop
  endfacet
  facet normal -0.259404 0.965769 0
    outer loop
      vertex -6.43338 39.1154 1.8
      vertex -6.49965 39.0976 2.4
      vertex -6.43338 39.1154 2.4
    endloop
  endfacet
  facet normal -0.259404 0.965769 0
    outer loop
      vertex -6.49965 39.0976 2.4
      vertex -6.43338 39.1154 1.8
      vertex -6.49965 39.0976 1.8
    endloop
  endfacet
  facet normal -0.194629 0.980877 0
    outer loop
      vertex -6.3598 39.13 1.8
      vertex -6.43338 39.1154 2.4
      vertex -6.3598 39.13 2.4
    endloop
  endfacet
  facet normal -0.194629 0.980877 0
    outer loop
      vertex -6.43338 39.1154 2.4
      vertex -6.3598 39.13 1.8
      vertex -6.43338 39.1154 1.8
    endloop
  endfacet
  facet normal -0.138386 0.990378 0
    outer loop
      vertex -6.27893 39.1413 1.8
      vertex -6.3598 39.13 2.4
      vertex -6.27893 39.1413 2.4
    endloop
  endfacet
  facet normal -0.138386 0.990378 0
    outer loop
      vertex -6.3598 39.13 2.4
      vertex -6.27893 39.1413 1.8
      vertex -6.3598 39.13 1.8
    endloop
  endfacet
  facet normal -0.0914519 0.995809 0
    outer loop
      vertex -6.19073 39.1494 1.8
      vertex -6.27893 39.1413 2.4
      vertex -6.19073 39.1494 2.4
    endloop
  endfacet
  facet normal -0.0914519 0.995809 0
    outer loop
      vertex -6.27893 39.1413 2.4
      vertex -6.19073 39.1494 1.8
      vertex -6.27893 39.1413 1.8
    endloop
  endfacet
  facet normal -0.0512415 0.998686 0
    outer loop
      vertex -6.09523 39.1543 1.8
      vertex -6.19073 39.1494 2.4
      vertex -6.09523 39.1543 2.4
    endloop
  endfacet
  facet normal -0.0512415 0.998686 0
    outer loop
      vertex -6.19073 39.1494 2.4
      vertex -6.09523 39.1543 1.8
      vertex -6.19073 39.1494 1.8
    endloop
  endfacet
  facet normal -0.0155623 0.999879 0
    outer loop
      vertex -5.99243 39.1559 1.8
      vertex -6.09523 39.1543 2.4
      vertex -5.99243 39.1559 2.4
    endloop
  endfacet
  facet normal -0.0155623 0.999879 0
    outer loop
      vertex -6.09523 39.1543 2.4
      vertex -5.99243 39.1559 1.8
      vertex -6.09523 39.1543 1.8
    endloop
  endfacet
  facet normal 0 1 -0
    outer loop
      vertex -3.89906 39.1559 1.8
      vertex -5.99243 39.1559 2.4
      vertex -3.89906 39.1559 2.4
    endloop
  endfacet
  facet normal 0 1 0
    outer loop
      vertex -5.99243 39.1559 2.4
      vertex -3.89906 39.1559 1.8
      vertex -5.99243 39.1559 1.8
    endloop
  endfacet
  facet normal -1 0 0
    outer loop
      vertex -3.89906 39.1559 1.8
      vertex -3.89906 39.6991 2.4
      vertex -3.89906 39.6991 1.8
    endloop
  endfacet
  facet normal -1 -0 0
    outer loop
      vertex -3.89906 39.6991 2.4
      vertex -3.89906 39.1559 1.8
      vertex -3.89906 39.1559 2.4
    endloop
  endfacet
  facet normal 0 -1 0
    outer loop
      vertex -6.09924 39.6991 1.8
      vertex -3.89906 39.6991 2.4
      vertex -6.09924 39.6991 2.4
    endloop
  endfacet
  facet normal 0 -1 -0
    outer loop
      vertex -3.89906 39.6991 2.4
      vertex -6.09924 39.6991 1.8
      vertex -3.89906 39.6991 1.8
    endloop
  endfacet
  facet normal 0.0209912 -0.99978 0
    outer loop
      vertex -6.2326 39.6963 1.8
      vertex -6.09924 39.6991 2.4
      vertex -6.2326 39.6963 2.4
    endloop
  endfacet
  facet normal 0.0209912 -0.99978 0
    outer loop
      vertex -6.09924 39.6991 2.4
      vertex -6.2326 39.6963 1.8
      vertex -6.09924 39.6991 1.8
    endloop
  endfacet
  facet normal 0.0679624 -0.997688 0
    outer loop
      vertex -6.35738 39.6878 1.8
      vertex -6.2326 39.6963 2.4
      vertex -6.35738 39.6878 2.4
    endloop
  endfacet
  facet normal 0.0679624 -0.997688 0
    outer loop
      vertex -6.2326 39.6963 2.4
      vertex -6.35738 39.6878 1.8
      vertex -6.2326 39.6963 1.8
    endloop
  endfacet
  facet normal 0.119627 -0.992819 0
    outer loop
      vertex -6.47357 39.6738 1.8
      vertex -6.35738 39.6878 2.4
      vertex -6.47357 39.6738 2.4
    endloop
  endfacet
  facet normal 0.119627 -0.992819 0
    outer loop
      vertex -6.35738 39.6878 2.4
      vertex -6.47357 39.6738 1.8
      vertex -6.35738 39.6878 1.8
    endloop
  endfacet
  facet normal 0.179223 -0.983808 0
    outer loop
      vertex -6.58116 39.6542 1.8
      vertex -6.47357 39.6738 2.4
      vertex -6.58116 39.6542 2.4
    endloop
  endfacet
  facet normal 0.179223 -0.983808 0
    outer loop
      vertex -6.47357 39.6738 2.4
      vertex -6.58116 39.6542 1.8
      vertex -6.47357 39.6738 1.8
    endloop
  endfacet
  facet normal 0.247598 -0.968863 0
    outer loop
      vertex -6.68016 39.6289 1.8
      vertex -6.58116 39.6542 2.4
      vertex -6.68016 39.6289 2.4
    endloop
  endfacet
  facet normal 0.247598 -0.968863 0
    outer loop
      vertex -6.58116 39.6542 2.4
      vertex -6.68016 39.6289 1.8
      vertex -6.58116 39.6542 1.8
    endloop
  endfacet
  facet normal 0.323377 -0.94627 0
    outer loop
      vertex -6.77058 39.598 1.8
      vertex -6.68016 39.6289 2.4
      vertex -6.77058 39.598 2.4
    endloop
  endfacet
  facet normal 0.323377 -0.94627 0
    outer loop
      vertex -6.68016 39.6289 2.4
      vertex -6.77058 39.598 1.8
      vertex -6.68016 39.6289 1.8
    endloop
  endfacet
  facet normal 0.407402 -0.913249 0
    outer loop
      vertex -6.8524 39.5615 1.8
      vertex -6.77058 39.598 2.4
      vertex -6.8524 39.5615 2.4
    endloop
  endfacet
  facet normal 0.407402 -0.913249 0
    outer loop
      vertex -6.77058 39.598 2.4
      vertex -6.8524 39.5615 1.8
      vertex -6.77058 39.598 1.8
    endloop
  endfacet
  facet normal 0.498355 -0.866973 0
    outer loop
      vertex -6.92564 39.5194 1.8
      vertex -6.8524 39.5615 2.4
      vertex -6.92564 39.5194 2.4
    endloop
  endfacet
  facet normal 0.498355 -0.866973 0
    outer loop
      vertex -6.8524 39.5615 2.4
      vertex -6.92564 39.5194 1.8
      vertex -6.8524 39.5615 1.8
    endloop
  endfacet
  facet normal 0.593768 -0.804636 0
    outer loop
      vertex -6.99028 39.4717 1.8
      vertex -6.92564 39.5194 2.4
      vertex -6.99028 39.4717 2.4
    endloop
  endfacet
  facet normal 0.593768 -0.804636 0
    outer loop
      vertex -6.92564 39.5194 2.4
      vertex -6.99028 39.4717 1.8
      vertex -6.92564 39.5194 1.8
    endloop
  endfacet
  facet normal 0.687009 -0.726649 0
    outer loop
      vertex -7.04729 39.4178 1.8
      vertex -6.99028 39.4717 2.4
      vertex -7.04729 39.4178 2.4
    endloop
  endfacet
  facet normal 0.687009 -0.726649 0
    outer loop
      vertex -6.99028 39.4717 2.4
      vertex -7.04729 39.4178 1.8
      vertex -6.99028 39.4717 1.8
    endloop
  endfacet
  facet normal 0.769531 -0.638609 0
    outer loop
      vertex -7.09758 39.3572 2.4
      vertex -7.04729 39.4178 1.8
      vertex -7.04729 39.4178 2.4
    endloop
  endfacet
  facet normal 0.769531 -0.638609 0
    outer loop
      vertex -7.04729 39.4178 1.8
      vertex -7.09758 39.3572 2.4
      vertex -7.09758 39.3572 1.8
    endloop
  endfacet
  facet normal 0.839751 -0.542972 0
    outer loop
      vertex -7.14116 39.2898 2.4
      vertex -7.09758 39.3572 1.8
      vertex -7.09758 39.3572 2.4
    endloop
  endfacet
  facet normal 0.839751 -0.542972 0
    outer loop
      vertex -7.09758 39.3572 1.8
      vertex -7.14116 39.2898 2.4
      vertex -7.14116 39.2898 1.8
    endloop
  endfacet
  facet normal 0.895247 -0.44557 0
    outer loop
      vertex -7.17804 39.2157 2.4
      vertex -7.14116 39.2898 1.8
      vertex -7.14116 39.2898 2.4
    endloop
  endfacet
  facet normal 0.895247 -0.44557 0
    outer loop
      vertex -7.14116 39.2898 1.8
      vertex -7.17804 39.2157 2.4
      vertex -7.17804 39.2157 1.8
    endloop
  endfacet
  facet normal 0.936928 -0.349524 0
    outer loop
      vertex -7.20822 39.1348 2.4
      vertex -7.17804 39.2157 1.8
      vertex -7.17804 39.2157 2.4
    endloop
  endfacet
  facet normal 0.936928 -0.349524 0
    outer loop
      vertex -7.17804 39.2157 1.8
      vertex -7.20822 39.1348 2.4
      vertex -7.20822 39.1348 1.8
    endloop
  endfacet
  facet normal 0.965932 -0.258795 0
    outer loop
      vertex -7.23169 39.0472 2.4
      vertex -7.20822 39.1348 1.8
      vertex -7.20822 39.1348 2.4
    endloop
  endfacet
  facet normal 0.965932 -0.258795 0
    outer loop
      vertex -7.20822 39.1348 1.8
      vertex -7.23169 39.0472 2.4
      vertex -7.23169 39.0472 1.8
    endloop
  endfacet
  facet normal 0.984588 -0.174887 0
    outer loop
      vertex -7.24844 38.9529 2.4
      vertex -7.23169 39.0472 1.8
      vertex -7.23169 39.0472 2.4
    endloop
  endfacet
  facet normal 0.984588 -0.174887 0
    outer loop
      vertex -7.23169 39.0472 1.8
      vertex -7.24844 38.9529 2.4
      vertex -7.24844 38.9529 1.8
    endloop
  endfacet
  facet normal 0.995076 -0.0991139 0
    outer loop
      vertex -7.25851 38.8518 2.4
      vertex -7.24844 38.9529 1.8
      vertex -7.24844 38.9529 2.4
    endloop
  endfacet
  facet normal 0.995076 -0.0991139 0
    outer loop
      vertex -7.24844 38.9529 1.8
      vertex -7.25851 38.8518 2.4
      vertex -7.25851 38.8518 1.8
    endloop
  endfacet
  facet normal 0.999518 -0.0310323 0
    outer loop
      vertex -7.26186 38.7439 2.4
      vertex -7.25851 38.8518 1.8
      vertex -7.25851 38.8518 2.4
    endloop
  endfacet
  facet normal 0.999518 -0.0310323 0
    outer loop
      vertex -7.25851 38.8518 1.8
      vertex -7.26186 38.7439 2.4
      vertex -7.26186 38.7439 1.8
    endloop
  endfacet
  facet normal 0.999714 0.0238976 0
    outer loop
      vertex -7.26006 38.6686 2.4
      vertex -7.26186 38.7439 1.8
      vertex -7.26186 38.7439 2.4
    endloop
  endfacet
  facet normal 0.999714 0.0238976 0
    outer loop
      vertex -7.26186 38.7439 1.8
      vertex -7.26006 38.6686 2.4
      vertex -7.26006 38.6686 1.8
    endloop
  endfacet
  facet normal 0.997227 0.0744159 0
    outer loop
      vertex -7.25462 38.5957 2.4
      vertex -7.26006 38.6686 1.8
      vertex -7.26006 38.6686 2.4
    endloop
  endfacet
  facet normal 0.997227 0.0744159 0
    outer loop
      vertex -7.26006 38.6686 1.8
      vertex -7.25462 38.5957 2.4
      vertex -7.25462 38.5957 1.8
    endloop
  endfacet
  facet normal 0.991851 0.127403 0
    outer loop
      vertex -7.24559 38.5254 2.4
      vertex -7.25462 38.5957 1.8
      vertex -7.25462 38.5957 2.4
    endloop
  endfacet
  facet normal 0.991851 0.127403 0
    outer loop
      vertex -7.25462 38.5957 1.8
      vertex -7.24559 38.5254 2.4
      vertex -7.24559 38.5254 1.8
    endloop
  endfacet
  facet normal 0.98301 0.183553 0
    outer loop
      vertex -7.23293 38.4576 2.4
      vertex -7.24559 38.5254 1.8
      vertex -7.24559 38.5254 2.4
    endloop
  endfacet
  facet normal 0.98301 0.183553 0
    outer loop
      vertex -7.24559 38.5254 1.8
      vertex -7.23293 38.4576 2.4
      vertex -7.23293 38.4576 1.8
    endloop
  endfacet
  facet normal 0.970265 0.242046 0
    outer loop
      vertex -7.21664 38.3923 2.4
      vertex -7.23293 38.4576 1.8
      vertex -7.23293 38.4576 2.4
    endloop
  endfacet
  facet normal 0.970265 0.242046 0
    outer loop
      vertex -7.23293 38.4576 1.8
      vertex -7.21664 38.3923 2.4
      vertex -7.21664 38.3923 1.8
    endloop
  endfacet
  facet normal 0.953233 0.302237 0
    outer loop
      vertex -7.19676 38.3296 2.4
      vertex -7.21664 38.3923 1.8
      vertex -7.21664 38.3923 2.4
    endloop
  endfacet
  facet normal 0.953233 0.302237 0
    outer loop
      vertex -7.21664 38.3923 1.8
      vertex -7.19676 38.3296 2.4
      vertex -7.19676 38.3296 1.8
    endloop
  endfacet
  facet normal 0.931487 0.363775 0
    outer loop
      vertex -7.17325 38.2694 2.4
      vertex -7.19676 38.3296 1.8
      vertex -7.19676 38.3296 2.4
    endloop
  endfacet
  facet normal 0.931487 0.363775 0
    outer loop
      vertex -7.19676 38.3296 1.8
      vertex -7.17325 38.2694 2.4
      vertex -7.17325 38.2694 1.8
    endloop
  endfacet
  facet normal 0.905018 0.425374 0
    outer loop
      vertex -7.14613 38.2117 2.4
      vertex -7.17325 38.2694 1.8
      vertex -7.17325 38.2694 2.4
    endloop
  endfacet
  facet normal 0.905018 0.425374 0
    outer loop
      vertex -7.17325 38.2694 1.8
      vertex -7.14613 38.2117 2.4
      vertex -7.14613 38.2117 1.8
    endloop
  endfacet
  facet normal 0.873664 0.48653 0
    outer loop
      vertex -7.11539 38.1565 2.4
      vertex -7.14613 38.2117 1.8
      vertex -7.14613 38.2117 2.4
    endloop
  endfacet
  facet normal 0.873664 0.48653 0
    outer loop
      vertex -7.14613 38.2117 1.8
      vertex -7.11539 38.1565 2.4
      vertex -7.11539 38.1565 1.8
    endloop
  endfacet
  facet normal 0.83555 0.549414 0
    outer loop
      vertex -7.08054 38.1035 2.4
      vertex -7.11539 38.1565 1.8
      vertex -7.11539 38.1565 2.4
    endloop
  endfacet
  facet normal 0.83555 0.549414 0
    outer loop
      vertex -7.11539 38.1565 1.8
      vertex -7.08054 38.1035 2.4
      vertex -7.08054 38.1035 1.8
    endloop
  endfacet
  facet normal 0.79271 0.609599 0
    outer loop
      vertex -7.04109 38.0522 2.4
      vertex -7.08054 38.1035 1.8
      vertex -7.08054 38.1035 2.4
    endloop
  endfacet
  facet normal 0.79271 0.609599 0
    outer loop
      vertex -7.08054 38.1035 1.8
      vertex -7.04109 38.0522 2.4
      vertex -7.04109 38.0522 1.8
    endloop
  endfacet
  facet normal 0.747184 0.664617 0
    outer loop
      vertex -6.99706 38.0027 2.4
      vertex -7.04109 38.0522 1.8
      vertex -7.04109 38.0522 2.4
    endloop
  endfacet
  facet normal 0.747184 0.664617 0
    outer loop
      vertex -7.04109 38.0522 1.8
      vertex -6.99706 38.0027 2.4
      vertex -6.99706 38.0027 1.8
    endloop
  endfacet
  facet normal 0.700248 0.7139 -0
    outer loop
      vertex -6.94843 37.955 1.8
      vertex -6.99706 38.0027 2.4
      vertex -6.94843 37.955 2.4
    endloop
  endfacet
  facet normal 0.700248 0.7139 0
    outer loop
      vertex -6.99706 38.0027 2.4
      vertex -6.94843 37.955 1.8
      vertex -6.99706 38.0027 1.8
    endloop
  endfacet
  facet normal 0.652968 0.757386 -0
    outer loop
      vertex -6.89519 37.9091 1.8
      vertex -6.94843 37.955 2.4
      vertex -6.89519 37.9091 2.4
    endloop
  endfacet
  facet normal 0.652968 0.757386 0
    outer loop
      vertex -6.94843 37.955 2.4
      vertex -6.89519 37.9091 1.8
      vertex -6.94843 37.955 1.8
    endloop
  endfacet
  facet normal 0.607317 0.794459 -0
    outer loop
      vertex -6.83737 37.8649 1.8
      vertex -6.89519 37.9091 2.4
      vertex -6.83737 37.8649 2.4
    endloop
  endfacet
  facet normal 0.607317 0.794459 0
    outer loop
      vertex -6.89519 37.9091 2.4
      vertex -6.83737 37.8649 1.8
      vertex -6.89519 37.9091 1.8
    endloop
  endfacet
  facet normal 0.561897 0.827207 -0
    outer loop
      vertex -6.77495 37.8225 1.8
      vertex -6.83737 37.8649 2.4
      vertex -6.77495 37.8225 2.4
    endloop
  endfacet
  facet normal 0.561897 0.827207 0
    outer loop
      vertex -6.83737 37.8649 2.4
      vertex -6.77495 37.8225 1.8
      vertex -6.83737 37.8649 1.8
    endloop
  endfacet
  facet normal 0.518132 0.855301 -0
    outer loop
      vertex -6.70793 37.7819 1.8
      vertex -6.77495 37.8225 2.4
      vertex -6.70793 37.7819 2.4
    endloop
  endfacet
  facet normal 0.518132 0.855301 0
    outer loop
      vertex -6.77495 37.8225 2.4
      vertex -6.70793 37.7819 1.8
      vertex -6.77495 37.8225 1.8
    endloop
  endfacet
  facet normal 0.477338 0.87872 -0
    outer loop
      vertex -6.63632 37.743 1.8
      vertex -6.70793 37.7819 2.4
      vertex -6.63632 37.743 2.4
    endloop
  endfacet
  facet normal 0.477338 0.87872 0
    outer loop
      vertex -6.70793 37.7819 2.4
      vertex -6.63632 37.743 1.8
      vertex -6.70793 37.7819 1.8
    endloop
  endfacet
  facet normal 1 -0 0
    outer loop
      vertex -6.63632 37.7339 2.4
      vertex -6.63632 37.743 1.8
      vertex -6.63632 37.743 2.4
    endloop
  endfacet
  facet normal 1 0 0
    outer loop
      vertex -6.63632 37.743 1.8
      vertex -6.63632 37.7339 2.4
      vertex -6.63632 37.7339 1.8
    endloop
  endfacet
  facet normal 0.282166 -0.959366 0
    outer loop
      vertex -6.7067 37.7132 1.8
      vertex -6.63632 37.7339 2.4
      vertex -6.7067 37.7132 2.4
    endloop
  endfacet
  facet normal 0.282166 -0.959366 0
    outer loop
      vertex -6.63632 37.7339 2.4
      vertex -6.7067 37.7132 1.8
      vertex -6.63632 37.7339 1.8
    endloop
  endfacet
  facet normal 0.34053 -0.940234 0
    outer loop
      vertex -6.77269 37.6893 1.8
      vertex -6.7067 37.7132 2.4
      vertex -6.77269 37.6893 2.4
    endloop
  endfacet
  facet normal 0.34053 -0.940234 0
    outer loop
      vertex -6.7067 37.7132 2.4
      vertex -6.77269 37.6893 1.8
      vertex -6.7067 37.7132 1.8
    endloop
  endfacet
  facet normal 0.402525 -0.915409 0
    outer loop
      vertex -6.83432 37.6622 1.8
      vertex -6.77269 37.6893 2.4
      vertex -6.83432 37.6622 2.4
    endloop
  endfacet
  facet normal 0.402525 -0.915409 0
    outer loop
      vertex -6.77269 37.6893 2.4
      vertex -6.83432 37.6622 1.8
      vertex -6.77269 37.6893 1.8
    endloop
  endfacet
  facet normal 0.47006 -0.882634 0
    outer loop
      vertex -6.89159 37.6317 1.8
      vertex -6.83432 37.6622 2.4
      vertex -6.89159 37.6317 2.4
    endloop
  endfacet
  facet normal 0.47006 -0.882634 0
    outer loop
      vertex -6.83432 37.6622 2.4
      vertex -6.89159 37.6317 1.8
      vertex -6.83432 37.6622 1.8
    endloop
  endfacet
  facet normal 0.538565 -0.842584 0
    outer loop
      vertex -6.94447 37.5979 1.8
      vertex -6.89159 37.6317 2.4
      vertex -6.94447 37.5979 2.4
    endloop
  endfacet
  facet normal 0.538565 -0.842584 0
    outer loop
      vertex -6.89159 37.6317 2.4
      vertex -6.94447 37.5979 1.8
      vertex -6.89159 37.6317 1.8
    endloop
  endfacet
  facet normal 0.6063 -0.795236 0
    outer loop
      vertex -6.993 37.5609 1.8
      vertex -6.94447 37.5979 2.4
      vertex -6.993 37.5609 2.4
    endloop
  endfacet
  facet normal 0.6063 -0.795236 0
    outer loop
      vertex -6.94447 37.5979 2.4
      vertex -6.993 37.5609 1.8
      vertex -6.94447 37.5979 1.8
    endloop
  endfacet
  facet normal 0.674253 -0.7385 0
    outer loop
      vertex -7.03714 37.5206 1.8
      vertex -6.993 37.5609 2.4
      vertex -7.03714 37.5206 2.4
    endloop
  endfacet
  facet normal 0.674253 -0.7385 0
    outer loop
      vertex -6.993 37.5609 2.4
      vertex -7.03714 37.5206 1.8
      vertex -6.993 37.5609 1.8
    endloop
  endfacet
  facet normal 0.737956 -0.674848 0
    outer loop
      vertex -7.07692 37.4771 2.4
      vertex -7.03714 37.5206 1.8
      vertex -7.03714 37.5206 2.4
    endloop
  endfacet
  facet normal 0.737956 -0.674848 0
    outer loop
      vertex -7.03714 37.5206 1.8
      vertex -7.07692 37.4771 2.4
      vertex -7.07692 37.4771 1.8
    endloop
  endfacet
  facet normal 0.798158 -0.602448 0
    outer loop
      vertex -7.11232 37.4302 2.4
      vertex -7.07692 37.4771 1.8
      vertex -7.07692 37.4771 2.4
    endloop
  endfacet
  facet normal 0.798158 -0.602448 0
    outer loop
      vertex -7.07692 37.4771 1.8
      vertex -7.11232 37.4302 2.4
      vertex -7.11232 37.4302 1.8
    endloop
  endfacet
  facet normal 0.84883 -0.528666 0
    outer loop
      vertex -7.14371 37.3798 2.4
      vertex -7.11232 37.4302 1.8
      vertex -7.11232 37.4302 2.4
    endloop
  endfacet
  facet normal 0.84883 -0.528666 0
    outer loop
      vertex -7.11232 37.4302 1.8
      vertex -7.14371 37.3798 2.4
      vertex -7.14371 37.3798 1.8
    endloop
  endfacet
  facet normal 0.890855 -0.454287 0
    outer loop
      vertex -7.1714 37.3255 2.4
      vertex -7.14371 37.3798 1.8
      vertex -7.14371 37.3798 2.4
    endloop
  endfacet
  facet normal 0.890855 -0.454287 0
    outer loop
      vertex -7.14371 37.3798 1.8
      vertex -7.1714 37.3255 2.4
      vertex -7.1714 37.3255 1.8
    endloop
  endfacet
  facet normal 0.924481 -0.381229 0
    outer loop
      vertex -7.1954 37.2673 2.4
      vertex -7.1714 37.3255 1.8
      vertex -7.1714 37.3255 2.4
    endloop
  endfacet
  facet normal 0.924481 -0.381229 0
    outer loop
      vertex -7.1714 37.3255 1.8
      vertex -7.1954 37.2673 2.4
      vertex -7.1954 37.2673 1.8
    endloop
  endfacet
  facet normal 0.950459 -0.310851 0
    outer loop
      vertex -7.21571 37.2052 2.4
      vertex -7.1954 37.2673 1.8
      vertex -7.1954 37.2673 2.4
    endloop
  endfacet
  facet normal 0.950459 -0.310851 0
    outer loop
      vertex -7.1954 37.2673 1.8
      vertex -7.21571 37.2052 2.4
      vertex -7.21571 37.2052 1.8
    endloop
  endfacet
  facet normal 0.969673 -0.244405 0
    outer loop
      vertex -7.23232 37.1393 2.4
      vertex -7.21571 37.2052 1.8
      vertex -7.21571 37.2052 2.4
    endloop
  endfacet
  facet normal 0.969673 -0.244405 0
    outer loop
      vertex -7.21571 37.2052 1.8
      vertex -7.23232 37.1393 2.4
      vertex -7.23232 37.1393 1.8
    endloop
  endfacet
  facet normal 0.983297 -0.182009 0
    outer loop
      vertex -7.24524 37.0695 2.4
      vertex -7.23232 37.1393 1.8
      vertex -7.23232 37.1393 2.4
    endloop
  endfacet
  facet normal 0.983297 -0.182009 0
    outer loop
      vertex -7.23232 37.1393 1.8
      vertex -7.24524 37.0695 2.4
      vertex -7.24524 37.0695 1.8
    endloop
  endfacet
  facet normal 0.992249 -0.124267 0
    outer loop
      vertex -7.25447 36.9958 2.4
      vertex -7.24524 37.0695 1.8
      vertex -7.24524 37.0695 2.4
    endloop
  endfacet
  facet normal 0.992249 -0.124267 0
    outer loop
      vertex -7.24524 37.0695 1.8
      vertex -7.25447 36.9958 2.4
      vertex -7.25447 36.9958 1.8
    endloop
  endfacet
  facet normal 0.997461 -0.0712105 0
    outer loop
      vertex -7.26001 36.9182 2.4
      vertex -7.25447 36.9958 1.8
      vertex -7.25447 36.9958 2.4
    endloop
  endfacet
  facet normal 0.997461 -0.0712105 0
    outer loop
      vertex -7.25447 36.9958 1.8
      vertex -7.26001 36.9182 2.4
      vertex -7.26001 36.9182 1.8
    endloop
  endfacet
  facet normal 0.999742 -0.0226935 0
    outer loop
      vertex -7.26186 36.8367 2.4
      vertex -7.26001 36.9182 1.8
      vertex -7.26001 36.9182 2.4
    endloop
  endfacet
  facet normal 0.999742 -0.0226935 0
    outer loop
      vertex -7.26001 36.9182 1.8
      vertex -7.26186 36.8367 2.4
      vertex -7.26186 36.8367 1.8
    endloop
  endfacet
  facet normal 0.999721 0.0236045 0
    outer loop
      vertex -7.26016 36.7647 2.4
      vertex -7.26186 36.8367 1.8
      vertex -7.26186 36.8367 2.4
    endloop
  endfacet
  facet normal 0.999721 0.0236045 0
    outer loop
      vertex -7.26186 36.8367 1.8
      vertex -7.26016 36.7647 2.4
      vertex -7.26016 36.7647 1.8
    endloop
  endfacet
  facet normal 0.997339 0.072899 0
    outer loop
      vertex -7.25508 36.6952 2.4
      vertex -7.26016 36.7647 1.8
      vertex -7.26016 36.7647 2.4
    endloop
  endfacet
  facet normal 0.997339 0.072899 0
    outer loop
      vertex -7.26016 36.7647 1.8
      vertex -7.25508 36.6952 2.4
      vertex -7.25508 36.6952 1.8
    endloop
  endfacet
  facet normal 0.992085 0.125565 0
    outer loop
      vertex -7.2466 36.6282 2.4
      vertex -7.25508 36.6952 1.8
      vertex -7.25508 36.6952 2.4
    endloop
  endfacet
  facet normal 0.992085 0.125565 0
    outer loop
      vertex -7.25508 36.6952 1.8
      vertex -7.2466 36.6282 2.4
      vertex -7.2466 36.6282 1.8
    endloop
  endfacet
  facet normal 0.983485 0.180992 0
    outer loop
      vertex -7.23473 36.5637 2.4
      vertex -7.2466 36.6282 1.8
      vertex -7.2466 36.6282 2.4
    endloop
  endfacet
  facet normal 0.983485 0.180992 0
    outer loop
      vertex -7.2466 36.6282 1.8
      vertex -7.23473 36.5637 2.4
      vertex -7.23473 36.5637 1.8
    endloop
  endfacet
  facet normal 0.97111 0.238633 0
    outer loop
      vertex -7.21947 36.5016 2.4
      vertex -7.23473 36.5637 1.8
      vertex -7.23473 36.5637 2.4
    endloop
  endfacet
  facet normal 0.97111 0.238633 0
    outer loop
      vertex -7.23473 36.5637 1.8
      vertex -7.21947 36.5016 2.4
      vertex -7.21947 36.5016 1.8
    endloop
  endfacet
  facet normal 0.954223 0.299097 0
    outer loop
      vertex -7.20082 36.4421 2.4
      vertex -7.21947 36.5016 1.8
      vertex -7.21947 36.5016 2.4
    endloop
  endfacet
  facet normal 0.954223 0.299097 0
    outer loop
      vertex -7.21947 36.5016 1.8
      vertex -7.20082 36.4421 2.4
      vertex -7.20082 36.4421 1.8
    endloop
  endfacet
  facet normal 0.932861 0.360238 0
    outer loop
      vertex -7.17877 36.385 2.4
      vertex -7.20082 36.4421 1.8
      vertex -7.20082 36.4421 2.4
    endloop
  endfacet
  facet normal 0.932861 0.360238 0
    outer loop
      vertex -7.20082 36.4421 1.8
      vertex -7.17877 36.385 2.4
      vertex -7.17877 36.385 1.8
    endloop
  endfacet
  facet normal 0.906565 0.422067 0
    outer loop
      vertex -7.15335 36.3304 2.4
      vertex -7.17877 36.385 1.8
      vertex -7.17877 36.385 2.4
    endloop
  endfacet
  facet normal 0.906565 0.422067 0
    outer loop
      vertex -7.17877 36.385 1.8
      vertex -7.15335 36.3304 2.4
      vertex -7.15335 36.3304 1.8
    endloop
  endfacet
  facet normal 0.875043 0.484045 0
    outer loop
      vertex -7.12453 36.2783 2.4
      vertex -7.15335 36.3304 1.8
      vertex -7.15335 36.3304 2.4
    endloop
  endfacet
  facet normal 0.875043 0.484045 0
    outer loop
      vertex -7.15335 36.3304 1.8
      vertex -7.12453 36.2783 2.4
      vertex -7.12453 36.2783 1.8
    endloop
  endfacet
  facet normal 0.834395 0.551166 0
    outer loop
      vertex -7.09137 36.2281 2.4
      vertex -7.12453 36.2783 1.8
      vertex -7.12453 36.2783 2.4
    endloop
  endfacet
  facet normal 0.834395 0.551166 0
    outer loop
      vertex -7.12453 36.2783 1.8
      vertex -7.09137 36.2281 2.4
      vertex -7.09137 36.2281 1.8
    endloop
  endfacet
  facet normal 0.786942 0.617027 0
    outer loop
      vertex -7.05295 36.1791 2.4
      vertex -7.09137 36.2281 1.8
      vertex -7.09137 36.2281 2.4
    endloop
  endfacet
  facet normal 0.786942 0.617027 0
    outer loop
      vertex -7.09137 36.2281 1.8
      vertex -7.05295 36.1791 2.4
      vertex -7.05295 36.1791 1.8
    endloop
  endfacet
  facet normal 0.736717 0.676201 0
    outer loop
      vertex -7.00926 36.1315 2.4
      vertex -7.05295 36.1791 1.8
      vertex -7.05295 36.1791 2.4
    endloop
  endfacet
  facet normal 0.736717 0.676201 0
    outer loop
      vertex -7.05295 36.1791 1.8
      vertex -7.00926 36.1315 2.4
      vertex -7.00926 36.1315 1.8
    endloop
  endfacet
  facet normal 0.687728 0.725968 -0
    outer loop
      vertex -6.96028 36.0851 1.8
      vertex -7.00926 36.1315 2.4
      vertex -6.96028 36.0851 2.4
    endloop
  endfacet
  facet normal 0.687728 0.725968 0
    outer loop
      vertex -7.00926 36.1315 2.4
      vertex -6.96028 36.0851 1.8
      vertex -7.00926 36.1315 1.8
    endloop
  endfacet
  facet normal 0.639347 0.768918 -0
    outer loop
      vertex -6.90604 36.04 1.8
      vertex -6.96028 36.0851 2.4
      vertex -6.90604 36.04 2.4
    endloop
  endfacet
  facet normal 0.639347 0.768918 0
    outer loop
      vertex -6.96028 36.0851 2.4
      vertex -6.90604 36.04 1.8
      vertex -6.96028 36.0851 1.8
    endloop
  endfacet
  facet normal 0.592765 0.805375 -0
    outer loop
      vertex -6.84653 35.9962 1.8
      vertex -6.90604 36.04 2.4
      vertex -6.84653 35.9962 2.4
    endloop
  endfacet
  facet normal 0.592765 0.805375 0
    outer loop
      vertex -6.90604 36.04 2.4
      vertex -6.84653 35.9962 1.8
      vertex -6.90604 36.04 1.8
    endloop
  endfacet
  facet normal 0.548372 0.836235 -0
    outer loop
      vertex -6.78172 35.9537 1.8
      vertex -6.84653 35.9962 2.4
      vertex -6.78172 35.9537 2.4
    endloop
  endfacet
  facet normal 0.548372 0.836235 0
    outer loop
      vertex -6.84653 35.9962 2.4
      vertex -6.78172 35.9537 1.8
      vertex -6.84653 35.9962 1.8
    endloop
  endfacet
  facet normal 0.507772 0.861491 -0
    outer loop
      vertex -6.71165 35.9124 1.8
      vertex -6.78172 35.9537 2.4
      vertex -6.71165 35.9124 2.4
    endloop
  endfacet
  facet normal 0.507772 0.861491 0
    outer loop
      vertex -6.78172 35.9537 2.4
      vertex -6.71165 35.9124 1.8
      vertex -6.78172 35.9537 1.8
    endloop
  endfacet
  facet normal 0.468981 0.883208 -0
    outer loop
      vertex -6.63632 35.8724 1.8
      vertex -6.71165 35.9124 2.4
      vertex -6.63632 35.8724 2.4
    endloop
  endfacet
  facet normal 0.468981 0.883208 0
    outer loop
      vertex -6.71165 35.9124 2.4
      vertex -6.63632 35.8724 1.8
      vertex -6.71165 35.9124 1.8
    endloop
  endfacet
  facet normal 1 -0 0
    outer loop
      vertex -6.63632 35.8633 2.4
      vertex -6.63632 35.8724 1.8
      vertex -6.63632 35.8724 2.4
    endloop
  endfacet
  facet normal 1 0 0
    outer loop
      vertex -6.63632 35.8724 1.8
      vertex -6.63632 35.8633 2.4
      vertex -6.63632 35.8633 1.8
    endloop
  endfacet
  facet normal 0.0270851 -0.999633 0
    outer loop
      vertex -6.68799 35.8619 1.8
      vertex -6.63632 35.8633 2.4
      vertex -6.68799 35.8619 2.4
    endloop
  endfacet
  facet normal 0.0270851 -0.999633 0
    outer loop
      vertex -6.63632 35.8633 2.4
      vertex -6.68799 35.8619 1.8
      vertex -6.63632 35.8633 1.8
    endloop
  endfacet
  facet normal 0.0271582 -0.999631 0
    outer loop
      vertex -6.73584 35.8606 1.8
      vertex -6.68799 35.8619 2.4
      vertex -6.73584 35.8606 2.4
    endloop
  endfacet
  facet normal 0.0271582 -0.999631 0
    outer loop
      vertex -6.68799 35.8619 2.4
      vertex -6.73584 35.8606 1.8
      vertex -6.68799 35.8619 1.8
    endloop
  endfacet
  facet normal 0.0272193 -0.999629 0
    outer loop
      vertex -6.77991 35.8594 1.8
      vertex -6.73584 35.8606 2.4
      vertex -6.77991 35.8594 2.4
    endloop
  endfacet
  facet normal 0.0272193 -0.999629 0
    outer loop
      vertex -6.73584 35.8606 2.4
      vertex -6.77991 35.8594 1.8
      vertex -6.73584 35.8606 1.8
    endloop
  endfacet
  facet normal 0.0298152 -0.999555 0
    outer loop
      vertex -6.82014 35.8582 1.8
      vertex -6.77991 35.8594 2.4
      vertex -6.82014 35.8582 2.4
    endloop
  endfacet
  facet normal 0.0298152 -0.999555 0
    outer loop
      vertex -6.77991 35.8594 2.4
      vertex -6.82014 35.8582 1.8
      vertex -6.77991 35.8594 1.8
    endloop
  endfacet
  facet normal 0.032895 -0.999459 0
    outer loop
      vertex -6.8566 35.857 1.8
      vertex -6.82014 35.8582 2.4
      vertex -6.8566 35.857 2.4
    endloop
  endfacet
  facet normal 0.032895 -0.999459 0
    outer loop
      vertex -6.82014 35.8582 2.4
      vertex -6.8566 35.857 1.8
      vertex -6.82014 35.8582 1.8
    endloop
  endfacet
  facet normal 0.0367399 -0.999325 0
    outer loop
      vertex -6.88924 35.8558 1.8
      vertex -6.8566 35.857 2.4
      vertex -6.88924 35.8558 2.4
    endloop
  endfacet
  facet normal 0.0367399 -0.999325 0
    outer loop
      vertex -6.8566 35.857 2.4
      vertex -6.88924 35.8558 1.8
      vertex -6.8566 35.857 1.8
    endloop
  endfacet
  facet normal 0.0381138 -0.999273 0
    outer loop
      vertex -6.91808 35.8547 1.8
      vertex -6.88924 35.8558 2.4
      vertex -6.91808 35.8547 2.4
    endloop
  endfacet
  facet normal 0.0381138 -0.999273 0
    outer loop
      vertex -6.88924 35.8558 2.4
      vertex -6.91808 35.8547 1.8
      vertex -6.88924 35.8558 1.8
    endloop
  endfacet
  facet normal 0.0439224 -0.999035 0
    outer loop
      vertex -6.9431 35.8536 1.8
      vertex -6.91808 35.8547 2.4
      vertex -6.9431 35.8536 2.4
    endloop
  endfacet
  facet normal 0.0439224 -0.999035 0
    outer loop
      vertex -6.91808 35.8547 2.4
      vertex -6.9431 35.8536 1.8
      vertex -6.91808 35.8547 1.8
    endloop
  endfacet
  facet normal 0.0470731 -0.998891 0
    outer loop
      vertex -6.96432 35.8526 1.8
      vertex -6.9431 35.8536 2.4
      vertex -6.96432 35.8526 2.4
    endloop
  endfacet
  facet normal 0.0470731 -0.998891 0
    outer loop
      vertex -6.9431 35.8536 2.4
      vertex -6.96432 35.8526 1.8
      vertex -6.9431 35.8536 1.8
    endloop
  endfacet
  facet normal 0.0519106 -0.998652 0
    outer loop
      vertex -7.02011 35.8497 1.8
      vertex -6.96432 35.8526 2.4
      vertex -7.02011 35.8497 2.4
    endloop
  endfacet
  facet normal 0.0519106 -0.998652 0
    outer loop
      vertex -6.96432 35.8526 2.4
      vertex -7.02011 35.8497 1.8
      vertex -6.96432 35.8526 1.8
    endloop
  endfacet
  facet normal 0.0485996 -0.998818 0
    outer loop
      vertex -7.07149 35.8472 1.8
      vertex -7.02011 35.8497 2.4
      vertex -7.07149 35.8472 2.4
    endloop
  endfacet
  facet normal 0.0485996 -0.998818 0
    outer loop
      vertex -7.02011 35.8497 2.4
      vertex -7.07149 35.8472 1.8
      vertex -7.02011 35.8497 1.8
    endloop
  endfacet
  facet normal 0.0473094 -0.99888 0
    outer loop
      vertex -7.13272 35.8443 1.8
      vertex -7.07149 35.8472 2.4
      vertex -7.13272 35.8443 2.4
    endloop
  endfacet
  facet normal 0.0473094 -0.99888 0
    outer loop
      vertex -7.07149 35.8472 2.4
      vertex -7.13272 35.8443 1.8
      vertex -7.07149 35.8472 1.8
    endloop
  endfacet
  facet normal 0.0537683 -0.998553 0
    outer loop
      vertex -7.14572 35.8436 1.8
      vertex -7.13272 35.8443 2.4
      vertex -7.14572 35.8436 2.4
    endloop
  endfacet
  facet normal 0.0537683 -0.998553 0
    outer loop
      vertex -7.13272 35.8443 2.4
      vertex -7.14572 35.8436 1.8
      vertex -7.13272 35.8443 1.8
    endloop
  endfacet
  facet normal 0.0596207 -0.998221 0
    outer loop
      vertex -7.15744 35.8429 1.8
      vertex -7.14572 35.8436 2.4
      vertex -7.15744 35.8429 2.4
    endloop
  endfacet
  facet normal 0.0596207 -0.998221 0
    outer loop
      vertex -7.14572 35.8436 2.4
      vertex -7.15744 35.8429 1.8
      vertex -7.14572 35.8436 1.8
    endloop
  endfacet
  facet normal 0.0668996 -0.99776 0
    outer loop
      vertex -7.16788 35.8422 1.8
      vertex -7.15744 35.8429 2.4
      vertex -7.16788 35.8422 2.4
    endloop
  endfacet
  facet normal 0.0668996 -0.99776 0
    outer loop
      vertex -7.15744 35.8429 2.4
      vertex -7.16788 35.8422 1.8
      vertex -7.15744 35.8429 1.8
    endloop
  endfacet
  facet normal 0.0654332 -0.997857 0
    outer loop
      vertex -7.17703 35.8416 1.8
      vertex -7.16788 35.8422 2.4
      vertex -7.17703 35.8416 2.4
    endloop
  endfacet
  facet normal 0.0654332 -0.997857 0
    outer loop
      vertex -7.16788 35.8422 2.4
      vertex -7.17703 35.8416 1.8
      vertex -7.16788 35.8422 1.8
    endloop
  endfacet
  facet normal 0.0884841 -0.996078 0
    outer loop
      vertex -7.18491 35.8409 1.8
      vertex -7.17703 35.8416 2.4
      vertex -7.18491 35.8409 2.4
    endloop
  endfacet
  facet normal 0.0884841 -0.996078 0
    outer loop
      vertex -7.17703 35.8416 2.4
      vertex -7.18491 35.8409 1.8
      vertex -7.17703 35.8416 1.8
    endloop
  endfacet
  facet normal 0.105627 -0.994406 0
    outer loop
      vertex -7.1915 35.8402 1.8
      vertex -7.18491 35.8409 2.4
      vertex -7.1915 35.8402 2.4
    endloop
  endfacet
  facet normal 0.105627 -0.994406 0
    outer loop
      vertex -7.18491 35.8409 2.4
      vertex -7.1915 35.8402 1.8
      vertex -7.18491 35.8409 1.8
    endloop
  endfacet
  facet normal 0.130696 -0.991422 0
    outer loop
      vertex -7.19681 35.8395 1.8
      vertex -7.1915 35.8402 2.4
      vertex -7.19681 35.8395 2.4
    endloop
  endfacet
  facet normal 0.130696 -0.991422 0
    outer loop
      vertex -7.1915 35.8402 2.4
      vertex -7.19681 35.8395 1.8
      vertex -7.1915 35.8402 1.8
    endloop
  endfacet
  facet normal 0.14726 -0.989098 0
    outer loop
      vertex -7.20084 35.8389 1.8
      vertex -7.19681 35.8395 2.4
      vertex -7.20084 35.8389 2.4
    endloop
  endfacet
  facet normal 0.14726 -0.989098 0
    outer loop
      vertex -7.19681 35.8395 2.4
      vertex -7.20084 35.8389 1.8
      vertex -7.19681 35.8395 1.8
    endloop
  endfacet
  facet normal 1 -0 0
    outer loop
      vertex -7.20084 35.3201 2.4
      vertex -7.20084 35.8389 1.8
      vertex -7.20084 35.8389 2.4
    endloop
  endfacet
  facet normal 1 0 0
    outer loop
      vertex -7.20084 35.8389 1.8
      vertex -7.20084 35.3201 2.4
      vertex -7.20084 35.3201 1.8
    endloop
  endfacet
  facet normal -0.113893 0.993493 0
    outer loop
      vertex -7.16682 35.324 1.8
      vertex -7.20084 35.3201 2.4
      vertex -7.16682 35.324 2.4
    endloop
  endfacet
  facet normal -0.113893 0.993493 0
    outer loop
      vertex -7.20084 35.3201 2.4
      vertex -7.16682 35.324 1.8
      vertex -7.20084 35.3201 1.8
    endloop
  endfacet
  facet normal -0.0729756 0.997334 0
    outer loop
      vertex -7.12172 35.3273 1.8
      vertex -7.16682 35.324 2.4
      vertex -7.12172 35.3273 2.4
    endloop
  endfacet
  facet normal -0.0729756 0.997334 0
    outer loop
      vertex -7.16682 35.324 2.4
      vertex -7.12172 35.3273 1.8
      vertex -7.16682 35.324 1.8
    endloop
  endfacet
  facet normal -0.0533333 0.998577 0
    outer loop
      vertex -7.06555 35.3303 1.8
      vertex -7.12172 35.3273 2.4
      vertex -7.06555 35.3303 2.4
    endloop
  endfacet
  facet normal -0.0533333 0.998577 0
    outer loop
      vertex -7.12172 35.3273 2.4
      vertex -7.06555 35.3303 1.8
      vertex -7.12172 35.3273 1.8
    endloop
  endfacet
  facet normal -0.0371546 0.99931 0
    outer loop
      vertex -6.99831 35.3328 1.8
      vertex -7.06555 35.3303 2.4
      vertex -6.99831 35.3328 2.4
    endloop
  endfacet
  facet normal -0.0371546 0.99931 0
    outer loop
      vertex -7.06555 35.3303 2.4
      vertex -6.99831 35.3328 1.8
      vertex -7.06555 35.3303 1.8
    endloop
  endfacet
  facet normal -0.0255247 0.999674 0
    outer loop
      vertex -6.91998 35.3348 1.8
      vertex -6.99831 35.3328 2.4
      vertex -6.91998 35.3348 2.4
    endloop
  endfacet
  facet normal -0.0255247 0.999674 0
    outer loop
      vertex -6.99831 35.3328 2.4
      vertex -6.91998 35.3348 1.8
      vertex -6.99831 35.3328 1.8
    endloop
  endfacet
  facet normal -0.0178942 0.99984 0
    outer loop
      vertex -6.83058 35.3364 1.8
      vertex -6.91998 35.3348 2.4
      vertex -6.83058 35.3364 2.4
    endloop
  endfacet
  facet normal -0.0178942 0.99984 0
    outer loop
      vertex -6.91998 35.3348 2.4
      vertex -6.83058 35.3364 1.8
      vertex -6.91998 35.3348 1.8
    endloop
  endfacet
  facet normal -0.0109468 0.99994 0
    outer loop
      vertex -6.7301 35.3375 1.8
      vertex -6.83058 35.3364 2.4
      vertex -6.7301 35.3375 2.4
    endloop
  endfacet
  facet normal -0.0109468 0.99994 0
    outer loop
      vertex -6.83058 35.3364 2.4
      vertex -6.7301 35.3375 1.8
      vertex -6.83058 35.3364 1.8
    endloop
  endfacet
  facet normal -0.00627509 0.99998 0
    outer loop
      vertex -6.61855 35.3382 1.8
      vertex -6.7301 35.3375 2.4
      vertex -6.61855 35.3382 2.4
    endloop
  endfacet
  facet normal -0.00627509 0.99998 0
    outer loop
      vertex -6.7301 35.3375 2.4
      vertex -6.61855 35.3382 1.8
      vertex -6.7301 35.3375 1.8
    endloop
  endfacet
  facet normal -0.00163079 0.999999 0
    outer loop
      vertex -6.49591 35.3384 1.8
      vertex -6.61855 35.3382 2.4
      vertex -6.49591 35.3384 2.4
    endloop
  endfacet
  facet normal -0.00163079 0.999999 0
    outer loop
      vertex -6.61855 35.3382 2.4
      vertex -6.49591 35.3384 1.8
      vertex -6.61855 35.3382 1.8
    endloop
  endfacet
  facet normal 0 1 -0
    outer loop
      vertex -3.89906 35.3384 1.8
      vertex -6.49591 35.3384 2.4
      vertex -3.89906 35.3384 2.4
    endloop
  endfacet
  facet normal 0 1 0
    outer loop
      vertex -6.49591 35.3384 2.4
      vertex -3.89906 35.3384 1.8
      vertex -6.49591 35.3384 1.8
    endloop
  endfacet
  facet normal -1 0 0
    outer loop
      vertex -3.89906 35.3384 1.8
      vertex -3.89906 35.8846 2.4
      vertex -3.89906 35.8846 1.8
    endloop
  endfacet
  facet normal -1 -0 0
    outer loop
      vertex -3.89906 35.8846 2.4
      vertex -3.89906 35.3384 1.8
      vertex -3.89906 35.3384 2.4
    endloop
  endfacet
  facet normal 0 -1 0
    outer loop
      vertex -5.81238 35.8846 1.8
      vertex -3.89906 35.8846 2.4
      vertex -5.81238 35.8846 2.4
    endloop
  endfacet
  facet normal 0 -1 -0
    outer loop
      vertex -3.89906 35.8846 2.4
      vertex -5.81238 35.8846 1.8
      vertex -3.89906 35.8846 1.8
    endloop
  endfacet
  facet normal -0 0 1
    outer loop
      vertex -2.17966 -5.38935 14.4
      vertex -2.07365 -5.65151 14.4
      vertex -2.12289 -5.37104 14.4
    endloop
  endfacet
  facet normal 0 0 1
    outer loop
      vertex -2.07365 -5.65151 14.4
      vertex -2.17966 -5.38935 14.4
      vertex -2.10965 -5.66281 14.4
    endloop
  endfacet
  facet normal -0 0 1
    outer loop
      vertex -2.23262 -5.41045 14.4
      vertex -2.10965 -5.66281 14.4
      vertex -2.17966 -5.38935 14.4
    endloop
  endfacet
  facet normal 0 0 1
    outer loop
      vertex -2.10965 -5.66281 14.4
      vertex -2.23262 -5.41045 14.4
      vertex -2.14339 -5.67618 14.4
    endloop
  endfacet
  facet normal -0 0 1
    outer loop
      vertex -2.28177 -5.43436 14.4
      vertex -2.14339 -5.67618 14.4
      vertex -2.23262 -5.41045 14.4
    endloop
  endfacet
  facet normal 0 0 1
    outer loop
      vertex -2.14339 -5.67618 14.4
      vertex -2.28177 -5.43436 14.4
      vertex -2.17485 -5.69162 14.4
    endloop
  endfacet
  facet normal -0 0 1
    outer loop
      vertex -2.3271 -5.46106 14.4
      vertex -2.17485 -5.69162 14.4
      vertex -2.28177 -5.43436 14.4
    endloop
  endfacet
  facet normal 0 0 1
    outer loop
      vertex -2.17485 -5.69162 14.4
      vertex -2.3271 -5.46106 14.4
      vertex -2.20406 -5.70912 14.4
    endloop
  endfacet
  facet normal -0 0 1
    outer loop
      vertex -2.36862 -5.49057 14.4
      vertex -2.20406 -5.70912 14.4
      vertex -2.3271 -5.46106 14.4
    endloop
  endfacet
  facet normal 0 0 1
    outer loop
      vertex -2.20406 -5.70912 14.4
      vertex -2.36862 -5.49057 14.4
      vertex -2.23099 -5.72867 14.4
    endloop
  endfacet
  facet normal -0 0 1
    outer loop
      vertex -2.40633 -5.52288 14.4
      vertex -2.23099 -5.72867 14.4
      vertex -2.36862 -5.49057 14.4
    endloop
  endfacet
  facet normal -0 0 1
    outer loop
      vertex -2.44023 -5.55799 14.4
      vertex -2.23099 -5.72867 14.4
      vertex -2.40633 -5.52288 14.4
    endloop
  endfacet
  facet normal 0 0 1
    outer loop
      vertex -2.23099 -5.72867 14.4
      vertex -2.44023 -5.55799 14.4
      vertex -2.25566 -5.75031 14.4
    endloop
  endfacet
  facet normal -0 0 1
    outer loop
      vertex -2.47031 -5.59589 14.4
      vertex -2.25566 -5.75031 14.4
      vertex -2.44023 -5.55799 14.4
    endloop
  endfacet
  facet normal 0 0 1
    outer loop
      vertex -2.25566 -5.75031 14.4
      vertex -2.47031 -5.59589 14.4
      vertex -2.27806 -5.77399 14.4
    endloop
  endfacet
  facet normal -0 0 1
    outer loop
      vertex -2.49658 -5.63658 14.4
      vertex -2.27806 -5.77399 14.4
      vertex -2.47031 -5.59589 14.4
    endloop
  endfacet
  facet normal 0 0 1
    outer loop
      vertex -2.27806 -5.77399 14.4
      vertex -2.49658 -5.63658 14.4
      vertex -2.2982 -5.79973 14.4
    endloop
  endfacet
  facet normal -0 0 1
    outer loop
      vertex -2.51959 -5.68077 14.4
      vertex -2.2982 -5.79973 14.4
      vertex -2.49658 -5.63658 14.4
    endloop
  endfacet
  facet normal 0 0 1
    outer loop
      vertex -2.2982 -5.79973 14.4
      vertex -2.51959 -5.68077 14.4
      vertex -2.31607 -5.82755 14.4
    endloop
  endfacet
  facet normal -0 0 1
    outer loop
      vertex -2.5399 -5.72913 14.4
      vertex -2.31607 -5.82755 14.4
      vertex -2.51959 -5.68077 14.4
    endloop
  endfacet
  facet normal 0 0 1
    outer loop
      vertex -2.31607 -5.82755 14.4
      vertex -2.5399 -5.72913 14.4
      vertex -2.33188 -5.85762 14.4
    endloop
  endfacet
  facet normal -0 0 1
    outer loop
      vertex -2.55751 -5.78163 14.4
      vertex -2.33188 -5.85762 14.4
      vertex -2.5399 -5.72913 14.4
    endloop
  endfacet
  facet normal -0 0 1
    outer loop
      vertex -2.5724 -5.83831 14.4
      vertex -2.34584 -5.89017 14.4
      vertex -2.55751 -5.78163 14.4
    endloop
  endfacet
  facet normal 0 0 1
    outer loop
      vertex -2.33188 -5.85762 14.4
      vertex -2.55751 -5.78163 14.4
      vertex -2.34584 -5.89017 14.4
    endloop
  endfacet
  facet normal 0 0 1
    outer loop
      vertex -0.445023 -6.10053 14.4
      vertex -0.666504 -6.11986 14.4
      vertex -0.665344 -6.17964 14.4
    endloop
  endfacet
  facet normal 0 0 1
    outer loop
      vertex -0.602676 -5.54932 14.4
      vertex -0.670013 -6.06319 14.4
      vertex -0.666504 -6.11986 14.4
    endloop
  endfacet
  facet normal 0 0 1
    outer loop
      vertex -0.602676 -5.54932 14.4
      vertex -0.675858 -6.00965 14.4
      vertex -0.670013 -6.06319 14.4
    endloop
  endfacet
  facet normal 0 0 1
    outer loop
      vertex -0.833084 -5.6704 14.4
      vertex -0.639771 -5.50156 14.4
      vertex -0.680115 -5.45943 14.4
    endloop
  endfacet
  facet normal 0 0 1
    outer loop
      vertex -0.602676 -5.54932 14.4
      vertex -0.684052 -5.9592 14.4
      vertex -0.675858 -6.00965 14.4
    endloop
  endfacet
  facet normal 0 0 1
    outer loop
      vertex -0.602676 -5.54932 14.4
      vertex -0.69458 -5.91187 14.4
      vertex -0.684052 -5.9592 14.4
    endloop
  endfacet
  facet normal 0 0 1
    outer loop
      vertex -0.602676 -5.54932 14.4
      vertex -0.707443 -5.86766 14.4
      vertex -0.69458 -5.91187 14.4
    endloop
  endfacet
  facet normal 0 0 1
    outer loop
      vertex -0.602676 -5.54932 14.4
      vertex -0.722641 -5.82656 14.4
      vertex -0.707443 -5.86766 14.4
    endloop
  endfacet
  facet normal 0 0 1
    outer loop
      vertex -0.861816 -5.65004 14.4
      vertex -0.680115 -5.45943 14.4
      vertex -0.723694 -5.42292 14.4
    endloop
  endfacet
  facet normal 0 0 1
    outer loop
      vertex -0.602676 -5.54932 14.4
      vertex -0.740189 -5.78858 14.4
      vertex -0.722641 -5.82656 14.4
    endloop
  endfacet
  facet normal 0 0 1
    outer loop
      vertex -0.602676 -5.54932 14.4
      vertex -0.760071 -5.7537 14.4
      vertex -0.740189 -5.78858 14.4
    endloop
  endfacet
  facet normal 0 0 1
    outer loop
      vertex -0.892731 -5.63338 14.4
      vertex -0.723694 -5.42292 14.4
      vertex -0.770508 -5.39202 14.4
    endloop
  endfacet
  facet normal 0 0 1
    outer loop
      vertex -0.602676 -5.54932 14.4
      vertex -0.782211 -5.72223 14.4
      vertex -0.760071 -5.7537 14.4
    endloop
  endfacet
  facet normal 0 0 1
    outer loop
      vertex -0.602676 -5.54932 14.4
      vertex -0.806564 -5.69446 14.4
      vertex -0.782211 -5.72223 14.4
    endloop
  endfacet
  facet normal 0 0 1
    outer loop
      vertex -0.892731 -5.63338 14.4
      vertex -0.770508 -5.39202 14.4
      vertex -0.820572 -5.36673 14.4
    endloop
  endfacet
  facet normal 0 0 1
    outer loop
      vertex -0.639771 -5.50156 14.4
      vertex -0.833084 -5.6704 14.4
      vertex -0.806564 -5.69446 14.4
    endloop
  endfacet
  facet normal 0 0 1
    outer loop
      vertex -0.680115 -5.45943 14.4
      vertex -0.861816 -5.65004 14.4
      vertex -0.833084 -5.6704 14.4
    endloop
  endfacet
  facet normal 0 0 1
    outer loop
      vertex -0.925827 -5.62043 14.4
      vertex -0.820572 -5.36673 14.4
      vertex -0.873871 -5.34708 14.4
    endloop
  endfacet
  facet normal 0 0 1
    outer loop
      vertex -0.723694 -5.42292 14.4
      vertex -0.892731 -5.63338 14.4
      vertex -0.861816 -5.65004 14.4
    endloop
  endfacet
  facet normal 0 0 1
    outer loop
      vertex -0.820572 -5.36673 14.4
      vertex -0.925827 -5.62043 14.4
      vertex -0.892731 -5.63338 14.4
    endloop
  endfacet
  facet normal 0 0 1
    outer loop
      vertex -0.961136 -5.61116 14.4
      vertex -0.873871 -5.34708 14.4
      vertex -0.930405 -5.33303 14.4
    endloop
  endfacet
  facet normal 0 0 1
    outer loop
      vertex -0.873871 -5.34708 14.4
      vertex -0.961136 -5.61116 14.4
      vertex -0.925827 -5.62043 14.4
    endloop
  endfacet
  facet normal 0 0 1
    outer loop
      vertex -0.998627 -5.60562 14.4
      vertex -0.930405 -5.33303 14.4
      vertex -0.990189 -5.3246 14.4
    endloop
  endfacet
  facet normal 0 0 1
    outer loop
      vertex -0.930405 -5.33303 14.4
      vertex -0.998627 -5.60562 14.4
      vertex -0.961136 -5.61116 14.4
    endloop
  endfacet
  facet normal 0 0 1
    outer loop
      vertex -0.990189 -5.3246 14.4
      vertex -1.0383 -5.60376 14.4
      vertex -0.998627 -5.60562 14.4
    endloop
  endfacet
  facet normal 0 0 1
    outer loop
      vertex -1.05322 -5.3218 14.4
      vertex -1.0383 -5.60376 14.4
      vertex -0.990189 -5.3246 14.4
    endloop
  endfacet
  facet normal 0 0 1
    outer loop
      vertex -1.05322 -5.3218 14.4
      vertex -1.0607 -5.60434 14.4
      vertex -1.0383 -5.60376 14.4
    endloop
  endfacet
  facet normal -0 0 1
    outer loop
      vertex -1.07838 -5.32219 14.4
      vertex -1.0607 -5.60434 14.4
      vertex -1.05322 -5.3218 14.4
    endloop
  endfacet
  facet normal 0 0 1
    outer loop
      vertex -1.07838 -5.32219 14.4
      vertex -1.08214 -5.60608 14.4
      vertex -1.0607 -5.60434 14.4
    endloop
  endfacet
  facet normal -0 0 1
    outer loop
      vertex -1.1028 -5.32338 14.4
      vertex -1.08214 -5.60608 14.4
      vertex -1.07838 -5.32219 14.4
    endloop
  endfacet
  facet normal -0 0 1
    outer loop
      vertex -1.1265 -5.32535 14.4
      vertex -1.08214 -5.60608 14.4
      vertex -1.1028 -5.32338 14.4
    endloop
  endfacet
  facet normal 0 0 1
    outer loop
      vertex -1.08214 -5.60608 14.4
      vertex -1.1265 -5.32535 14.4
      vertex -1.10262 -5.60898 14.4
    endloop
  endfacet
  facet normal -0 0 1
    outer loop
      vertex -1.14944 -5.32813 14.4
      vertex -1.10262 -5.60898 14.4
      vertex -1.1265 -5.32535 14.4
    endloop
  endfacet
  facet normal -0 0 1
    outer loop
      vertex -1.17166 -5.3317 14.4
      vertex -1.10262 -5.60898 14.4
      vertex -1.14944 -5.32813 14.4
    endloop
  endfacet
  facet normal 0 0 1
    outer loop
      vertex -1.10262 -5.60898 14.4
      vertex -1.17166 -5.3317 14.4
      vertex -1.12215 -5.61306 14.4
    endloop
  endfacet
  facet normal -0 0 1
    outer loop
      vertex -1.19313 -5.33605 14.4
      vertex -1.12215 -5.61306 14.4
      vertex -1.17166 -5.3317 14.4
    endloop
  endfacet
  facet normal 0 0 1
    outer loop
      vertex -1.12215 -5.61306 14.4
      vertex -1.19313 -5.33605 14.4
      vertex -1.14072 -5.61827 14.4
    endloop
  endfacet
  facet normal -0 0 1
    outer loop
      vertex -1.21387 -5.34119 14.4
      vertex -1.14072 -5.61827 14.4
      vertex -1.19313 -5.33605 14.4
    endloop
  endfacet
  facet normal -0 0 1
    outer loop
      vertex -1.23387 -5.34714 14.4
      vertex -1.14072 -5.61827 14.4
      vertex -1.21387 -5.34119 14.4
    endloop
  endfacet
  facet normal -0 0 1
    outer loop
      vertex -1.25313 -5.35387 14.4
      vertex -1.14072 -5.61827 14.4
      vertex -1.23387 -5.34714 14.4
    endloop
  endfacet
  facet normal 0 0 1
    outer loop
      vertex -1.14072 -5.61827 14.4
      vertex -1.25313 -5.35387 14.4
      vertex -1.15831 -5.62465 14.4
    endloop
  endfacet
  facet normal -0 0 1
    outer loop
      vertex -1.27176 -5.3613 14.4
      vertex -1.15831 -5.62465 14.4
      vertex -1.25313 -5.35387 14.4
    endloop
  endfacet
  facet normal -0 0 1
    outer loop
      vertex -1.28983 -5.36934 14.4
      vertex -1.15831 -5.62465 14.4
      vertex -1.27176 -5.3613 14.4
    endloop
  endfacet
  facet normal 0 0 1
    outer loop
      vertex -1.15831 -5.62465 14.4
      vertex -1.28983 -5.36934 14.4
      vertex -1.17497 -5.63219 14.4
    endloop
  endfacet
  facet normal -0 0 1
    outer loop
      vertex -1.30734 -5.37799 14.4
      vertex -1.17497 -5.63219 14.4
      vertex -1.28983 -5.36934 14.4
    endloop
  endfacet
  facet normal -0 0 1
    outer loop
      vertex -1.3243 -5.38724 14.4
      vertex -1.17497 -5.63219 14.4
      vertex -1.30734 -5.37799 14.4
    endloop
  endfacet
  facet normal 0 0 1
    outer loop
      vertex -1.17497 -5.63219 14.4
      vertex -1.3243 -5.38724 14.4
      vertex -1.19066 -5.6409 14.4
    endloop
  endfacet
  facet normal -0 0 1
    outer loop
      vertex -1.34071 -5.39711 14.4
      vertex -1.19066 -5.6409 14.4
      vertex -1.3243 -5.38724 14.4
    endloop
  endfacet
  facet normal -0 0 1
    outer loop
      vertex -1.35657 -5.40758 14.4
      vertex -1.19066 -5.6409 14.4
      vertex -1.34071 -5.39711 14.4
    endloop
  endfacet
  facet normal 0 0 1
    outer loop
      vertex -1.19066 -5.6409 14.4
      vertex -1.35657 -5.40758 14.4
      vertex -1.2054 -5.65076 14.4
    endloop
  endfacet
  facet normal -0 0 1
    outer loop
      vertex -1.37187 -5.41866 14.4
      vertex -1.2054 -5.65076 14.4
      vertex -1.35657 -5.40758 14.4
    endloop
  endfacet
  facet normal -0 0 1
    outer loop
      vertex -1.38663 -5.43035 14.4
      vertex -1.2054 -5.65076 14.4
      vertex -1.37187 -5.41866 14.4
    endloop
  endfacet
  facet normal 0 0 1
    outer loop
      vertex -1.2054 -5.65076 14.4
      vertex -1.38663 -5.43035 14.4
      vertex -1.21938 -5.66167 14.4
    endloop
  endfacet
  facet normal -0 0 1
    outer loop
      vertex -1.40082 -5.44265 14.4
      vertex -1.21938 -5.66167 14.4
      vertex -1.38663 -5.43035 14.4
    endloop
  endfacet
  facet normal -0 0 1
    outer loop
      vertex -1.41451 -5.45549 14.4
      vertex -1.21938 -5.66167 14.4
      vertex -1.40082 -5.44265 14.4
    endloop
  endfacet
  facet normal 0 0 1
    outer loop
      vertex -1.21938 -5.66167 14.4
      vertex -1.41451 -5.45549 14.4
      vertex -1.2328 -5.67353 14.4
    endloop
  endfacet
  facet normal -0 0 1
    outer loop
      vertex -1.42772 -5.46883 14.4
      vertex -1.2328 -5.67353 14.4
      vertex -1.41451 -5.45549 14.4
    endloop
  endfacet
  facet normal -0 0 1
    outer loop
      vertex -1.44044 -5.48267 14.4
      vertex -1.2328 -5.67353 14.4
      vertex -1.42772 -5.46883 14.4
    endloop
  endfacet
  facet normal 0 0 1
    outer loop
      vertex -1.2328 -5.67353 14.4
      vertex -1.44044 -5.48267 14.4
      vertex -1.24568 -5.68631 14.4
    endloop
  endfacet
  facet normal -0 0 1
    outer loop
      vertex -1.4527 -5.49701 14.4
      vertex -1.24568 -5.68631 14.4
      vertex -1.44044 -5.48267 14.4
    endloop
  endfacet
  facet normal -0 0 1
    outer loop
      vertex -1.46446 -5.51186 14.4
      vertex -1.24568 -5.68631 14.4
      vertex -1.4527 -5.49701 14.4
    endloop
  endfacet
  facet normal 0 0 1
    outer loop
      vertex -1.24568 -5.68631 14.4
      vertex -1.46446 -5.51186 14.4
      vertex -1.258 -5.70005 14.4
    endloop
  endfacet
  facet normal -0 0 1
    outer loop
      vertex -1.47575 -5.52719 14.4
      vertex -1.258 -5.70005 14.4
      vertex -1.46446 -5.51186 14.4
    endloop
  endfacet
  facet normal -0 0 1
    outer loop
      vertex -1.48657 -5.54302 14.4
      vertex -1.258 -5.70005 14.4
      vertex -1.47575 -5.52719 14.4
    endloop
  endfacet
  facet normal 0 0 1
    outer loop
      vertex -1.258 -5.70005 14.4
      vertex -1.48657 -5.54302 14.4
      vertex -1.26976 -5.71472 14.4
    endloop
  endfacet
  facet normal -0 0 1
    outer loop
      vertex -1.4969 -5.55934 14.4
      vertex -1.26976 -5.71472 14.4
      vertex -1.48657 -5.54302 14.4
    endloop
  endfacet
  facet normal -0 0 1
    outer loop
      vertex -1.50673 -5.57617 14.4
      vertex -1.26976 -5.71472 14.4
      vertex -1.4969 -5.55934 14.4
    endloop
  endfacet
  facet normal 0 0 1
    outer loop
      vertex -1.26976 -5.71472 14.4
      vertex -1.50673 -5.57617 14.4
      vertex -1.28098 -5.73033 14.4
    endloop
  endfacet
  facet normal -0 0 1
    outer loop
      vertex -1.51622 -5.59339 14.4
      vertex -1.28098 -5.73033 14.4
      vertex -1.50673 -5.57617 14.4
    endloop
  endfacet
  facet normal 0 0 1
    outer loop
      vertex -1.28098 -5.73033 14.4
      vertex -1.51622 -5.59339 14.4
      vertex -1.29164 -5.74687 14.4
    endloop
  endfacet
  facet normal -0 0 1
    outer loop
      vertex -1.52542 -5.61087 14.4
      vertex -1.29164 -5.74687 14.4
      vertex -1.51622 -5.59339 14.4
    endloop
  endfacet
  facet normal -0 0 1
    outer loop
      vertex -1.53435 -5.62863 14.4
      vertex -1.29164 -5.74687 14.4
      vertex -1.52542 -5.61087 14.4
    endloop
  endfacet
  facet normal 0 0 1
    outer loop
      vertex -1.29164 -5.74687 14.4
      vertex -1.53435 -5.62863 14.4
      vertex -1.30174 -5.76438 14.4
    endloop
  endfacet
  facet normal -0 0 1
    outer loop
      vertex -1.54298 -5.64669 14.4
      vertex -1.30174 -5.76438 14.4
      vertex -1.53435 -5.62863 14.4
    endloop
  endfacet
  facet normal 0 0 1
    outer loop
      vertex -1.30174 -5.76438 14.4
      vertex -1.54298 -5.64669 14.4
      vertex -1.31131 -5.78281 14.4
    endloop
  endfacet
  facet normal -0 0 1
    outer loop
      vertex -1.55136 -5.665 14.4
      vertex -1.31131 -5.78281 14.4
      vertex -1.54298 -5.64669 14.4
    endloop
  endfacet
  facet normal -0 0 1
    outer loop
      vertex -1.55946 -5.68358 14.4
      vertex -1.31131 -5.78281 14.4
      vertex -1.55136 -5.665 14.4
    endloop
  endfacet
  facet normal 0 0 1
    outer loop
      vertex -1.31131 -5.78281 14.4
      vertex -1.55946 -5.68358 14.4
      vertex -1.32042 -5.8021 14.4
    endloop
  endfacet
  facet normal -0 0 1
    outer loop
      vertex -1.56728 -5.70246 14.4
      vertex -1.32042 -5.8021 14.4
      vertex -1.55946 -5.68358 14.4
    endloop
  endfacet
  facet normal 0 0 1
    outer loop
      vertex -1.33766 -5.84314 14.4
      vertex -1.5891 -5.76068 14.4
      vertex -1.34578 -5.86487 14.4
    endloop
  endfacet
  facet normal -0 0 1
    outer loop
      vertex -1.5959 -5.78055 14.4
      vertex -1.34578 -5.86487 14.4
      vertex -1.5891 -5.76068 14.4
    endloop
  endfacet
  facet normal 0 0 1
    outer loop
      vertex -1.32042 -5.8021 14.4
      vertex -1.56728 -5.70246 14.4
      vertex -1.32921 -5.82221 14.4
    endloop
  endfacet
  facet normal -0 0 1
    outer loop
      vertex -1.60248 -5.80062 14.4
      vertex -1.34578 -5.86487 14.4
      vertex -1.5959 -5.78055 14.4
    endloop
  endfacet
  facet normal -0 0 1
    outer loop
      vertex -1.57481 -5.72161 14.4
      vertex -1.32921 -5.82221 14.4
      vertex -1.56728 -5.70246 14.4
    endloop
  endfacet
  facet normal 0 0 1
    outer loop
      vertex -1.34578 -5.86487 14.4
      vertex -1.60248 -5.80062 14.4
      vertex -1.35358 -5.88741 14.4
    endloop
  endfacet
  facet normal 0 0 1
    outer loop
      vertex -1.32921 -5.82221 14.4
      vertex -1.58209 -5.74103 14.4
      vertex -1.33766 -5.84314 14.4
    endloop
  endfacet
  facet normal -0 0 1
    outer loop
      vertex -1.5891 -5.76068 14.4
      vertex -1.33766 -5.84314 14.4
      vertex -1.58209 -5.74103 14.4
    endloop
  endfacet
  facet normal -0 0 1
    outer loop
      vertex -1.58209 -5.74103 14.4
      vertex -1.32921 -5.82221 14.4
      vertex -1.57481 -5.72161 14.4
    endloop
  endfacet
  facet normal -0 0 1
    outer loop
      vertex -1.60883 -5.82088 14.4
      vertex -1.35358 -5.88741 14.4
      vertex -1.60248 -5.80062 14.4
    endloop
  endfacet
  facet normal 0 0 1
    outer loop
      vertex -1.35358 -5.88741 14.4
      vertex -1.60883 -5.82088 14.4
      vertex -1.36104 -5.91077 14.4
    endloop
  endfacet
  facet normal -0 0 1
    outer loop
      vertex -1.61496 -5.84136 14.4
      vertex -1.36104 -5.91077 14.4
      vertex -1.60883 -5.82088 14.4
    endloop
  endfacet
  facet normal 0 0 1
    outer loop
      vertex -1.36104 -5.91077 14.4
      vertex -1.61496 -5.84136 14.4
      vertex -1.36816 -5.93492 14.4
    endloop
  endfacet
  facet normal -0 0 1
    outer loop
      vertex -1.62088 -5.86203 14.4
      vertex -1.36816 -5.93492 14.4
      vertex -1.61496 -5.84136 14.4
    endloop
  endfacet
  facet normal -0 0 1
    outer loop
      vertex -1.62657 -5.88291 14.4
      vertex -1.36816 -5.93492 14.4
      vertex -1.62088 -5.86203 14.4
    endloop
  endfacet
  facet normal 0 0 1
    outer loop
      vertex -1.36816 -5.93492 14.4
      vertex -1.62657 -5.88291 14.4
      vertex -1.37495 -5.9599 14.4
    endloop
  endfacet
  facet normal -0 0 1
    outer loop
      vertex -1.63203 -5.90399 14.4
      vertex -1.37495 -5.9599 14.4
      vertex -1.62657 -5.88291 14.4
    endloop
  endfacet
  facet normal 0 0 1
    outer loop
      vertex -1.37495 -5.9599 14.4
      vertex -1.63203 -5.90399 14.4
      vertex -1.38142 -5.98569 14.4
    endloop
  endfacet
  facet normal -0 0 1
    outer loop
      vertex -1.63728 -5.92528 14.4
      vertex -1.38142 -5.98569 14.4
      vertex -1.63203 -5.90399 14.4
    endloop
  endfacet
  facet normal 0 0 1
    outer loop
      vertex -1.38142 -5.98569 14.4
      vertex -1.63728 -5.92528 14.4
      vertex -1.38777 -6.01219 14.4
    endloop
  endfacet
  facet normal -0 0 1
    outer loop
      vertex -1.65262 -5.9895 14.4
      vertex -1.38777 -6.01219 14.4
      vertex -1.63728 -5.92528 14.4
    endloop
  endfacet
  facet normal 0 0 1
    outer loop
      vertex -1.38777 -6.01219 14.4
      vertex -1.65262 -5.9895 14.4
      vertex -1.40082 -6.06708 14.4
    endloop
  endfacet
  facet normal -0 0 1
    outer loop
      vertex -1.66275 -6.03241 14.4
      vertex -1.40082 -6.06708 14.4
      vertex -1.65262 -5.9895 14.4
    endloop
  endfacet
  facet normal 0 0 1
    outer loop
      vertex -1.40082 -6.06708 14.4
      vertex -1.66275 -6.03241 14.4
      vertex -1.41431 -6.12447 14.4
    endloop
  endfacet
  facet normal -0 0 1
    outer loop
      vertex -1.67281 -6.0754 14.4
      vertex -1.41431 -6.12447 14.4
      vertex -1.66275 -6.03241 14.4
    endloop
  endfacet
  facet normal 0 0 1
    outer loop
      vertex -1.41431 -6.12447 14.4
      vertex -1.67281 -6.0754 14.4
      vertex -1.42824 -6.18436 14.4
    endloop
  endfacet
  facet normal -0 0 1
    outer loop
      vertex -1.68279 -6.11846 14.4
      vertex -1.42824 -6.18436 14.4
      vertex -1.67281 -6.0754 14.4
    endloop
  endfacet
  facet normal -0 0 1
    outer loop
      vertex -1.69679 -6.18039 14.4
      vertex -1.42824 -6.18436 14.4
      vertex -1.68279 -6.11846 14.4
    endloop
  endfacet
  facet normal 0 0 1
    outer loop
      vertex -1.42824 -6.18436 14.4
      vertex -1.69679 -6.18039 14.4
      vertex -1.4426 -6.24677 14.4
    endloop
  endfacet
  facet normal -0 0 1
    outer loop
      vertex -1.7103 -6.23758 14.4
      vertex -1.4426 -6.24677 14.4
      vertex -1.69679 -6.18039 14.4
    endloop
  endfacet
  facet normal 0 0 1
    outer loop
      vertex -1.4426 -6.24677 14.4
      vertex -1.7103 -6.23758 14.4
      vertex -1.45486 -6.30065 14.4
    endloop
  endfacet
  facet normal 0 0 1
    outer loop
      vertex -1.45486 -6.30065 14.4
      vertex -1.7103 -6.23758 14.4
      vertex -1.46713 -6.35157 14.4
    endloop
  endfacet
  facet normal -0 0 1
    outer loop
      vertex -1.72331 -6.29003 14.4
      vertex -1.46713 -6.35157 14.4
      vertex -1.7103 -6.23758 14.4
    endloop
  endfacet
  facet normal 0 0 1
    outer loop
      vertex -1.46713 -6.35157 14.4
      vertex -1.72331 -6.29003 14.4
      vertex -1.4794 -6.39952 14.4
    endloop
  endfacet
  facet normal -0 0 1
    outer loop
      vertex -1.73582 -6.33771 14.4
      vertex -1.4794 -6.39952 14.4
      vertex -1.72331 -6.29003 14.4
    endloop
  endfacet
  facet normal 0 0 1
    outer loop
      vertex -1.4794 -6.39952 14.4
      vertex -1.73582 -6.33771 14.4
      vertex -1.49167 -6.44451 14.4
    endloop
  endfacet
  facet normal -0 0 1
    outer loop
      vertex -1.74783 -6.38065 14.4
      vertex -1.49167 -6.44451 14.4
      vertex -1.73582 -6.33771 14.4
    endloop
  endfacet
  facet normal 0 0 1
    outer loop
      vertex -1.49167 -6.44451 14.4
      vertex -1.74783 -6.38065 14.4
      vertex -1.50392 -6.48653 14.4
    endloop
  endfacet
  facet normal -0 0 1
    outer loop
      vertex -1.75935 -6.41883 14.4
      vertex -1.50392 -6.48653 14.4
      vertex -1.74783 -6.38065 14.4
    endloop
  endfacet
  facet normal 0 0 1
    outer loop
      vertex -1.50392 -6.48653 14.4
      vertex -1.75935 -6.41883 14.4
      vertex -1.51617 -6.52558 14.4
    endloop
  endfacet
  facet normal -0 0 1
    outer loop
      vertex -1.77039 -6.45226 14.4
      vertex -1.51617 -6.52558 14.4
      vertex -1.75935 -6.41883 14.4
    endloop
  endfacet
  facet normal 0 0 1
    outer loop
      vertex -1.51617 -6.52558 14.4
      vertex -1.77039 -6.45226 14.4
      vertex -1.52844 -6.56168 14.4
    endloop
  endfacet
  facet normal -0 0 1
    outer loop
      vertex -1.7809 -6.48094 14.4
      vertex -1.52844 -6.56168 14.4
      vertex -1.77039 -6.45226 14.4
    endloop
  endfacet
  facet normal 0 0 1
    outer loop
      vertex -1.52844 -6.56168 14.4
      vertex -1.7809 -6.48094 14.4
      vertex -1.54071 -6.59481 14.4
    endloop
  endfacet
  facet normal -0 0 1
    outer loop
      vertex -1.79092 -6.50487 14.4
      vertex -1.54071 -6.59481 14.4
      vertex -1.7809 -6.48094 14.4
    endloop
  endfacet
  facet normal 0 0 1
    outer loop
      vertex -1.54071 -6.59481 14.4
      vertex -1.79092 -6.50487 14.4
      vertex -1.55298 -6.62496 14.4
    endloop
  endfacet
  facet normal -0 0 1
    outer loop
      vertex -1.80095 -6.52585 14.4
      vertex -1.55298 -6.62496 14.4
      vertex -1.79092 -6.50487 14.4
    endloop
  endfacet
  facet normal 0 0 1
    outer loop
      vertex -1.55298 -6.62496 14.4
      vertex -1.80095 -6.52585 14.4
      vertex -1.5654 -6.65296 14.4
    endloop
  endfacet
  facet normal -0 0 1
    outer loop
      vertex -1.81145 -6.54572 14.4
      vertex -1.5654 -6.65296 14.4
      vertex -1.80095 -6.52585 14.4
    endloop
  endfacet
  facet normal 0 0 1
    outer loop
      vertex -1.5654 -6.65296 14.4
      vertex -1.81145 -6.54572 14.4
      vertex -1.57814 -6.67961 14.4
    endloop
  endfacet
  facet normal -0 0 1
    outer loop
      vertex -1.82243 -6.56446 14.4
      vertex -1.57814 -6.67961 14.4
      vertex -1.81145 -6.54572 14.4
    endloop
  endfacet
  facet normal 0 0 1
    outer loop
      vertex -1.57814 -6.67961 14.4
      vertex -1.82243 -6.56446 14.4
      vertex -1.59119 -6.70493 14.4
    endloop
  endfacet
  facet normal -0 0 1
    outer loop
      vertex -1.83389 -6.58208 14.4
      vertex -1.59119 -6.70493 14.4
      vertex -1.82243 -6.56446 14.4
    endloop
  endfacet
  facet normal 0 0 1
    outer loop
      vertex -1.59119 -6.70493 14.4
      vertex -1.83389 -6.58208 14.4
      vertex -1.60455 -6.7289 14.4
    endloop
  endfacet
  facet normal 0 0 1
    outer loop
      vertex -1.60455 -6.7289 14.4
      vertex -1.83389 -6.58208 14.4
      vertex -1.61823 -6.75153 14.4
    endloop
  endfacet
  facet normal -0 0 1
    outer loop
      vertex -1.84583 -6.59857 14.4
      vertex -1.61823 -6.75153 14.4
      vertex -1.83389 -6.58208 14.4
    endloop
  endfacet
  facet normal 0 0 1
    outer loop
      vertex -1.61823 -6.75153 14.4
      vertex -1.84583 -6.59857 14.4
      vertex -1.6322 -6.77281 14.4
    endloop
  endfacet
  facet normal -0 0 1
    outer loop
      vertex -1.85825 -6.61394 14.4
      vertex -1.6322 -6.77281 14.4
      vertex -1.84583 -6.59857 14.4
    endloop
  endfacet
  facet normal 0 0 1
    outer loop
      vertex -1.6322 -6.77281 14.4
      vertex -1.85825 -6.61394 14.4
      vertex -1.64651 -6.79274 14.4
    endloop
  endfacet
  facet normal -0 0 1
    outer loop
      vertex -1.87114 -6.62819 14.4
      vertex -1.64651 -6.79274 14.4
      vertex -1.85825 -6.61394 14.4
    endloop
  endfacet
  facet normal 0 0 1
    outer loop
      vertex -1.64651 -6.79274 14.4
      vertex -1.87114 -6.62819 14.4
      vertex -1.66112 -6.81134 14.4
    endloop
  endfacet
  facet normal 0 0 1
    outer loop
      vertex -1.66112 -6.81134 14.4
      vertex -1.87114 -6.62819 14.4
      vertex -1.67604 -6.8286 14.4
    endloop
  endfacet
  facet normal -0 0 1
    outer loop
      vertex -1.88451 -6.64131 14.4
      vertex -1.67604 -6.8286 14.4
      vertex -1.87114 -6.62819 14.4
    endloop
  endfacet
  facet normal 0 0 1
    outer loop
      vertex -1.67604 -6.8286 14.4
      vertex -1.88451 -6.64131 14.4
      vertex -1.69142 -6.84474 14.4
    endloop
  endfacet
  facet normal 0 0 1
    outer loop
      vertex -1.69142 -6.84474 14.4
      vertex -1.88451 -6.64131 14.4
      vertex -1.70737 -6.86002 14.4
    endloop
  endfacet
  facet normal -0 0 1
    outer loop
      vertex -1.89836 -6.65332 14.4
      vertex -1.70737 -6.86002 14.4
      vertex -1.88451 -6.64131 14.4
    endloop
  endfacet
  facet normal 0 0 1
    outer loop
      vertex -1.70737 -6.86002 14.4
      vertex -1.89836 -6.65332 14.4
      vertex -1.72388 -6.87444 14.4
    endloop
  endfacet
  facet normal 0 0 1
    outer loop
      vertex -1.72388 -6.87444 14.4
      vertex -1.89836 -6.65332 14.4
      vertex -1.74095 -6.88797 14.4
    endloop
  endfacet
  facet normal -0 0 1
    outer loop
      vertex -1.91286 -6.66413 14.4
      vertex -1.74095 -6.88797 14.4
      vertex -1.89836 -6.65332 14.4
    endloop
  endfacet
  facet normal 0 0 1
    outer loop
      vertex -1.74095 -6.88797 14.4
      vertex -1.91286 -6.66413 14.4
      vertex -1.75861 -6.90067 14.4
    endloop
  endfacet
  facet normal 0 0 1
    outer loop
      vertex -1.75861 -6.90067 14.4
      vertex -1.91286 -6.66413 14.4
      vertex -1.77684 -6.91248 14.4
    endloop
  endfacet
  facet normal -0 0 1
    outer loop
      vertex -1.92819 -6.67365 14.4
      vertex -1.77684 -6.91248 14.4
      vertex -1.91286 -6.66413 14.4
    endloop
  endfacet
  facet normal 0 0 1
    outer loop
      vertex -1.77684 -6.91248 14.4
      vertex -1.92819 -6.67365 14.4
      vertex -1.79562 -6.92343 14.4
    endloop
  endfacet
  facet normal 0 0 1
    outer loop
      vertex -1.79562 -6.92343 14.4
      vertex -1.92819 -6.67365 14.4
      vertex -1.815 -6.93351 14.4
    endloop
  endfacet
  facet normal -0 0 1
    outer loop
      vertex -1.94435 -6.6819 14.4
      vertex -1.815 -6.93351 14.4
      vertex -1.92819 -6.67365 14.4
    endloop
  endfacet
  facet normal 0 0 1
    outer loop
      vertex -1.815 -6.93351 14.4
      vertex -1.94435 -6.6819 14.4
      vertex -1.83493 -6.94274 14.4
    endloop
  endfacet
  facet normal 0 0 1
    outer loop
      vertex -1.83493 -6.94274 14.4
      vertex -1.94435 -6.6819 14.4
      vertex -1.85548 -6.95102 14.4
    endloop
  endfacet
  facet normal -0 0 1
    outer loop
      vertex -1.96135 -6.68889 14.4
      vertex -1.85548 -6.95102 14.4
      vertex -1.94435 -6.6819 14.4
    endloop
  endfacet
  facet normal 0 0 1
    outer loop
      vertex -1.85548 -6.95102 14.4
      vertex -1.96135 -6.68889 14.4
      vertex -1.87671 -6.95835 14.4
    endloop
  endfacet
  facet normal 0 0 1
    outer loop
      vertex -1.87671 -6.95835 14.4
      vertex -1.96135 -6.68889 14.4
      vertex -1.89859 -6.96469 14.4
    endloop
  endfacet
  facet normal -0 0 1
    outer loop
      vertex -1.97917 -6.69461 14.4
      vertex -1.89859 -6.96469 14.4
      vertex -1.96135 -6.68889 14.4
    endloop
  endfacet
  facet normal 0 0 1
    outer loop
      vertex -1.89859 -6.96469 14.4
      vertex -1.97917 -6.69461 14.4
      vertex -1.92114 -6.97007 14.4
    endloop
  endfacet
  facet normal -0 0 1
    outer loop
      vertex -1.99782 -6.69905 14.4
      vertex -1.92114 -6.97007 14.4
      vertex -1.97917 -6.69461 14.4
    endloop
  endfacet
  facet normal 0 0 1
    outer loop
      vertex -1.92114 -6.97007 14.4
      vertex -1.99782 -6.69905 14.4
      vertex -1.94435 -6.97446 14.4
    endloop
  endfacet
  facet normal 0 0 1
    outer loop
      vertex -1.94435 -6.97446 14.4
      vertex -1.99782 -6.69905 14.4
      vertex -1.96822 -6.97788 14.4
    endloop
  endfacet
  facet normal -0 0 1
    outer loop
      vertex -2.01729 -6.70224 14.4
      vertex -1.96822 -6.97788 14.4
      vertex -1.99782 -6.69905 14.4
    endloop
  endfacet
  facet normal 0 0 1
    outer loop
      vertex -1.96822 -6.97788 14.4
      vertex -2.01729 -6.70224 14.4
      vertex -1.99275 -6.98032 14.4
    endloop
  endfacet
  facet normal 0 0 1
    outer loop
      vertex -2.01729 -6.70224 14.4
      vertex -2.01796 -6.98178 14.4
      vertex -1.99275 -6.98032 14.4
    endloop
  endfacet
  facet normal -0 0 1
    outer loop
      vertex -2.0376 -6.70415 14.4
      vertex -2.01796 -6.98178 14.4
      vertex -2.01729 -6.70224 14.4
    endloop
  endfacet
  facet normal 0 0 1
    outer loop
      vertex -2.0376 -6.70415 14.4
      vertex -2.04382 -6.98226 14.4
      vertex -2.01796 -6.98178 14.4
    endloop
  endfacet
  facet normal -0 0 1
    outer loop
      vertex -2.05873 -6.70478 14.4
      vertex -2.04382 -6.98226 14.4
      vertex -2.0376 -6.70415 14.4
    endloop
  endfacet
  facet normal 0 0 1
    outer loop
      vertex -2.10229 -6.97971 14.4
      vertex -2.05873 -6.70478 14.4
      vertex -2.09453 -6.70314 14.4
    endloop
  endfacet
  facet normal 0 0 1
    outer loop
      vertex -2.05873 -6.70478 14.4
      vertex -2.10229 -6.97971 14.4
      vertex -2.04382 -6.98226 14.4
    endloop
  endfacet
  facet normal 0 0 1
    outer loop
      vertex -2.15771 -6.97206 14.4
      vertex -2.09453 -6.70314 14.4
      vertex -2.12828 -6.69821 14.4
    endloop
  endfacet
  facet normal 0 0 1
    outer loop
      vertex -2.09453 -6.70314 14.4
      vertex -2.15771 -6.97206 14.4
      vertex -2.10229 -6.97971 14.4
    endloop
  endfacet
  facet normal 0 0 1
    outer loop
      vertex -2.21008 -6.95931 14.4
      vertex -2.12828 -6.69821 14.4
      vertex -2.16002 -6.69002 14.4
    endloop
  endfacet
  facet normal 0 0 1
    outer loop
      vertex -2.25938 -6.94145 14.4
      vertex -2.16002 -6.69002 14.4
      vertex -2.18973 -6.67855 14.4
    endloop
  endfacet
  facet normal 0 0 1
    outer loop
      vertex -2.12828 -6.69821 14.4
      vertex -2.21008 -6.95931 14.4
      vertex -2.15771 -6.97206 14.4
    endloop
  endfacet
  facet normal 0 0 1
    outer loop
      vertex -2.34882 -6.89043 14.4
      vertex -2.18973 -6.67855 14.4
      vertex -2.21741 -6.66381 14.4
    endloop
  endfacet
  facet normal 0 0 1
    outer loop
      vertex -2.38895 -6.85727 14.4
      vertex -2.21741 -6.66381 14.4
      vertex -2.24306 -6.64577 14.4
    endloop
  endfacet
  facet normal 0 0 1
    outer loop
      vertex -2.16002 -6.69002 14.4
      vertex -2.25938 -6.94145 14.4
      vertex -2.21008 -6.95931 14.4
    endloop
  endfacet
  facet normal 0 0 1
    outer loop
      vertex -2.42603 -6.819 14.4
      vertex -2.24306 -6.64577 14.4
      vertex -2.26669 -6.62445 14.4
    endloop
  endfacet
  facet normal 0 0 1
    outer loop
      vertex -2.46004 -6.77564 14.4
      vertex -2.26669 -6.62445 14.4
      vertex -2.28828 -6.59987 14.4
    endloop
  endfacet
  facet normal 0 0 1
    outer loop
      vertex -2.18973 -6.67855 14.4
      vertex -2.30563 -6.91849 14.4
      vertex -2.25938 -6.94145 14.4
    endloop
  endfacet
  facet normal 0 0 1
    outer loop
      vertex -2.49072 -6.72753 14.4
      vertex -2.28828 -6.59987 14.4
      vertex -2.30786 -6.57201 14.4
    endloop
  endfacet
  facet normal 0 0 1
    outer loop
      vertex -2.51781 -6.67501 14.4
      vertex -2.30786 -6.57201 14.4
      vertex -2.32541 -6.54102 14.4
    endloop
  endfacet
  facet normal 0 0 1
    outer loop
      vertex -2.54128 -6.61808 14.4
      vertex -2.32541 -6.54102 14.4
      vertex -2.34088 -6.5071 14.4
    endloop
  endfacet
  facet normal 0 0 1
    outer loop
      vertex -2.18973 -6.67855 14.4
      vertex -2.34882 -6.89043 14.4
      vertex -2.30563 -6.91849 14.4
    endloop
  endfacet
  facet normal 0 0 1
    outer loop
      vertex -2.56113 -6.55675 14.4
      vertex -2.34088 -6.5071 14.4
      vertex -2.35428 -6.47022 14.4
    endloop
  endfacet
  facet normal 0 0 1
    outer loop
      vertex -2.57738 -6.49103 14.4
      vertex -2.35428 -6.47022 14.4
      vertex -2.36563 -6.43041 14.4
    endloop
  endfacet
  facet normal -0 0 1
    outer loop
      vertex -2.59001 -6.4209 14.4
      vertex -2.36563 -6.43041 14.4
      vertex -2.37492 -6.38764 14.4
    endloop
  endfacet
  facet normal 0 0 1
    outer loop
      vertex -2.59001 -6.4209 14.4
      vertex -2.37492 -6.38764 14.4
      vertex -2.38214 -6.34192 14.4
    endloop
  endfacet
  facet normal 0 0 1
    outer loop
      vertex -2.59903 -6.34638 14.4
      vertex -2.38214 -6.34192 14.4
      vertex -2.3873 -6.29326 14.4
    endloop
  endfacet
  facet normal 0 0 1
    outer loop
      vertex -2.21741 -6.66381 14.4
      vertex -2.38895 -6.85727 14.4
      vertex -2.34882 -6.89043 14.4
    endloop
  endfacet
  facet normal -0 0 1
    outer loop
      vertex -2.60445 -6.26744 14.4
      vertex -2.3873 -6.29326 14.4
      vertex -2.3904 -6.24166 14.4
    endloop
  endfacet
  facet normal 0 0 1
    outer loop
      vertex -2.60625 -6.1841 14.4
      vertex -2.3904 -6.24166 14.4
      vertex -2.39142 -6.18709 14.4
    endloop
  endfacet
  facet normal 0 0 1
    outer loop
      vertex -2.34584 -5.89017 14.4
      vertex -2.5724 -5.83831 14.4
      vertex -2.35793 -5.92519 14.4
    endloop
  endfacet
  facet normal 0 0 1
    outer loop
      vertex -2.3904 -6.24166 14.4
      vertex -2.60625 -6.1841 14.4
      vertex -2.60445 -6.26744 14.4
    endloop
  endfacet
  facet normal -0 0 1
    outer loop
      vertex -2.58459 -5.89914 14.4
      vertex -2.35793 -5.92519 14.4
      vertex -2.5724 -5.83831 14.4
    endloop
  endfacet
  facet normal 0 0 1
    outer loop
      vertex -2.3873 -6.29326 14.4
      vertex -2.60445 -6.26744 14.4
      vertex -2.59903 -6.34638 14.4
    endloop
  endfacet
  facet normal 0 0 1
    outer loop
      vertex -2.35793 -5.92519 14.4
      vertex -2.58459 -5.89914 14.4
      vertex -2.36816 -5.96266 14.4
    endloop
  endfacet
  facet normal 0 0 1
    outer loop
      vertex -2.38214 -6.34192 14.4
      vertex -2.59903 -6.34638 14.4
      vertex -2.59001 -6.4209 14.4
    endloop
  endfacet
  facet normal 0 0 1
    outer loop
      vertex -2.59407 -5.96413 14.4
      vertex -2.36816 -5.96266 14.4
      vertex -2.58459 -5.89914 14.4
    endloop
  endfacet
  facet normal 0 0 1
    outer loop
      vertex -2.36563 -6.43041 14.4
      vertex -2.59001 -6.4209 14.4
      vertex -2.57738 -6.49103 14.4
    endloop
  endfacet
  facet normal 0 0 1
    outer loop
      vertex -2.36816 -5.96266 14.4
      vertex -2.59407 -5.96413 14.4
      vertex -2.37654 -6.00263 14.4
    endloop
  endfacet
  facet normal 0 0 1
    outer loop
      vertex -2.37654 -6.00263 14.4
      vertex -2.59407 -5.96413 14.4
      vertex -2.38306 -6.04503 14.4
    endloop
  endfacet
  facet normal 0 0 1
    outer loop
      vertex -2.39049 -6.13727 14.4
      vertex -2.60625 -6.1841 14.4
      vertex -2.39142 -6.18709 14.4
    endloop
  endfacet
  facet normal -0 0 1
    outer loop
      vertex -2.60083 -6.0333 14.4
      vertex -2.38306 -6.04503 14.4
      vertex -2.59407 -5.96413 14.4
    endloop
  endfacet
  facet normal 0 0 1
    outer loop
      vertex -2.35428 -6.47022 14.4
      vertex -2.57738 -6.49103 14.4
      vertex -2.56113 -6.55675 14.4
    endloop
  endfacet
  facet normal 0 0 1
    outer loop
      vertex -2.38306 -6.04503 14.4
      vertex -2.60083 -6.0333 14.4
      vertex -2.3877 -6.08992 14.4
    endloop
  endfacet
  facet normal 0 0 1
    outer loop
      vertex -2.34088 -6.5071 14.4
      vertex -2.56113 -6.55675 14.4
      vertex -2.54128 -6.61808 14.4
    endloop
  endfacet
  facet normal 0 0 1
    outer loop
      vertex -2.6049 -6.10662 14.4
      vertex -2.3877 -6.08992 14.4
      vertex -2.60083 -6.0333 14.4
    endloop
  endfacet
  facet normal 0 0 1
    outer loop
      vertex -2.3877 -6.08992 14.4
      vertex -2.6049 -6.10662 14.4
      vertex -2.39049 -6.13727 14.4
    endloop
  endfacet
  facet normal 0 0 1
    outer loop
      vertex -2.60625 -6.1841 14.4
      vertex -2.39049 -6.13727 14.4
      vertex -2.6049 -6.10662 14.4
    endloop
  endfacet
  facet normal 0 0 1
    outer loop
      vertex -2.26669 -6.62445 14.4
      vertex -2.46004 -6.77564 14.4
      vertex -2.42603 -6.819 14.4
    endloop
  endfacet
  facet normal 0 0 1
    outer loop
      vertex -2.32541 -6.54102 14.4
      vertex -2.54128 -6.61808 14.4
      vertex -2.51781 -6.67501 14.4
    endloop
  endfacet
  facet normal 0 0 1
    outer loop
      vertex -2.28828 -6.59987 14.4
      vertex -2.49072 -6.72753 14.4
      vertex -2.46004 -6.77564 14.4
    endloop
  endfacet
  facet normal 0 0 1
    outer loop
      vertex -2.30786 -6.57201 14.4
      vertex -2.51781 -6.67501 14.4
      vertex -2.49072 -6.72753 14.4
    endloop
  endfacet
  facet normal 0 0 1
    outer loop
      vertex -2.24306 -6.64577 14.4
      vertex -2.42603 -6.819 14.4
      vertex -2.38895 -6.85727 14.4
    endloop
  endfacet
  facet normal -0 0 1
    outer loop
      vertex -0.665344 -6.17964 14.4
      vertex -0.443054 -6.19007 14.4
      vertex -0.445023 -6.10053 14.4
    endloop
  endfacet
  facet normal 0 0 1
    outer loop
      vertex -0.666504 -6.11986 14.4
      vertex -0.445023 -6.10053 14.4
      vertex -0.450928 -6.01557 14.4
    endloop
  endfacet
  facet normal 0 0 1
    outer loop
      vertex -0.666504 -6.11986 14.4
      vertex -0.450928 -6.01557 14.4
      vertex -0.460785 -5.9352 14.4
    endloop
  endfacet
  facet normal 0 0 1
    outer loop
      vertex -0.443054 -6.19007 14.4
      vertex -0.665344 -6.17964 14.4
      vertex -0.666428 -6.2376 14.4
    endloop
  endfacet
  facet normal 0 0 1
    outer loop
      vertex -0.666504 -6.11986 14.4
      vertex -0.460785 -5.9352 14.4
      vertex -0.474579 -5.85942 14.4
    endloop
  endfacet
  facet normal 0 0 1
    outer loop
      vertex -0.666504 -6.11986 14.4
      vertex -0.474579 -5.85942 14.4
      vertex -0.492325 -5.78823 14.4
    endloop
  endfacet
  facet normal 0 0 1
    outer loop
      vertex -0.443054 -6.19007 14.4
      vertex -0.666428 -6.2376 14.4
      vertex -0.449646 -6.35283 14.4
    endloop
  endfacet
  facet normal 0 0 1
    outer loop
      vertex -0.666504 -6.11986 14.4
      vertex -0.492325 -5.78823 14.4
      vertex -0.513992 -5.72162 14.4
    endloop
  endfacet
  facet normal 0 0 1
    outer loop
      vertex -0.666504 -6.11986 14.4
      vertex -0.513992 -5.72162 14.4
      vertex -0.539612 -5.65959 14.4
    endloop
  endfacet
  facet normal -0 0 1
    outer loop
      vertex -0.669724 -6.2928 14.4
      vertex -0.449646 -6.35283 14.4
      vertex -0.666428 -6.2376 14.4
    endloop
  endfacet
  facet normal 0 0 1
    outer loop
      vertex -0.666504 -6.11986 14.4
      vertex -0.539612 -5.65959 14.4
      vertex -0.569183 -5.60216 14.4
    endloop
  endfacet
  facet normal 0 0 1
    outer loop
      vertex -0.666504 -6.11986 14.4
      vertex -0.569183 -5.60216 14.4
      vertex -0.602676 -5.54932 14.4
    endloop
  endfacet
  facet normal -0 0 1
    outer loop
      vertex -0.675201 -6.34523 14.4
      vertex -0.449646 -6.35283 14.4
      vertex -0.669724 -6.2928 14.4
    endloop
  endfacet
  facet normal 0 0 1
    outer loop
      vertex -0.806564 -5.69446 14.4
      vertex -0.602676 -5.54932 14.4
      vertex -0.639771 -5.50156 14.4
    endloop
  endfacet
  facet normal 0 0 1
    outer loop
      vertex -0.682877 -6.3949 14.4
      vertex -0.449646 -6.35283 14.4
      vertex -0.675201 -6.34523 14.4
    endloop
  endfacet
  facet normal 0 0 1
    outer loop
      vertex -0.449646 -6.35283 14.4
      vertex -0.682877 -6.3949 14.4
      vertex -0.469421 -6.49964 14.4
    endloop
  endfacet
  facet normal -0 0 1
    outer loop
      vertex -0.692734 -6.44182 14.4
      vertex -0.469421 -6.49964 14.4
      vertex -0.682877 -6.3949 14.4
    endloop
  endfacet
  facet normal -0 0 1
    outer loop
      vertex -0.704788 -6.48596 14.4
      vertex -0.469421 -6.49964 14.4
      vertex -0.692734 -6.44182 14.4
    endloop
  endfacet
  facet normal 0 0 1
    outer loop
      vertex -0.469421 -6.49964 14.4
      vertex -0.704788 -6.48596 14.4
      vertex -0.502396 -6.63051 14.4
    endloop
  endfacet
  facet normal -0 0 1
    outer loop
      vertex -0.71904 -6.52735 14.4
      vertex -0.502396 -6.63051 14.4
      vertex -0.704788 -6.48596 14.4
    endloop
  endfacet
  facet normal -0 0 1
    outer loop
      vertex -0.735474 -6.56598 14.4
      vertex -0.502396 -6.63051 14.4
      vertex -0.71904 -6.52735 14.4
    endloop
  endfacet
  facet normal -0 0 1
    outer loop
      vertex -0.754105 -6.60184 14.4
      vertex -0.502396 -6.63051 14.4
      vertex -0.735474 -6.56598 14.4
    endloop
  endfacet
  facet normal 0 0 1
    outer loop
      vertex -0.502396 -6.63051 14.4
      vertex -0.754105 -6.60184 14.4
      vertex -0.548553 -6.74543 14.4
    endloop
  endfacet
  facet normal -0 0 1
    outer loop
      vertex -0.775085 -6.635 14.4
      vertex -0.548553 -6.74543 14.4
      vertex -0.754105 -6.60184 14.4
    endloop
  endfacet
  facet normal -0 0 1
    outer loop
      vertex -0.798538 -6.66548 14.4
      vertex -0.548553 -6.74543 14.4
      vertex -0.775085 -6.635 14.4
    endloop
  endfacet
  facet normal 0 0 1
    outer loop
      vertex -0.548553 -6.74543 14.4
      vertex -0.798538 -6.66548 14.4
      vertex -0.607895 -6.84438 14.4
    endloop
  endfacet
  facet normal -0 0 1
    outer loop
      vertex -0.824478 -6.69333 14.4
      vertex -0.607895 -6.84438 14.4
      vertex -0.798538 -6.66548 14.4
    endloop
  endfacet
  facet normal 0 0 1
    outer loop
      vertex -0.607895 -6.84438 14.4
      vertex -0.824478 -6.69333 14.4
      vertex -0.68042 -6.92739 14.4
    endloop
  endfacet
  facet normal -0 0 1
    outer loop
      vertex -0.852905 -6.71852 14.4
      vertex -0.68042 -6.92739 14.4
      vertex -0.824478 -6.69333 14.4
    endloop
  endfacet
  facet normal -0 0 1
    outer loop
      vertex -0.88382 -6.74108 14.4
      vertex -0.68042 -6.92739 14.4
      vertex -0.852905 -6.71852 14.4
    endloop
  endfacet
  facet normal 0 0 1
    outer loop
      vertex -0.68042 -6.92739 14.4
      vertex -0.88382 -6.74108 14.4
      vertex -0.766144 -6.99445 14.4
    endloop
  endfacet
  facet normal -0 0 1
    outer loop
      vertex -0.917221 -6.76096 14.4
      vertex -0.766144 -6.99445 14.4
      vertex -0.88382 -6.74108 14.4
    endloop
  endfacet
  facet normal -0 0 1
    outer loop
      vertex -0.95311 -6.7782 14.4
      vertex -0.766144 -6.99445 14.4
      vertex -0.917221 -6.76096 14.4
    endloop
  endfacet
  facet normal 0 0 1
    outer loop
      vertex -0.766144 -6.99445 14.4
      vertex -0.95311 -6.7782 14.4
      vertex -0.865051 -7.04555 14.4
    endloop
  endfacet
  facet normal -0 0 1
    outer loop
      vertex -0.991486 -6.79279 14.4
      vertex -0.865051 -7.04555 14.4
      vertex -0.95311 -6.7782 14.4
    endloop
  endfacet
  facet normal 0 0 1
    outer loop
      vertex -0.865051 -7.04555 14.4
      vertex -0.991486 -6.79279 14.4
      vertex -0.977142 -7.08072 14.4
    endloop
  endfacet
  facet normal 0 0 1
    outer loop
      vertex -0.977142 -7.08072 14.4
      vertex -0.991486 -6.79279 14.4
      vertex -1.03235 -6.80472 14.4
    endloop
  endfacet
  facet normal 0 0 1
    outer loop
      vertex -2.34218 -3.38375 14.4
      vertex -2.57492 -3.38375 14.4
      vertex -2.34218 -4.69361 14.4
    endloop
  endfacet
  facet normal 0 0 1
    outer loop
      vertex -1.43813 -3.47327 14.4
      vertex -1.66786 -3.47327 14.4
      vertex -1.43813 -4.69361 14.4
    endloop
  endfacet
  facet normal 0 0 1
    outer loop
      vertex -0.705627 -4.69361 14.4
      vertex -0.472885 -3.32259 14.4
      vertex -0.705627 -3.32259 14.4
    endloop
  endfacet
  facet normal 0 0 1
    outer loop
      vertex -0.472885 -3.32259 14.4
      vertex -0.705627 -4.69361 14.4
      vertex -0.472885 -4.97855 14.4
    endloop
  endfacet
  facet normal -0 0 1
    outer loop
      vertex -1.43813 -4.69361 14.4
      vertex -0.472885 -4.97855 14.4
      vertex -0.705627 -4.69361 14.4
    endloop
  endfacet
  facet normal 0 0 1
    outer loop
      vertex -1.66786 -4.69361 14.4
      vertex -1.43813 -4.69361 14.4
      vertex -1.66786 -3.47327 14.4
    endloop
  endfacet
  facet normal 0 0 1
    outer loop
      vertex -2.57492 -4.97855 14.4
      vertex -1.43813 -4.69361 14.4
      vertex -1.66786 -4.69361 14.4
    endloop
  endfacet
  facet normal 0 0 1
    outer loop
      vertex -2.57492 -4.97855 14.4
      vertex -1.66786 -4.69361 14.4
      vertex -2.34218 -4.69361 14.4
    endloop
  endfacet
  facet normal 0 0 1
    outer loop
      vertex -1.43813 -4.69361 14.4
      vertex -2.57492 -4.97855 14.4
      vertex -0.472885 -4.97855 14.4
    endloop
  endfacet
  facet normal 0 0 1
    outer loop
      vertex -2.57492 -4.97855 14.4
      vertex -2.34218 -4.69361 14.4
      vertex -2.57492 -3.38375 14.4
    endloop
  endfacet
  facet normal 0 0 1
    outer loop
      vertex -1.45901 -10.1333 14.4
      vertex -1.68234 -10.1362 14.4
      vertex -1.68129 -10.1855 14.4
    endloop
  endfacet
  facet normal 0 0 1
    outer loop
      vertex -1.65518 -9.6599 14.4
      vertex -1.68552 -10.0898 14.4
      vertex -1.68234 -10.1362 14.4
    endloop
  endfacet
  facet normal 0 0 1
    outer loop
      vertex -1.65518 -9.6599 14.4
      vertex -1.69081 -10.0462 14.4
      vertex -1.68552 -10.0898 14.4
    endloop
  endfacet
  facet normal 0 0 1
    outer loop
      vertex -1.65518 -9.6599 14.4
      vertex -1.69823 -10.0055 14.4
      vertex -1.69081 -10.0462 14.4
    endloop
  endfacet
  facet normal 0 0 1
    outer loop
      vertex -1.83446 -9.78205 14.4
      vertex -1.67615 -9.62923 14.4
      vertex -1.69916 -9.60068 14.4
    endloop
  endfacet
  facet normal 0 0 1
    outer loop
      vertex -1.65518 -9.6599 14.4
      vertex -1.70776 -9.96759 14.4
      vertex -1.69823 -10.0055 14.4
    endloop
  endfacet
  facet normal 0 0 1
    outer loop
      vertex -1.65518 -9.6599 14.4
      vertex -1.71941 -9.93257 14.4
      vertex -1.70776 -9.96759 14.4
    endloop
  endfacet
  facet normal 0 0 1
    outer loop
      vertex -1.86145 -9.76676 14.4
      vertex -1.69916 -9.60068 14.4
      vertex -1.72424 -9.57427 14.4
    endloop
  endfacet
  facet normal 0 0 1
    outer loop
      vertex -1.65518 -9.6599 14.4
      vertex -1.73317 -9.90041 14.4
      vertex -1.71941 -9.93257 14.4
    endloop
  endfacet
  facet normal 0 0 1
    outer loop
      vertex -1.65518 -9.6599 14.4
      vertex -1.74905 -9.8711 14.4
      vertex -1.73317 -9.90041 14.4
    endloop
  endfacet
  facet normal 0 0 1
    outer loop
      vertex -1.86145 -9.76676 14.4
      vertex -1.72424 -9.57427 14.4
      vertex -1.7514 -9.54999 14.4
    endloop
  endfacet
  facet normal 0 0 1
    outer loop
      vertex -1.65518 -9.6599 14.4
      vertex -1.76706 -9.84464 14.4
      vertex -1.74905 -9.8711 14.4
    endloop
  endfacet
  facet normal 0 0 1
    outer loop
      vertex -1.8907 -9.75424 14.4
      vertex -1.7514 -9.54999 14.4
      vertex -1.78032 -9.52806 14.4
    endloop
  endfacet
  facet normal 0 0 1
    outer loop
      vertex -1.65518 -9.6599 14.4
      vertex -1.78726 -9.82099 14.4
      vertex -1.76706 -9.84464 14.4
    endloop
  endfacet
  facet normal 0 0 1
    outer loop
      vertex -1.65518 -9.6599 14.4
      vertex -1.80972 -9.80013 14.4
      vertex -1.78726 -9.82099 14.4
    endloop
  endfacet
  facet normal 0 0 1
    outer loop
      vertex -1.8907 -9.75424 14.4
      vertex -1.78032 -9.52806 14.4
      vertex -1.8107 -9.50873 14.4
    endloop
  endfacet
  facet normal 0 0 1
    outer loop
      vertex -1.67615 -9.62923 14.4
      vertex -1.83446 -9.78205 14.4
      vertex -1.80972 -9.80013 14.4
    endloop
  endfacet
  facet normal 0 0 1
    outer loop
      vertex -1.92223 -9.74451 14.4
      vertex -1.8107 -9.50873 14.4
      vertex -1.84258 -9.49196 14.4
    endloop
  endfacet
  facet normal 0 0 1
    outer loop
      vertex -1.69916 -9.60068 14.4
      vertex -1.86145 -9.76676 14.4
      vertex -1.83446 -9.78205 14.4
    endloop
  endfacet
  facet normal 0 0 1
    outer loop
      vertex -1.92223 -9.74451 14.4
      vertex -1.84258 -9.49196 14.4
      vertex -1.8759 -9.47779 14.4
    endloop
  endfacet
  facet normal 0 0 1
    outer loop
      vertex -1.7514 -9.54999 14.4
      vertex -1.8907 -9.75424 14.4
      vertex -1.86145 -9.76676 14.4
    endloop
  endfacet
  facet normal 0 0 1
    outer loop
      vertex -1.95601 -9.73755 14.4
      vertex -1.8759 -9.47779 14.4
      vertex -1.91072 -9.46617 14.4
    endloop
  endfacet
  facet normal 0 0 1
    outer loop
      vertex -1.8107 -9.50873 14.4
      vertex -1.92223 -9.74451 14.4
      vertex -1.8907 -9.75424 14.4
    endloop
  endfacet
  facet normal 0 0 1
    outer loop
      vertex -1.99207 -9.73339 14.4
      vertex -1.91072 -9.46617 14.4
      vertex -1.94701 -9.45716 14.4
    endloop
  endfacet
  facet normal 0 0 1
    outer loop
      vertex -1.8759 -9.47779 14.4
      vertex -1.95601 -9.73755 14.4
      vertex -1.92223 -9.74451 14.4
    endloop
  endfacet
  facet normal 0 0 1
    outer loop
      vertex -1.99207 -9.73339 14.4
      vertex -1.94701 -9.45716 14.4
      vertex -1.98476 -9.4507 14.4
    endloop
  endfacet
  facet normal 0 0 1
    outer loop
      vertex -1.91072 -9.46617 14.4
      vertex -1.99207 -9.73339 14.4
      vertex -1.95601 -9.73755 14.4
    endloop
  endfacet
  facet normal 0 0 1
    outer loop
      vertex -2.03038 -9.732 14.4
      vertex -1.98476 -9.4507 14.4
      vertex -2.02399 -9.44684 14.4
    endloop
  endfacet
  facet normal 0 0 1
    outer loop
      vertex -1.98476 -9.4507 14.4
      vertex -2.03038 -9.732 14.4
      vertex -1.99207 -9.73339 14.4
    endloop
  endfacet
  facet normal 0 0 1
    outer loop
      vertex -2.0647 -9.44554 14.4
      vertex -2.03038 -9.732 14.4
      vertex -2.02399 -9.44684 14.4
    endloop
  endfacet
  facet normal 0 0 1
    outer loop
      vertex -2.0647 -9.44554 14.4
      vertex -2.06697 -9.73343 14.4
      vertex -2.03038 -9.732 14.4
    endloop
  endfacet
  facet normal 0 0 1
    outer loop
      vertex -2.0647 -9.44554 14.4
      vertex -2.10118 -9.73773 14.4
      vertex -2.06697 -9.73343 14.4
    endloop
  endfacet
  facet normal -0 0 1
    outer loop
      vertex -2.17178 -9.45468 14.4
      vertex -2.10118 -9.73773 14.4
      vertex -2.0647 -9.44554 14.4
    endloop
  endfacet
  facet normal 0 0 1
    outer loop
      vertex -2.10118 -9.73773 14.4
      vertex -2.17178 -9.45468 14.4
      vertex -2.133 -9.74492 14.4
    endloop
  endfacet
  facet normal -0 0 1
    outer loop
      vertex -2.26627 -9.48209 14.4
      vertex -2.133 -9.74492 14.4
      vertex -2.17178 -9.45468 14.4
    endloop
  endfacet
  facet normal 0 0 1
    outer loop
      vertex -2.133 -9.74492 14.4
      vertex -2.26627 -9.48209 14.4
      vertex -2.16241 -9.75498 14.4
    endloop
  endfacet
  facet normal 0 0 1
    outer loop
      vertex -2.16241 -9.75498 14.4
      vertex -2.26627 -9.48209 14.4
      vertex -2.18942 -9.76792 14.4
    endloop
  endfacet
  facet normal -0 0 1
    outer loop
      vertex -2.34816 -9.52777 14.4
      vertex -2.18942 -9.76792 14.4
      vertex -2.26627 -9.48209 14.4
    endloop
  endfacet
  facet normal 0 0 1
    outer loop
      vertex -2.18942 -9.76792 14.4
      vertex -2.34816 -9.52777 14.4
      vertex -2.21405 -9.78371 14.4
    endloop
  endfacet
  facet normal -0 0 1
    outer loop
      vertex -2.41745 -9.59172 14.4
      vertex -2.21405 -9.78371 14.4
      vertex -2.34816 -9.52777 14.4
    endloop
  endfacet
  facet normal 0 0 1
    outer loop
      vertex -2.21405 -9.78371 14.4
      vertex -2.41745 -9.59172 14.4
      vertex -2.23628 -9.8024 14.4
    endloop
  endfacet
  facet normal -0 0 1
    outer loop
      vertex -2.47414 -9.67394 14.4
      vertex -2.23628 -9.8024 14.4
      vertex -2.41745 -9.59172 14.4
    endloop
  endfacet
  facet normal 0 0 1
    outer loop
      vertex -2.23628 -9.8024 14.4
      vertex -2.47414 -9.67394 14.4
      vertex -2.25612 -9.82395 14.4
    endloop
  endfacet
  facet normal 0 0 1
    outer loop
      vertex -2.25612 -9.82395 14.4
      vertex -2.47414 -9.67394 14.4
      vertex -2.27357 -9.84838 14.4
    endloop
  endfacet
  facet normal -0 0 1
    outer loop
      vertex -2.51823 -9.77443 14.4
      vertex -2.27357 -9.84838 14.4
      vertex -2.47414 -9.67394 14.4
    endloop
  endfacet
  facet normal 0 0 1
    outer loop
      vertex -2.27357 -9.84838 14.4
      vertex -2.51823 -9.77443 14.4
      vertex -2.28891 -9.87552 14.4
    endloop
  endfacet
  facet normal 0 0 1
    outer loop
      vertex -2.28891 -9.87552 14.4
      vertex -2.51823 -9.77443 14.4
      vertex -2.30244 -9.90525 14.4
    endloop
  endfacet
  facet normal 0 0 1
    outer loop
      vertex -2.56862 -10.0302 14.4
      vertex -2.33223 -10.0099 14.4
      vertex -2.54973 -9.89319 14.4
    endloop
  endfacet
  facet normal 0 0 1
    outer loop
      vertex -2.32411 -9.97243 14.4
      vertex -2.54973 -9.89319 14.4
      vertex -2.33223 -10.0099 14.4
    endloop
  endfacet
  facet normal 0 0 1
    outer loop
      vertex -2.31418 -9.93755 14.4
      vertex -2.54973 -9.89319 14.4
      vertex -2.32411 -9.97243 14.4
    endloop
  endfacet
  facet normal 0 0 1
    outer loop
      vertex -2.30244 -9.90525 14.4
      vertex -2.54973 -9.89319 14.4
      vertex -2.31418 -9.93755 14.4
    endloop
  endfacet
  facet normal -0 0 1
    outer loop
      vertex -2.54973 -9.89319 14.4
      vertex -2.30244 -9.90525 14.4
      vertex -2.51823 -9.77443 14.4
    endloop
  endfacet
  facet normal 0 0 1
    outer loop
      vertex -0.472885 -10.096 14.4
      vertex -0.702332 -10.0547 14.4
      vertex -0.701126 -10.1109 14.4
    endloop
  endfacet
  facet normal 0 0 1
    outer loop
      vertex -0.845917 -9.68337 14.4
      vertex -0.664963 -9.48471 14.4
      vertex -0.704224 -9.44687 14.4
    endloop
  endfacet
  facet normal 0 0 1
    outer loop
      vertex -0.628769 -9.52761 14.4
      vertex -0.705917 -10.0019 14.4
      vertex -0.702332 -10.0547 14.4
    endloop
  endfacet
  facet normal 0 0 1
    outer loop
      vertex -0.628769 -9.52761 14.4
      vertex -0.711914 -9.95264 14.4
      vertex -0.705917 -10.0019 14.4
    endloop
  endfacet
  facet normal 0 0 1
    outer loop
      vertex -0.628769 -9.52761 14.4
      vertex -0.720291 -9.90686 14.4
      vertex -0.711914 -9.95264 14.4
    endloop
  endfacet
  facet normal 0 0 1
    outer loop
      vertex -0.628769 -9.52761 14.4
      vertex -0.731064 -9.8646 14.4
      vertex -0.720291 -9.90686 14.4
    endloop
  endfacet
  facet normal 0 0 1
    outer loop
      vertex -0.628769 -9.52761 14.4
      vertex -0.744232 -9.82582 14.4
      vertex -0.731064 -9.8646 14.4
    endloop
  endfacet
  facet normal 0 0 1
    outer loop
      vertex -0.873367 -9.66422 14.4
      vertex -0.704224 -9.44687 14.4
      vertex -0.746552 -9.41407 14.4
    endloop
  endfacet
  facet normal 0 0 1
    outer loop
      vertex -0.628769 -9.52761 14.4
      vertex -0.759796 -9.79056 14.4
      vertex -0.744232 -9.82582 14.4
    endloop
  endfacet
  facet normal 0 0 1
    outer loop
      vertex -0.628769 -9.52761 14.4
      vertex -0.777756 -9.75879 14.4
      vertex -0.759796 -9.79056 14.4
    endloop
  endfacet
  facet normal 0 0 1
    outer loop
      vertex -0.903168 -9.648 14.4
      vertex -0.746552 -9.41407 14.4
      vertex -0.791977 -9.38631 14.4
    endloop
  endfacet
  facet normal 0 0 1
    outer loop
      vertex -0.628769 -9.52761 14.4
      vertex -0.798111 -9.73052 14.4
      vertex -0.777756 -9.75879 14.4
    endloop
  endfacet
  facet normal 0 0 1
    outer loop
      vertex -0.628769 -9.52761 14.4
      vertex -0.820831 -9.70546 14.4
      vertex -0.798111 -9.73052 14.4
    endloop
  endfacet
  facet normal 0 0 1
    outer loop
      vertex -0.935333 -9.63474 14.4
      vertex -0.791977 -9.38631 14.4
      vertex -0.840454 -9.3636 14.4
    endloop
  endfacet
  facet normal 0 0 1
    outer loop
      vertex -0.628769 -9.52761 14.4
      vertex -0.845917 -9.68337 14.4
      vertex -0.820831 -9.70546 14.4
    endloop
  endfacet
  facet normal 0 0 1
    outer loop
      vertex -0.704224 -9.44687 14.4
      vertex -0.873367 -9.66422 14.4
      vertex -0.845917 -9.68337 14.4
    endloop
  endfacet
  facet normal 0 0 1
    outer loop
      vertex -0.969849 -9.62442 14.4
      vertex -0.840454 -9.3636 14.4
      vertex -0.892029 -9.34593 14.4
    endloop
  endfacet
  facet normal 0 0 1
    outer loop
      vertex -0.746552 -9.41407 14.4
      vertex -0.903168 -9.648 14.4
      vertex -0.873367 -9.66422 14.4
    endloop
  endfacet
  facet normal 0 0 1
    outer loop
      vertex -0.791977 -9.38631 14.4
      vertex -0.935333 -9.63474 14.4
      vertex -0.903168 -9.648 14.4
    endloop
  endfacet
  facet normal 0 0 1
    outer loop
      vertex -0.969849 -9.62442 14.4
      vertex -0.892029 -9.34593 14.4
      vertex -0.946655 -9.33333 14.4
    endloop
  endfacet
  facet normal 0 0 1
    outer loop
      vertex -0.840454 -9.3636 14.4
      vertex -0.969849 -9.62442 14.4
      vertex -0.935333 -9.63474 14.4
    endloop
  endfacet
  facet normal 0 0 1
    outer loop
      vertex -1.00671 -9.61707 14.4
      vertex -0.946655 -9.33333 14.4
      vertex -1.00438 -9.32575 14.4
    endloop
  endfacet
  facet normal 0 0 1
    outer loop
      vertex -0.946655 -9.33333 14.4
      vertex -1.00671 -9.61707 14.4
      vertex -0.969849 -9.62442 14.4
    endloop
  endfacet
  facet normal 0 0 1
    outer loop
      vertex -1.00438 -9.32575 14.4
      vertex -1.04594 -9.61264 14.4
      vertex -1.00671 -9.61707 14.4
    endloop
  endfacet
  facet normal 0 0 1
    outer loop
      vertex -1.06517 -9.32323 14.4
      vertex -1.04594 -9.61264 14.4
      vertex -1.00438 -9.32575 14.4
    endloop
  endfacet
  facet normal 0 0 1
    outer loop
      vertex -1.06517 -9.32323 14.4
      vertex -1.08754 -9.61116 14.4
      vertex -1.04594 -9.61264 14.4
    endloop
  endfacet
  facet normal -0 0 1
    outer loop
      vertex -1.11102 -9.32491 14.4
      vertex -1.08754 -9.61116 14.4
      vertex -1.06517 -9.32323 14.4
    endloop
  endfacet
  facet normal -0 0 1
    outer loop
      vertex -1.15508 -9.32993 14.4
      vertex -1.08754 -9.61116 14.4
      vertex -1.11102 -9.32491 14.4
    endloop
  endfacet
  facet normal 0 0 1
    outer loop
      vertex -1.15508 -9.32993 14.4
      vertex -1.1655 -9.61762 14.4
      vertex -1.08754 -9.61116 14.4
    endloop
  endfacet
  facet normal -0 0 1
    outer loop
      vertex -1.19736 -9.33832 14.4
      vertex -1.1655 -9.61762 14.4
      vertex -1.15508 -9.32993 14.4
    endloop
  endfacet
  facet normal -0 0 1
    outer loop
      vertex -1.23784 -9.35005 14.4
      vertex -1.1655 -9.61762 14.4
      vertex -1.19736 -9.33832 14.4
    endloop
  endfacet
  facet normal -0 0 1
    outer loop
      vertex -1.27655 -9.36513 14.4
      vertex -1.1655 -9.61762 14.4
      vertex -1.23784 -9.35005 14.4
    endloop
  endfacet
  facet normal -0 0 1
    outer loop
      vertex -1.31346 -9.38356 14.4
      vertex -1.1655 -9.61762 14.4
      vertex -1.27655 -9.36513 14.4
    endloop
  endfacet
  facet normal 0 0 1
    outer loop
      vertex -1.1655 -9.61762 14.4
      vertex -1.31346 -9.38356 14.4
      vertex -1.2343 -9.63695 14.4
    endloop
  endfacet
  facet normal -0 0 1
    outer loop
      vertex -1.34859 -9.40535 14.4
      vertex -1.2343 -9.63695 14.4
      vertex -1.31346 -9.38356 14.4
    endloop
  endfacet
  facet normal -0 0 1
    outer loop
      vertex -1.38194 -9.4305 14.4
      vertex -1.2343 -9.63695 14.4
      vertex -1.34859 -9.40535 14.4
    endloop
  endfacet
  facet normal -0 0 1
    outer loop
      vertex -1.4135 -9.45899 14.4
      vertex -1.2343 -9.63695 14.4
      vertex -1.38194 -9.4305 14.4
    endloop
  endfacet
  facet normal 0 0 1
    outer loop
      vertex -1.2343 -9.63695 14.4
      vertex -1.4135 -9.45899 14.4
      vertex -1.29391 -9.66918 14.4
    endloop
  endfacet
  facet normal -0 0 1
    outer loop
      vertex -1.44283 -9.49059 14.4
      vertex -1.29391 -9.66918 14.4
      vertex -1.4135 -9.45899 14.4
    endloop
  endfacet
  facet normal -0 0 1
    outer loop
      vertex -1.46948 -9.525 14.4
      vertex -1.29391 -9.66918 14.4
      vertex -1.44283 -9.49059 14.4
    endloop
  endfacet
  facet normal -0 0 1
    outer loop
      vertex -1.49348 -9.56226 14.4
      vertex -1.29391 -9.66918 14.4
      vertex -1.46948 -9.525 14.4
    endloop
  endfacet
  facet normal 0 0 1
    outer loop
      vertex -1.29391 -9.66918 14.4
      vertex -1.49348 -9.56226 14.4
      vertex -1.34436 -9.71431 14.4
    endloop
  endfacet
  facet normal -0 0 1
    outer loop
      vertex -1.51479 -9.60236 14.4
      vertex -1.34436 -9.71431 14.4
      vertex -1.49348 -9.56226 14.4
    endloop
  endfacet
  facet normal -0 0 1
    outer loop
      vertex -1.53343 -9.6453 14.4
      vertex -1.34436 -9.71431 14.4
      vertex -1.51479 -9.60236 14.4
    endloop
  endfacet
  facet normal 0 0 1
    outer loop
      vertex -1.34436 -9.71431 14.4
      vertex -1.53343 -9.6453 14.4
      vertex -1.38564 -9.77233 14.4
    endloop
  endfacet
  facet normal -0 0 1
    outer loop
      vertex -1.56273 -9.73966 14.4
      vertex -1.38564 -9.77233 14.4
      vertex -1.54942 -9.69106 14.4
    endloop
  endfacet
  facet normal -0 0 1
    outer loop
      vertex -1.54942 -9.69106 14.4
      vertex -1.38564 -9.77233 14.4
      vertex -1.53343 -9.6453 14.4
    endloop
  endfacet
  facet normal -0 0 1
    outer loop
      vertex -0.702332 -10.0547 14.4
      vertex -0.472885 -10.096 14.4
      vertex -0.474808 -10.0171 14.4
    endloop
  endfacet
  facet normal 0 0 1
    outer loop
      vertex -0.702332 -10.0547 14.4
      vertex -0.474808 -10.0171 14.4
      vertex -0.480576 -9.94211 14.4
    endloop
  endfacet
  facet normal 0 0 1
    outer loop
      vertex -0.702332 -10.0547 14.4
      vertex -0.480576 -9.94211 14.4
      vertex -0.490204 -9.87108 14.4
    endloop
  endfacet
  facet normal 0 0 1
    outer loop
      vertex -0.702332 -10.0547 14.4
      vertex -0.490204 -9.87108 14.4
      vertex -0.503677 -9.80397 14.4
    endloop
  endfacet
  facet normal 0 0 1
    outer loop
      vertex -0.702332 -10.0547 14.4
      vertex -0.503677 -9.80397 14.4
      vertex -0.520996 -9.74082 14.4
    endloop
  endfacet
  facet normal 0 0 1
    outer loop
      vertex -0.702332 -10.0547 14.4
      vertex -0.520996 -9.74082 14.4
      vertex -0.542175 -9.6816 14.4
    endloop
  endfacet
  facet normal 0 0 1
    outer loop
      vertex -0.702332 -10.0547 14.4
      vertex -0.542175 -9.6816 14.4
      vertex -0.567184 -9.62633 14.4
    endloop
  endfacet
  facet normal 0 0 1
    outer loop
      vertex -0.702332 -10.0547 14.4
      vertex -0.567184 -9.62633 14.4
      vertex -0.596054 -9.575 14.4
    endloop
  endfacet
  facet normal 0 0 1
    outer loop
      vertex -0.702332 -10.0547 14.4
      vertex -0.596054 -9.575 14.4
      vertex -0.628769 -9.52761 14.4
    endloop
  endfacet
  facet normal 0 0 1
    outer loop
      vertex -0.845917 -9.68337 14.4
      vertex -0.628769 -9.52761 14.4
      vertex -0.664963 -9.48471 14.4
    endloop
  endfacet
  facet normal 0 0 1
    outer loop
      vertex -0.472885 -10.096 14.4
      vertex -0.701126 -10.1109 14.4
      vertex -0.701126 -10.6644 14.4
    endloop
  endfacet
  facet normal 0 0 1
    outer loop
      vertex -0.472885 -10.096 14.4
      vertex -0.701126 -10.6644 14.4
      vertex -0.472885 -10.9494 14.4
    endloop
  endfacet
  facet normal -0 0 1
    outer loop
      vertex -1.45901 -10.6644 14.4
      vertex -0.472885 -10.9494 14.4
      vertex -0.701126 -10.6644 14.4
    endloop
  endfacet
  facet normal 0 0 1
    outer loop
      vertex -1.38564 -9.77233 14.4
      vertex -1.56273 -9.73966 14.4
      vertex -1.41774 -9.84323 14.4
    endloop
  endfacet
  facet normal -0 0 1
    outer loop
      vertex -1.57336 -9.79111 14.4
      vertex -1.41774 -9.84323 14.4
      vertex -1.56273 -9.73966 14.4
    endloop
  endfacet
  facet normal 0 0 1
    outer loop
      vertex -1.58134 -9.84539 14.4
      vertex -1.41774 -9.84323 14.4
      vertex -1.57336 -9.79111 14.4
    endloop
  endfacet
  facet normal 0 0 1
    outer loop
      vertex -1.41774 -9.84323 14.4
      vertex -1.58134 -9.84539 14.4
      vertex -1.44067 -9.92704 14.4
    endloop
  endfacet
  facet normal 0 0 1
    outer loop
      vertex -1.44067 -9.92704 14.4
      vertex -1.58134 -9.84539 14.4
      vertex -1.45442 -10.0237 14.4
    endloop
  endfacet
  facet normal 0 0 1
    outer loop
      vertex -1.68234 -10.1362 14.4
      vertex -1.45442 -10.0237 14.4
      vertex -1.58134 -9.84539 14.4
    endloop
  endfacet
  facet normal 0 0 1
    outer loop
      vertex -1.68234 -10.1362 14.4
      vertex -1.45901 -10.1333 14.4
      vertex -1.45442 -10.0237 14.4
    endloop
  endfacet
  facet normal 0 0 1
    outer loop
      vertex -1.68234 -10.1362 14.4
      vertex -1.58134 -9.84539 14.4
      vertex -1.59198 -9.80402 14.4
    endloop
  endfacet
  facet normal 0 0 1
    outer loop
      vertex -1.68234 -10.1362 14.4
      vertex -1.59198 -9.80402 14.4
      vertex -1.60469 -9.76479 14.4
    endloop
  endfacet
  facet normal 0 0 1
    outer loop
      vertex -1.68234 -10.1362 14.4
      vertex -1.60469 -9.76479 14.4
      vertex -1.61946 -9.72768 14.4
    endloop
  endfacet
  facet normal 0 0 1
    outer loop
      vertex -1.68234 -10.1362 14.4
      vertex -1.61946 -9.72768 14.4
      vertex -1.63629 -9.69272 14.4
    endloop
  endfacet
  facet normal 0 0 1
    outer loop
      vertex -1.68234 -10.1362 14.4
      vertex -1.63629 -9.69272 14.4
      vertex -1.65518 -9.6599 14.4
    endloop
  endfacet
  facet normal 0 0 1
    outer loop
      vertex -1.80972 -9.80013 14.4
      vertex -1.65518 -9.6599 14.4
      vertex -1.67615 -9.62923 14.4
    endloop
  endfacet
  facet normal 0 0 1
    outer loop
      vertex -1.45901 -10.1333 14.4
      vertex -1.68129 -10.1855 14.4
      vertex -1.45901 -10.6644 14.4
    endloop
  endfacet
  facet normal 0 0 1
    outer loop
      vertex -1.68129 -10.6644 14.4
      vertex -1.45901 -10.6644 14.4
      vertex -1.68129 -10.1855 14.4
    endloop
  endfacet
  facet normal 0 0 1
    outer loop
      vertex -2.57492 -10.9494 14.4
      vertex -1.45901 -10.6644 14.4
      vertex -1.68129 -10.6644 14.4
    endloop
  endfacet
  facet normal 0 0 1
    outer loop
      vertex -2.57492 -10.9494 14.4
      vertex -1.68129 -10.6644 14.4
      vertex -2.34668 -10.6644 14.4
    endloop
  endfacet
  facet normal 0 0 1
    outer loop
      vertex -2.33223 -10.0099 14.4
      vertex -2.56862 -10.0302 14.4
      vertex -2.33855 -10.0499 14.4
    endloop
  endfacet
  facet normal 0 0 1
    outer loop
      vertex -2.33855 -10.0499 14.4
      vertex -2.56862 -10.0302 14.4
      vertex -2.34306 -10.0925 14.4
    endloop
  endfacet
  facet normal 0 0 1
    outer loop
      vertex -2.34306 -10.0925 14.4
      vertex -2.56862 -10.0302 14.4
      vertex -2.34576 -10.1377 14.4
    endloop
  endfacet
  facet normal 0 0 1
    outer loop
      vertex -2.57492 -10.1855 14.4
      vertex -2.34576 -10.1377 14.4
      vertex -2.56862 -10.0302 14.4
    endloop
  endfacet
  facet normal 0 0 1
    outer loop
      vertex -2.34576 -10.1377 14.4
      vertex -2.57492 -10.1855 14.4
      vertex -2.34668 -10.1855 14.4
    endloop
  endfacet
  facet normal 0 0 1
    outer loop
      vertex -2.34668 -10.1855 14.4
      vertex -2.57492 -10.1855 14.4
      vertex -2.34668 -10.6644 14.4
    endloop
  endfacet
  facet normal 0 0 1
    outer loop
      vertex -1.45901 -10.6644 14.4
      vertex -2.57492 -10.9494 14.4
      vertex -0.472885 -10.9494 14.4
    endloop
  endfacet
  facet normal 0 0 1
    outer loop
      vertex -2.57492 -10.9494 14.4
      vertex -2.34668 -10.6644 14.4
      vertex -2.57492 -10.1855 14.4
    endloop
  endfacet
  facet normal 0 0 1
    outer loop
      vertex -0.472885 -7.1778 14.4
      vertex -1.08754 -7.70893 14.4
      vertex -0.472885 -7.46872 14.4
    endloop
  endfacet
  facet normal 0 0 1
    outer loop
      vertex -1.08754 -7.70893 14.4
      vertex -1.30983 -7.79395 14.4
      vertex -1.08754 -8.66669 14.4
    endloop
  endfacet
  facet normal 0 0 1
    outer loop
      vertex -0.472885 -7.1778 14.4
      vertex -1.30983 -7.79395 14.4
      vertex -1.08754 -7.70893 14.4
    endloop
  endfacet
  facet normal 0 0 1
    outer loop
      vertex -2.57492 -8.0222 14.4
      vertex -1.30983 -7.79395 14.4
      vertex -0.472885 -7.1778 14.4
    endloop
  endfacet
  facet normal 0 0 1
    outer loop
      vertex -1.30983 -7.79395 14.4
      vertex -2.57492 -8.0222 14.4
      vertex -2.00354 -8.06398 14.4
    endloop
  endfacet
  facet normal 0 0 1
    outer loop
      vertex -2.00354 -8.06398 14.4
      vertex -2.57492 -8.0222 14.4
      vertex -2.02675 -8.07326 14.4
    endloop
  endfacet
  facet normal 0 0 1
    outer loop
      vertex -2.02675 -8.07326 14.4
      vertex -2.57492 -8.0222 14.4
      vertex -2.05061 -8.08254 14.4
    endloop
  endfacet
  facet normal 0 0 1
    outer loop
      vertex -2.05061 -8.08254 14.4
      vertex -2.57492 -8.0222 14.4
      vertex -2.07515 -8.09183 14.4
    endloop
  endfacet
  facet normal 0 0 1
    outer loop
      vertex -2.07515 -8.09183 14.4
      vertex -2.57492 -8.0222 14.4
      vertex -2.10034 -8.10111 14.4
    endloop
  endfacet
  facet normal 0 0 1
    outer loop
      vertex -2.10034 -8.10111 14.4
      vertex -2.57492 -8.0222 14.4
      vertex -2.12621 -8.11038 14.4
    endloop
  endfacet
  facet normal 0 0 1
    outer loop
      vertex -2.12621 -8.11038 14.4
      vertex -2.57492 -8.0222 14.4
      vertex -2.15273 -8.11968 14.4
    endloop
  endfacet
  facet normal 0 0 1
    outer loop
      vertex -2.15273 -8.11968 14.4
      vertex -2.57492 -8.0222 14.4
      vertex -2.1799 -8.12895 14.4
    endloop
  endfacet
  facet normal 0 0 1
    outer loop
      vertex -2.1799 -8.12895 14.4
      vertex -2.57492 -8.0222 14.4
      vertex -2.20775 -8.13823 14.4
    endloop
  endfacet
  facet normal 0 0 1
    outer loop
      vertex -2.20775 -8.13823 14.4
      vertex -2.57492 -8.0222 14.4
      vertex -2.36009 -8.18779 14.4
    endloop
  endfacet
  facet normal 0 0 1
    outer loop
      vertex -1.08754 -8.66669 14.4
      vertex -0.472885 -9.20377 14.4
      vertex -0.472885 -8.90839 14.4
    endloop
  endfacet
  facet normal -0 0 1
    outer loop
      vertex -1.30983 -8.58016 14.4
      vertex -1.08754 -8.66669 14.4
      vertex -1.30983 -7.79395 14.4
    endloop
  endfacet
  facet normal 0 0 1
    outer loop
      vertex -1.30983 -8.58016 14.4
      vertex -0.472885 -9.20377 14.4
      vertex -1.08754 -8.66669 14.4
    endloop
  endfacet
  facet normal -0 0 1
    outer loop
      vertex -2.57492 -8.34595 14.4
      vertex -1.30983 -8.58016 14.4
      vertex -2.00055 -8.31163 14.4
    endloop
  endfacet
  facet normal 0 0 1
    outer loop
      vertex -2.57492 -8.34595 14.4
      vertex -2.00055 -8.31163 14.4
      vertex -2.04279 -8.29583 14.4
    endloop
  endfacet
  facet normal 0 0 1
    outer loop
      vertex -2.57492 -8.34595 14.4
      vertex -2.04279 -8.29583 14.4
      vertex -2.08328 -8.2809 14.4
    endloop
  endfacet
  facet normal 0 0 1
    outer loop
      vertex -2.57492 -8.34595 14.4
      vertex -2.08328 -8.2809 14.4
      vertex -2.12206 -8.26688 14.4
    endloop
  endfacet
  facet normal 0 0 1
    outer loop
      vertex -2.57492 -8.34595 14.4
      vertex -2.12206 -8.26688 14.4
      vertex -2.15909 -8.25373 14.4
    endloop
  endfacet
  facet normal 0 0 1
    outer loop
      vertex -2.57492 -8.34595 14.4
      vertex -2.15909 -8.25373 14.4
      vertex -2.1944 -8.24146 14.4
    endloop
  endfacet
  facet normal 0 0 1
    outer loop
      vertex -2.57492 -8.34595 14.4
      vertex -2.1944 -8.24146 14.4
      vertex -2.22798 -8.23007 14.4
    endloop
  endfacet
  facet normal 0 0 1
    outer loop
      vertex -2.57492 -8.34595 14.4
      vertex -2.22798 -8.23007 14.4
      vertex -2.25983 -8.21958 14.4
    endloop
  endfacet
  facet normal 0 0 1
    outer loop
      vertex -2.57492 -8.34595 14.4
      vertex -2.25983 -8.21958 14.4
      vertex -2.28993 -8.20996 14.4
    endloop
  endfacet
  facet normal 0 0 1
    outer loop
      vertex -2.57492 -8.34595 14.4
      vertex -2.28993 -8.20996 14.4
      vertex -2.31831 -8.20124 14.4
    endloop
  endfacet
  facet normal 0 0 1
    outer loop
      vertex -2.57492 -8.34595 14.4
      vertex -2.31831 -8.20124 14.4
      vertex -2.36009 -8.18779 14.4
    endloop
  endfacet
  facet normal 0 0 1
    outer loop
      vertex -1.30983 -8.58016 14.4
      vertex -2.57492 -8.34595 14.4
      vertex -0.472885 -9.20377 14.4
    endloop
  endfacet
  facet normal 0 0 1
    outer loop
      vertex -2.57492 -8.34595 14.4
      vertex -2.36009 -8.18779 14.4
      vertex -2.57492 -8.0222 14.4
    endloop
  endfacet
  facet normal -0.997593 -0.069336 0
    outer loop
      vertex -0.445023 -6.10053 14.4
      vertex -0.450928 -6.01557 15
      vertex -0.450928 -6.01557 14.4
    endloop
  endfacet
  facet normal -0.997593 -0.069336 0
    outer loop
      vertex -0.450928 -6.01557 15
      vertex -0.445023 -6.10053 14.4
      vertex -0.445023 -6.10053 15
    endloop
  endfacet
  facet normal -0.992563 -0.121733 0
    outer loop
      vertex -0.450928 -6.01557 14.4
      vertex -0.460785 -5.9352 15
      vertex -0.460785 -5.9352 14.4
    endloop
  endfacet
  facet normal -0.992563 -0.121733 0
    outer loop
      vertex -0.460785 -5.9352 15
      vertex -0.450928 -6.01557 14.4
      vertex -0.450928 -6.01557 15
    endloop
  endfacet
  facet normal -0.983834 -0.179084 0
    outer loop
      vertex -0.460785 -5.9352 14.4
      vertex -0.474579 -5.85942 15
      vertex -0.474579 -5.85942 14.4
    endloop
  endfacet
  facet normal -0.983834 -0.179084 0
    outer loop
      vertex -0.474579 -5.85942 15
      vertex -0.460785 -5.9352 14.4
      vertex -0.460785 -5.9352 15
    endloop
  endfacet
  facet normal -0.970307 -0.241875 0
    outer loop
      vertex -0.474579 -5.85942 14.4
      vertex -0.492325 -5.78823 15
      vertex -0.492325 -5.78823 14.4
    endloop
  endfacet
  facet normal -0.970307 -0.241875 0
    outer loop
      vertex -0.492325 -5.78823 15
      vertex -0.474579 -5.85942 14.4
      vertex -0.474579 -5.85942 15
    endloop
  endfacet
  facet normal -0.950955 -0.309328 0
    outer loop
      vertex -0.492325 -5.78823 14.4
      vertex -0.513992 -5.72162 15
      vertex -0.513992 -5.72162 14.4
    endloop
  endfacet
  facet normal -0.950955 -0.309328 0
    outer loop
      vertex -0.513992 -5.72162 15
      vertex -0.492325 -5.78823 14.4
      vertex -0.492325 -5.78823 15
    endloop
  endfacet
  facet normal -0.924267 -0.381746 0
    outer loop
      vertex -0.513992 -5.72162 14.4
      vertex -0.539612 -5.65959 15
      vertex -0.539612 -5.65959 14.4
    endloop
  endfacet
  facet normal -0.924267 -0.381746 0
    outer loop
      vertex -0.539612 -5.65959 15
      vertex -0.513992 -5.72162 14.4
      vertex -0.513992 -5.72162 15
    endloop
  endfacet
  facet normal -0.889064 -0.457783 0
    outer loop
      vertex -0.539612 -5.65959 14.4
      vertex -0.569183 -5.60216 15
      vertex -0.569183 -5.60216 14.4
    endloop
  endfacet
  facet normal -0.889064 -0.457783 0
    outer loop
      vertex -0.569183 -5.60216 15
      vertex -0.539612 -5.65959 14.4
      vertex -0.539612 -5.65959 15
    endloop
  endfacet
  facet normal -0.844619 -0.535368 0
    outer loop
      vertex -0.569183 -5.60216 14.4
      vertex -0.602676 -5.54932 15
      vertex -0.602676 -5.54932 14.4
    endloop
  endfacet
  facet normal -0.844619 -0.535368 0
    outer loop
      vertex -0.602676 -5.54932 15
      vertex -0.569183 -5.60216 14.4
      vertex -0.569183 -5.60216 15
    endloop
  endfacet
  facet normal -0.789766 -0.613408 0
    outer loop
      vertex -0.602676 -5.54932 14.4
      vertex -0.639771 -5.50156 15
      vertex -0.639771 -5.50156 14.4
    endloop
  endfacet
  facet normal -0.789766 -0.613408 0
    outer loop
      vertex -0.639771 -5.50156 15
      vertex -0.602676 -5.54932 14.4
      vertex -0.602676 -5.54932 15
    endloop
  endfacet
  facet normal -0.72225 -0.691632 0
    outer loop
      vertex -0.639771 -5.50156 14.4
      vertex -0.680115 -5.45943 15
      vertex -0.680115 -5.45943 14.4
    endloop
  endfacet
  facet normal -0.72225 -0.691632 0
    outer loop
      vertex -0.680115 -5.45943 15
      vertex -0.639771 -5.50156 14.4
      vertex -0.639771 -5.50156 15
    endloop
  endfacet
  facet normal -0.642198 -0.766539 0
    outer loop
      vertex -0.723694 -5.42292 14.4
      vertex -0.680115 -5.45943 15
      vertex -0.723694 -5.42292 15
    endloop
  endfacet
  facet normal -0.642198 -0.766539 -0
    outer loop
      vertex -0.680115 -5.45943 15
      vertex -0.723694 -5.42292 14.4
      vertex -0.680115 -5.45943 14.4
    endloop
  endfacet
  facet normal -0.550876 -0.834587 0
    outer loop
      vertex -0.770508 -5.39202 14.4
      vertex -0.723694 -5.42292 15
      vertex -0.770508 -5.39202 15
    endloop
  endfacet
  facet normal -0.550876 -0.834587 -0
    outer loop
      vertex -0.723694 -5.42292 15
      vertex -0.770508 -5.39202 14.4
      vertex -0.723694 -5.42292 14.4
    endloop
  endfacet
  facet normal -0.45089 -0.89258 0
    outer loop
      vertex -0.820572 -5.36673 14.4
      vertex -0.770508 -5.39202 15
      vertex -0.820572 -5.36673 15
    endloop
  endfacet
  facet normal -0.45089 -0.89258 -0
    outer loop
      vertex -0.770508 -5.39202 15
      vertex -0.820572 -5.36673 14.4
      vertex -0.770508 -5.39202 14.4
    endloop
  endfacet
  facet normal -0.345915 -0.938266 0
    outer loop
      vertex -0.873871 -5.34708 14.4
      vertex -0.820572 -5.36673 15
      vertex -0.873871 -5.34708 15
    endloop
  endfacet
  facet normal -0.345915 -0.938266 -0
    outer loop
      vertex -0.820572 -5.36673 15
      vertex -0.873871 -5.34708 14.4
      vertex -0.820572 -5.36673 14.4
    endloop
  endfacet
  facet normal -0.241186 -0.970479 0
    outer loop
      vertex -0.930405 -5.33303 14.4
      vertex -0.873871 -5.34708 15
      vertex -0.930405 -5.33303 15
    endloop
  endfacet
  facet normal -0.241186 -0.970479 -0
    outer loop
      vertex -0.873871 -5.34708 15
      vertex -0.930405 -5.33303 14.4
      vertex -0.873871 -5.34708 14.4
    endloop
  endfacet
  facet normal -0.139626 -0.990204 0
    outer loop
      vertex -0.990189 -5.3246 14.4
      vertex -0.930405 -5.33303 15
      vertex -0.990189 -5.3246 15
    endloop
  endfacet
  facet normal -0.139626 -0.990204 -0
    outer loop
      vertex -0.930405 -5.33303 15
      vertex -0.990189 -5.3246 14.4
      vertex -0.930405 -5.33303 14.4
    endloop
  endfacet
  facet normal -0.0443788 -0.999015 0
    outer loop
      vertex -1.05322 -5.3218 14.4
      vertex -0.990189 -5.3246 15
      vertex -1.05322 -5.3218 15
    endloop
  endfacet
  facet normal -0.0443788 -0.999015 -0
    outer loop
      vertex -0.990189 -5.3246 15
      vertex -1.05322 -5.3218 14.4
      vertex -0.990189 -5.3246 14.4
    endloop
  endfacet
  facet normal 0.0154989 -0.99988 0
    outer loop
      vertex -1.07838 -5.32219 14.4
      vertex -1.05322 -5.3218 15
      vertex -1.07838 -5.32219 15
    endloop
  endfacet
  facet normal 0.0154989 -0.99988 0
    outer loop
      vertex -1.05322 -5.3218 15
      vertex -1.07838 -5.32219 14.4
      vertex -1.05322 -5.3218 14.4
    endloop
  endfacet
  facet normal 0.0486728 -0.998815 0
    outer loop
      vertex -1.1028 -5.32338 14.4
      vertex -1.07838 -5.32219 15
      vertex -1.1028 -5.32338 15
    endloop
  endfacet
  facet normal 0.0486728 -0.998815 0
    outer loop
      vertex -1.07838 -5.32219 15
      vertex -1.1028 -5.32338 14.4
      vertex -1.07838 -5.32219 14.4
    endloop
  endfacet
  facet normal 0.0828367 -0.996563 0
    outer loop
      vertex -1.1265 -5.32535 14.4
      vertex -1.1028 -5.32338 15
      vertex -1.1265 -5.32535 15
    endloop
  endfacet
  facet normal 0.0828367 -0.996563 0
    outer loop
      vertex -1.1028 -5.32338 15
      vertex -1.1265 -5.32535 14.4
      vertex -1.1028 -5.32338 14.4
    endloop
  endfacet
  facet normal 0.120306 -0.992737 0
    outer loop
      vertex -1.14944 -5.32813 14.4
      vertex -1.1265 -5.32535 15
      vertex -1.14944 -5.32813 15
    endloop
  endfacet
  facet normal 0.120306 -0.992737 0
    outer loop
      vertex -1.1265 -5.32535 15
      vertex -1.14944 -5.32813 14.4
      vertex -1.1265 -5.32535 14.4
    endloop
  endfacet
  facet normal 0.158632 -0.987338 0
    outer loop
      vertex -1.17166 -5.3317 14.4
      vertex -1.14944 -5.32813 15
      vertex -1.17166 -5.3317 15
    endloop
  endfacet
  facet normal 0.158632 -0.987338 0
    outer loop
      vertex -1.14944 -5.32813 15
      vertex -1.17166 -5.3317 14.4
      vertex -1.14944 -5.32813 14.4
    endloop
  endfacet
  facet normal 0.198574 -0.980086 0
    outer loop
      vertex -1.19313 -5.33605 14.4
      vertex -1.17166 -5.3317 15
      vertex -1.19313 -5.33605 15
    endloop
  endfacet
  facet normal 0.198574 -0.980086 0
    outer loop
      vertex -1.17166 -5.3317 15
      vertex -1.19313 -5.33605 14.4
      vertex -1.17166 -5.3317 14.4
    endloop
  endfacet
  facet normal 0.240553 -0.970636 0
    outer loop
      vertex -1.21387 -5.34119 14.4
      vertex -1.19313 -5.33605 15
      vertex -1.21387 -5.34119 15
    endloop
  endfacet
  facet normal 0.240553 -0.970636 0
    outer loop
      vertex -1.19313 -5.33605 15
      vertex -1.21387 -5.34119 14.4
      vertex -1.19313 -5.33605 14.4
    endloop
  endfacet
  facet normal 0.285149 -0.958483 0
    outer loop
      vertex -1.23387 -5.34714 14.4
      vertex -1.21387 -5.34119 15
      vertex -1.23387 -5.34714 15
    endloop
  endfacet
  facet normal 0.285149 -0.958483 0
    outer loop
      vertex -1.21387 -5.34119 15
      vertex -1.23387 -5.34714 14.4
      vertex -1.21387 -5.34119 14.4
    endloop
  endfacet
  facet normal 0.32987 -0.944026 0
    outer loop
      vertex -1.25313 -5.35387 14.4
      vertex -1.23387 -5.34714 15
      vertex -1.25313 -5.35387 15
    endloop
  endfacet
  facet normal 0.32987 -0.944026 0
    outer loop
      vertex -1.23387 -5.34714 15
      vertex -1.25313 -5.35387 14.4
      vertex -1.23387 -5.34714 14.4
    endloop
  endfacet
  facet normal 0.370445 -0.928854 0
    outer loop
      vertex -1.27176 -5.3613 14.4
      vertex -1.25313 -5.35387 15
      vertex -1.27176 -5.3613 15
    endloop
  endfacet
  facet normal 0.370445 -0.928854 0
    outer loop
      vertex -1.25313 -5.35387 15
      vertex -1.27176 -5.3613 14.4
      vertex -1.25313 -5.35387 14.4
    endloop
  endfacet
  facet normal 0.406514 -0.913645 0
    outer loop
      vertex -1.28983 -5.36934 14.4
      vertex -1.27176 -5.3613 15
      vertex -1.28983 -5.36934 15
    endloop
  endfacet
  facet normal 0.406514 -0.913645 0
    outer loop
      vertex -1.27176 -5.3613 15
      vertex -1.28983 -5.36934 14.4
      vertex -1.27176 -5.3613 14.4
    endloop
  endfacet
  facet normal 0.442907 -0.896567 0
    outer loop
      vertex -1.30734 -5.37799 14.4
      vertex -1.28983 -5.36934 15
      vertex -1.30734 -5.37799 15
    endloop
  endfacet
  facet normal 0.442907 -0.896567 0
    outer loop
      vertex -1.28983 -5.36934 15
      vertex -1.30734 -5.37799 14.4
      vertex -1.28983 -5.36934 14.4
    endloop
  endfacet
  facet normal 0.478816 -0.877915 0
    outer loop
      vertex -1.3243 -5.38724 14.4
      vertex -1.30734 -5.37799 15
      vertex -1.3243 -5.38724 15
    endloop
  endfacet
  facet normal 0.478816 -0.877915 0
    outer loop
      vertex -1.30734 -5.37799 15
      vertex -1.3243 -5.38724 14.4
      vertex -1.30734 -5.37799 14.4
    endloop
  endfacet
  facet normal 0.515417 -0.85694 0
    outer loop
      vertex -1.34071 -5.39711 14.4
      vertex -1.3243 -5.38724 15
      vertex -1.34071 -5.39711 15
    endloop
  endfacet
  facet normal 0.515417 -0.85694 0
    outer loop
      vertex -1.3243 -5.38724 15
      vertex -1.34071 -5.39711 14.4
      vertex -1.3243 -5.38724 14.4
    endloop
  endfacet
  facet normal 0.55093 -0.834551 0
    outer loop
      vertex -1.35657 -5.40758 14.4
      vertex -1.34071 -5.39711 15
      vertex -1.35657 -5.40758 15
    endloop
  endfacet
  facet normal 0.55093 -0.834551 0
    outer loop
      vertex -1.34071 -5.39711 15
      vertex -1.35657 -5.40758 14.4
      vertex -1.34071 -5.39711 14.4
    endloop
  endfacet
  facet normal 0.586534 -0.809925 0
    outer loop
      vertex -1.37187 -5.41866 14.4
      vertex -1.35657 -5.40758 15
      vertex -1.37187 -5.41866 15
    endloop
  endfacet
  facet normal 0.586534 -0.809925 0
    outer loop
      vertex -1.35657 -5.40758 15
      vertex -1.37187 -5.41866 14.4
      vertex -1.35657 -5.40758 14.4
    endloop
  endfacet
  facet normal 0.620866 -0.783917 0
    outer loop
      vertex -1.38663 -5.43035 14.4
      vertex -1.37187 -5.41866 15
      vertex -1.38663 -5.43035 15
    endloop
  endfacet
  facet normal 0.620866 -0.783917 0
    outer loop
      vertex -1.37187 -5.41866 15
      vertex -1.38663 -5.43035 14.4
      vertex -1.37187 -5.41866 14.4
    endloop
  endfacet
  facet normal 0.654991 -0.755636 0
    outer loop
      vertex -1.40082 -5.44265 14.4
      vertex -1.38663 -5.43035 15
      vertex -1.40082 -5.44265 15
    endloop
  endfacet
  facet normal 0.654991 -0.755636 0
    outer loop
      vertex -1.38663 -5.43035 15
      vertex -1.40082 -5.44265 14.4
      vertex -1.38663 -5.43035 14.4
    endloop
  endfacet
  facet normal 0.684101 -0.729388 0
    outer loop
      vertex -1.41451 -5.45549 14.4
      vertex -1.40082 -5.44265 15
      vertex -1.41451 -5.45549 15
    endloop
  endfacet
  facet normal 0.684101 -0.729388 0
    outer loop
      vertex -1.40082 -5.44265 15
      vertex -1.41451 -5.45549 14.4
      vertex -1.40082 -5.44265 14.4
    endloop
  endfacet
  facet normal 0.710561 -0.703636 0
    outer loop
      vertex -1.42772 -5.46883 15
      vertex -1.41451 -5.45549 14.4
      vertex -1.41451 -5.45549 15
    endloop
  endfacet
  facet normal 0.710561 -0.703636 0
    outer loop
      vertex -1.41451 -5.45549 14.4
      vertex -1.42772 -5.46883 15
      vertex -1.42772 -5.46883 14.4
    endloop
  endfacet
  facet normal 0.73627 -0.676688 0
    outer loop
      vertex -1.44044 -5.48267 15
      vertex -1.42772 -5.46883 14.4
      vertex -1.42772 -5.46883 15
    endloop
  endfacet
  facet normal 0.73627 -0.676688 0
    outer loop
      vertex -1.42772 -5.46883 14.4
      vertex -1.44044 -5.48267 15
      vertex -1.44044 -5.48267 14.4
    endloop
  endfacet
  facet normal 0.760079 -0.649831 0
    outer loop
      vertex -1.4527 -5.49701 15
      vertex -1.44044 -5.48267 14.4
      vertex -1.44044 -5.48267 15
    endloop
  endfacet
  facet normal 0.760079 -0.649831 0
    outer loop
      vertex -1.44044 -5.48267 14.4
      vertex -1.4527 -5.49701 15
      vertex -1.4527 -5.49701 14.4
    endloop
  endfacet
  facet normal 0.783949 -0.620825 0
    outer loop
      vertex -1.46446 -5.51186 15
      vertex -1.4527 -5.49701 14.4
      vertex -1.4527 -5.49701 15
    endloop
  endfacet
  facet normal 0.783949 -0.620825 0
    outer loop
      vertex -1.4527 -5.49701 14.4
      vertex -1.46446 -5.51186 15
      vertex -1.46446 -5.51186 14.4
    endloop
  endfacet
  facet normal 0.805201 -0.593002 0
    outer loop
      vertex -1.47575 -5.52719 15
      vertex -1.46446 -5.51186 14.4
      vertex -1.46446 -5.51186 15
    endloop
  endfacet
  facet normal 0.805201 -0.593002 0
    outer loop
      vertex -1.46446 -5.51186 14.4
      vertex -1.47575 -5.52719 15
      vertex -1.47575 -5.52719 14.4
    endloop
  endfacet
  facet normal 0.825576 -0.564291 0
    outer loop
      vertex -1.48657 -5.54302 15
      vertex -1.47575 -5.52719 14.4
      vertex -1.47575 -5.52719 15
    endloop
  endfacet
  facet normal 0.825576 -0.564291 0
    outer loop
      vertex -1.47575 -5.52719 14.4
      vertex -1.48657 -5.54302 15
      vertex -1.48657 -5.54302 14.4
    endloop
  endfacet
  facet normal 0.844959 -0.53483 0
    outer loop
      vertex -1.4969 -5.55934 15
      vertex -1.48657 -5.54302 14.4
      vertex -1.48657 -5.54302 15
    endloop
  endfacet
  facet normal 0.844959 -0.53483 0
    outer loop
      vertex -1.48657 -5.54302 14.4
      vertex -1.4969 -5.55934 15
      vertex -1.4969 -5.55934 14.4
    endloop
  endfacet
  facet normal 0.8635 -0.504349 0
    outer loop
      vertex -1.50673 -5.57617 15
      vertex -1.4969 -5.55934 14.4
      vertex -1.4969 -5.55934 15
    endloop
  endfacet
  facet normal 0.8635 -0.504349 0
    outer loop
      vertex -1.4969 -5.55934 14.4
      vertex -1.50673 -5.57617 15
      vertex -1.50673 -5.57617 14.4
    endloop
  endfacet
  facet normal 0.875808 -0.48266 0
    outer loop
      vertex -1.51622 -5.59339 15
      vertex -1.50673 -5.57617 14.4
      vertex -1.50673 -5.57617 15
    endloop
  endfacet
  facet normal 0.875808 -0.48266 0
    outer loop
      vertex -1.50673 -5.57617 14.4
      vertex -1.51622 -5.59339 15
      vertex -1.51622 -5.59339 14.4
    endloop
  endfacet
  facet normal 0.884918 -0.465746 0
    outer loop
      vertex -1.52542 -5.61087 15
      vertex -1.51622 -5.59339 14.4
      vertex -1.51622 -5.59339 15
    endloop
  endfacet
  facet normal 0.884918 -0.465746 0
    outer loop
      vertex -1.51622 -5.59339 14.4
      vertex -1.52542 -5.61087 15
      vertex -1.52542 -5.61087 14.4
    endloop
  endfacet
  facet normal 0.893419 -0.449225 0
    outer loop
      vertex -1.53435 -5.62863 15
      vertex -1.52542 -5.61087 14.4
      vertex -1.52542 -5.61087 15
    endloop
  endfacet
  facet normal 0.893419 -0.449225 0
    outer loop
      vertex -1.52542 -5.61087 14.4
      vertex -1.53435 -5.62863 15
      vertex -1.53435 -5.62863 14.4
    endloop
  endfacet
  facet normal 0.902278 -0.431155 0
    outer loop
      vertex -1.54298 -5.64669 15
      vertex -1.53435 -5.62863 14.4
      vertex -1.53435 -5.62863 15
    endloop
  endfacet
  facet normal 0.902278 -0.431155 0
    outer loop
      vertex -1.53435 -5.62863 14.4
      vertex -1.54298 -5.64669 15
      vertex -1.54298 -5.64669 14.4
    endloop
  endfacet
  facet normal 0.909292 -0.416159 0
    outer loop
      vertex -1.55136 -5.665 15
      vertex -1.54298 -5.64669 14.4
      vertex -1.54298 -5.64669 15
    endloop
  endfacet
  facet normal 0.909292 -0.416159 0
    outer loop
      vertex -1.54298 -5.64669 14.4
      vertex -1.55136 -5.665 15
      vertex -1.55136 -5.665 14.4
    endloop
  endfacet
  facet normal 0.916677 -0.399628 0
    outer loop
      vertex -1.55946 -5.68358 15
      vertex -1.55136 -5.665 14.4
      vertex -1.55136 -5.665 15
    endloop
  endfacet
  facet normal 0.916677 -0.399628 0
    outer loop
      vertex -1.55136 -5.665 14.4
      vertex -1.55946 -5.68358 15
      vertex -1.55946 -5.68358 14.4
    endloop
  endfacet
  facet normal 0.923886 -0.382669 0
    outer loop
      vertex -1.56728 -5.70246 15
      vertex -1.55946 -5.68358 14.4
      vertex -1.55946 -5.68358 15
    endloop
  endfacet
  facet normal 0.923886 -0.382669 0
    outer loop
      vertex -1.55946 -5.68358 14.4
      vertex -1.56728 -5.70246 15
      vertex -1.56728 -5.70246 14.4
    endloop
  endfacet
  facet normal 0.930639 -0.365938 0
    outer loop
      vertex -1.57481 -5.72161 15
      vertex -1.56728 -5.70246 14.4
      vertex -1.56728 -5.70246 15
    endloop
  endfacet
  facet normal 0.930639 -0.365938 0
    outer loop
      vertex -1.56728 -5.70246 14.4
      vertex -1.57481 -5.72161 15
      vertex -1.57481 -5.72161 14.4
    endloop
  endfacet
  facet normal 0.936369 -0.351018 0
    outer loop
      vertex -1.58209 -5.74103 15
      vertex -1.57481 -5.72161 14.4
      vertex -1.57481 -5.72161 15
    endloop
  endfacet
  facet normal 0.936369 -0.351018 0
    outer loop
      vertex -1.57481 -5.72161 14.4
      vertex -1.58209 -5.74103 15
      vertex -1.58209 -5.74103 14.4
    endloop
  endfacet
  facet normal 0.941861 -0.336002 0
    outer loop
      vertex -1.5891 -5.76068 15
      vertex -1.58209 -5.74103 14.4
      vertex -1.58209 -5.74103 15
    endloop
  endfacet
  facet normal 0.941861 -0.336002 0
    outer loop
      vertex -1.58209 -5.74103 14.4
      vertex -1.5891 -5.76068 15
      vertex -1.5891 -5.76068 14.4
    endloop
  endfacet
  facet normal 0.946129 -0.323789 0
    outer loop
      vertex -1.5959 -5.78055 15
      vertex -1.5891 -5.76068 14.4
      vertex -1.5891 -5.76068 15
    endloop
  endfacet
  facet normal 0.946129 -0.323789 0
    outer loop
      vertex -1.5891 -5.76068 14.4
      vertex -1.5959 -5.78055 15
      vertex -1.5959 -5.78055 14.4
    endloop
  endfacet
  facet normal 0.950234 -0.311537 0
    outer loop
      vertex -1.60248 -5.80062 15
      vertex -1.5959 -5.78055 14.4
      vertex -1.5959 -5.78055 15
    endloop
  endfacet
  facet normal 0.950234 -0.311537 0
    outer loop
      vertex -1.5959 -5.78055 14.4
      vertex -1.60248 -5.80062 15
      vertex -1.60248 -5.80062 14.4
    endloop
  endfacet
  facet normal 0.954228 -0.299079 0
    outer loop
      vertex -1.60883 -5.82088 15
      vertex -1.60248 -5.80062 14.4
      vertex -1.60248 -5.80062 15
    endloop
  endfacet
  facet normal 0.954228 -0.299079 0
    outer loop
      vertex -1.60248 -5.80062 14.4
      vertex -1.60883 -5.82088 15
      vertex -1.60883 -5.82088 14.4
    endloop
  endfacet
  facet normal 0.958006 -0.286747 0
    outer loop
      vertex -1.61496 -5.84136 15
      vertex -1.60883 -5.82088 14.4
      vertex -1.60883 -5.82088 15
    endloop
  endfacet
  facet normal 0.958006 -0.286747 0
    outer loop
      vertex -1.60883 -5.82088 14.4
      vertex -1.61496 -5.84136 15
      vertex -1.61496 -5.84136 14.4
    endloop
  endfacet
  facet normal 0.961348 -0.275335 0
    outer loop
      vertex -1.62088 -5.86203 15
      vertex -1.61496 -5.84136 14.4
      vertex -1.61496 -5.84136 15
    endloop
  endfacet
  facet normal 0.961348 -0.275335 0
    outer loop
      vertex -1.61496 -5.84136 14.4
      vertex -1.62088 -5.86203 15
      vertex -1.62088 -5.86203 14.4
    endloop
  endfacet
  facet normal 0.964817 -0.262922 0
    outer loop
      vertex -1.62657 -5.88291 15
      vertex -1.62088 -5.86203 14.4
      vertex -1.62088 -5.86203 15
    endloop
  endfacet
  facet normal 0.964817 -0.262922 0
    outer loop
      vertex -1.62088 -5.86203 14.4
      vertex -1.62657 -5.88291 15
      vertex -1.62657 -5.88291 14.4
    endloop
  endfacet
  facet normal 0.968055 -0.250739 0
    outer loop
      vertex -1.63203 -5.90399 15
      vertex -1.62657 -5.88291 14.4
      vertex -1.62657 -5.88291 15
    endloop
  endfacet
  facet normal 0.968055 -0.250739 0
    outer loop
      vertex -1.62657 -5.88291 14.4
      vertex -1.63203 -5.90399 15
      vertex -1.63203 -5.90399 14.4
    endloop
  endfacet
  facet normal 0.970915 -0.239423 0
    outer loop
      vertex -1.63728 -5.92528 15
      vertex -1.63203 -5.90399 14.4
      vertex -1.63203 -5.90399 15
    endloop
  endfacet
  facet normal 0.970915 -0.239423 0
    outer loop
      vertex -1.63203 -5.90399 14.4
      vertex -1.63728 -5.92528 15
      vertex -1.63728 -5.92528 14.4
    endloop
  endfacet
  facet normal 0.972637 -0.23233 0
    outer loop
      vertex -1.65262 -5.9895 15
      vertex -1.63728 -5.92528 14.4
      vertex -1.63728 -5.92528 15
    endloop
  endfacet
  facet normal 0.972637 -0.23233 0
    outer loop
      vertex -1.63728 -5.92528 14.4
      vertex -1.65262 -5.9895 15
      vertex -1.65262 -5.9895 14.4
    endloop
  endfacet
  facet normal 0.973247 -0.22976 0
    outer loop
      vertex -1.66275 -6.03241 15
      vertex -1.65262 -5.9895 14.4
      vertex -1.65262 -5.9895 15
    endloop
  endfacet
  facet normal 0.973247 -0.22976 0
    outer loop
      vertex -1.65262 -5.9895 14.4
      vertex -1.66275 -6.03241 15
      vertex -1.66275 -6.03241 14.4
    endloop
  endfacet
  facet normal 0.973696 -0.227852 0
    outer loop
      vertex -1.67281 -6.0754 15
      vertex -1.66275 -6.03241 14.4
      vertex -1.66275 -6.03241 15
    endloop
  endfacet
  facet normal 0.973696 -0.227852 0
    outer loop
      vertex -1.66275 -6.03241 14.4
      vertex -1.67281 -6.0754 15
      vertex -1.67281 -6.0754 14.4
    endloop
  endfacet
  facet normal 0.974177 -0.225785 0
    outer loop
      vertex -1.68279 -6.11846 15
      vertex -1.67281 -6.0754 14.4
      vertex -1.67281 -6.0754 15
    endloop
  endfacet
  facet normal 0.974177 -0.225785 0
    outer loop
      vertex -1.67281 -6.0754 14.4
      vertex -1.68279 -6.11846 15
      vertex -1.68279 -6.11846 14.4
    endloop
  endfacet
  facet normal 0.975387 -0.220498 0
    outer loop
      vertex -1.69679 -6.18039 15
      vertex -1.68279 -6.11846 14.4
      vertex -1.68279 -6.11846 15
    endloop
  endfacet
  facet normal 0.975387 -0.220498 0
    outer loop
      vertex -1.68279 -6.11846 14.4
      vertex -1.69679 -6.18039 15
      vertex -1.69679 -6.18039 14.4
    endloop
  endfacet
  facet normal 0.973214 -0.229902 0
    outer loop
      vertex -1.7103 -6.23758 15
      vertex -1.69679 -6.18039 14.4
      vertex -1.69679 -6.18039 15
    endloop
  endfacet
  facet normal 0.973214 -0.229902 0
    outer loop
      vertex -1.69679 -6.18039 14.4
      vertex -1.7103 -6.23758 15
      vertex -1.7103 -6.23758 14.4
    endloop
  endfacet
  facet normal 0.970587 -0.24075 0
    outer loop
      vertex -1.72331 -6.29003 15
      vertex -1.7103 -6.23758 14.4
      vertex -1.7103 -6.23758 15
    endloop
  endfacet
  facet normal 0.970587 -0.24075 0
    outer loop
      vertex -1.7103 -6.23758 14.4
      vertex -1.72331 -6.29003 15
      vertex -1.72331 -6.29003 14.4
    endloop
  endfacet
  facet normal 0.967261 -0.253784 0
    outer loop
      vertex -1.73582 -6.33771 15
      vertex -1.72331 -6.29003 14.4
      vertex -1.72331 -6.29003 15
    endloop
  endfacet
  facet normal 0.967261 -0.253784 0
    outer loop
      vertex -1.72331 -6.29003 14.4
      vertex -1.73582 -6.33771 15
      vertex -1.73582 -6.33771 14.4
    endloop
  endfacet
  facet normal 0.963041 -0.269355 0
    outer loop
      vertex -1.74783 -6.38065 15
      vertex -1.73582 -6.33771 14.4
      vertex -1.73582 -6.33771 15
    endloop
  endfacet
  facet normal 0.963041 -0.269355 0
    outer loop
      vertex -1.73582 -6.33771 14.4
      vertex -1.74783 -6.38065 15
      vertex -1.74783 -6.38065 14.4
    endloop
  endfacet
  facet normal 0.95737 -0.288866 0
    outer loop
      vertex -1.75935 -6.41883 15
      vertex -1.74783 -6.38065 14.4
      vertex -1.74783 -6.38065 15
    endloop
  endfacet
  facet normal 0.95737 -0.288866 0
    outer loop
      vertex -1.74783 -6.38065 14.4
      vertex -1.75935 -6.41883 15
      vertex -1.75935 -6.41883 14.4
    endloop
  endfacet
  facet normal 0.94956 -0.313585 0
    outer loop
      vertex -1.77039 -6.45226 15
      vertex -1.75935 -6.41883 14.4
      vertex -1.75935 -6.41883 15
    endloop
  endfacet
  facet normal 0.94956 -0.313585 0
    outer loop
      vertex -1.75935 -6.41883 14.4
      vertex -1.77039 -6.45226 15
      vertex -1.77039 -6.45226 14.4
    endloop
  endfacet
  facet normal 0.93894 -0.344081 0
    outer loop
      vertex -1.7809 -6.48094 15
      vertex -1.77039 -6.45226 14.4
      vertex -1.77039 -6.45226 15
    endloop
  endfacet
  facet normal 0.93894 -0.344081 0
    outer loop
      vertex -1.77039 -6.45226 14.4
      vertex -1.7809 -6.48094 15
      vertex -1.7809 -6.48094 14.4
    endloop
  endfacet
  facet normal 0.922403 -0.38623 0
    outer loop
      vertex -1.79092 -6.50487 15
      vertex -1.7809 -6.48094 14.4
      vertex -1.7809 -6.48094 15
    endloop
  endfacet
  facet normal 0.922403 -0.38623 0
    outer loop
      vertex -1.7809 -6.48094 14.4
      vertex -1.79092 -6.50487 15
      vertex -1.79092 -6.50487 14.4
    endloop
  endfacet
  facet normal 0.9022 -0.431319 0
    outer loop
      vertex -1.80095 -6.52585 15
      vertex -1.79092 -6.50487 14.4
      vertex -1.79092 -6.50487 15
    endloop
  endfacet
  facet normal 0.9022 -0.431319 0
    outer loop
      vertex -1.79092 -6.50487 14.4
      vertex -1.80095 -6.52585 15
      vertex -1.80095 -6.52585 14.4
    endloop
  endfacet
  facet normal 0.884145 -0.467213 0
    outer loop
      vertex -1.81145 -6.54572 15
      vertex -1.80095 -6.52585 14.4
      vertex -1.80095 -6.52585 15
    endloop
  endfacet
  facet normal 0.884145 -0.467213 0
    outer loop
      vertex -1.80095 -6.52585 14.4
      vertex -1.81145 -6.54572 15
      vertex -1.81145 -6.54572 14.4
    endloop
  endfacet
  facet normal 0.862809 -0.50553 0
    outer loop
      vertex -1.82243 -6.56446 15
      vertex -1.81145 -6.54572 14.4
      vertex -1.81145 -6.54572 15
    endloop
  endfacet
  facet normal 0.862809 -0.50553 0
    outer loop
      vertex -1.81145 -6.54572 14.4
      vertex -1.82243 -6.56446 15
      vertex -1.82243 -6.56446 14.4
    endloop
  endfacet
  facet normal 0.838291 -0.545222 0
    outer loop
      vertex -1.83389 -6.58208 15
      vertex -1.82243 -6.56446 14.4
      vertex -1.82243 -6.56446 15
    endloop
  endfacet
  facet normal 0.838291 -0.545222 0
    outer loop
      vertex -1.82243 -6.56446 14.4
      vertex -1.83389 -6.58208 15
      vertex -1.83389 -6.58208 14.4
    endloop
  endfacet
  facet normal 0.809966 -0.586476 0
    outer loop
      vertex -1.84583 -6.59857 15
      vertex -1.83389 -6.58208 14.4
      vertex -1.83389 -6.58208 15
    endloop
  endfacet
  facet normal 0.809966 -0.586476 0
    outer loop
      vertex -1.83389 -6.58208 14.4
      vertex -1.84583 -6.59857 15
      vertex -1.84583 -6.59857 14.4
    endloop
  endfacet
  facet normal 0.777798 -0.628514 0
    outer loop
      vertex -1.85825 -6.61394 15
      vertex -1.84583 -6.59857 14.4
      vertex -1.84583 -6.59857 15
    endloop
  endfacet
  facet normal 0.777798 -0.628514 0
    outer loop
      vertex -1.84583 -6.59857 14.4
      vertex -1.85825 -6.61394 15
      vertex -1.85825 -6.61394 14.4
    endloop
  endfacet
  facet normal 0.74161 -0.670832 0
    outer loop
      vertex -1.87114 -6.62819 15
      vertex -1.85825 -6.61394 14.4
      vertex -1.85825 -6.61394 15
    endloop
  endfacet
  facet normal 0.74161 -0.670832 0
    outer loop
      vertex -1.85825 -6.61394 14.4
      vertex -1.87114 -6.62819 15
      vertex -1.87114 -6.62819 14.4
    endloop
  endfacet
  facet normal 0.700402 -0.713748 0
    outer loop
      vertex -1.88451 -6.64131 14.4
      vertex -1.87114 -6.62819 15
      vertex -1.88451 -6.64131 15
    endloop
  endfacet
  facet normal 0.700402 -0.713748 0
    outer loop
      vertex -1.87114 -6.62819 15
      vertex -1.88451 -6.64131 14.4
      vertex -1.87114 -6.62819 14.4
    endloop
  endfacet
  facet normal 0.655138 -0.755509 0
    outer loop
      vertex -1.89836 -6.65332 14.4
      vertex -1.88451 -6.64131 15
      vertex -1.89836 -6.65332 15
    endloop
  endfacet
  facet normal 0.655138 -0.755509 0
    outer loop
      vertex -1.88451 -6.64131 15
      vertex -1.89836 -6.65332 14.4
      vertex -1.88451 -6.64131 14.4
    endloop
  endfacet
  facet normal 0.597697 -0.801722 0
    outer loop
      vertex -1.91286 -6.66413 14.4
      vertex -1.89836 -6.65332 15
      vertex -1.91286 -6.66413 15
    endloop
  endfacet
  facet normal 0.597697 -0.801722 0
    outer loop
      vertex -1.89836 -6.65332 15
      vertex -1.91286 -6.66413 14.4
      vertex -1.89836 -6.65332 14.4
    endloop
  endfacet
  facet normal 0.527556 -0.84952 0
    outer loop
      vertex -1.92819 -6.67365 14.4
      vertex -1.91286 -6.66413 15
      vertex -1.92819 -6.67365 15
    endloop
  endfacet
  facet normal 0.527556 -0.84952 0
    outer loop
      vertex -1.91286 -6.66413 15
      vertex -1.92819 -6.67365 14.4
      vertex -1.91286 -6.66413 14.4
    endloop
  endfacet
  facet normal 0.454693 -0.890648 0
    outer loop
      vertex -1.94435 -6.6819 14.4
      vertex -1.92819 -6.67365 15
      vertex -1.94435 -6.6819 15
    endloop
  endfacet
  facet normal 0.454693 -0.890648 0
    outer loop
      vertex -1.92819 -6.67365 15
      vertex -1.94435 -6.6819 14.4
      vertex -1.92819 -6.67365 14.4
    endloop
  endfacet
  facet normal 0.380285 -0.92487 0
    outer loop
      vertex -1.96135 -6.68889 14.4
      vertex -1.94435 -6.6819 15
      vertex -1.96135 -6.68889 15
    endloop
  endfacet
  facet normal 0.380285 -0.92487 0
    outer loop
      vertex -1.94435 -6.6819 15
      vertex -1.96135 -6.68889 14.4
      vertex -1.94435 -6.6819 14.4
    endloop
  endfacet
  facet normal 0.305629 -0.952151 0
    outer loop
      vertex -1.97917 -6.69461 14.4
      vertex -1.96135 -6.68889 15
      vertex -1.97917 -6.69461 15
    endloop
  endfacet
  facet normal 0.305629 -0.952151 0
    outer loop
      vertex -1.96135 -6.68889 15
      vertex -1.97917 -6.69461 14.4
      vertex -1.96135 -6.68889 14.4
    endloop
  endfacet
  facet normal 0.231597 -0.972812 0
    outer loop
      vertex -1.99782 -6.69905 14.4
      vertex -1.97917 -6.69461 15
      vertex -1.99782 -6.69905 15
    endloop
  endfacet
  facet normal 0.231597 -0.972812 0
    outer loop
      vertex -1.97917 -6.69461 15
      vertex -1.99782 -6.69905 14.4
      vertex -1.97917 -6.69461 14.4
    endloop
  endfacet
  facet normal 0.161686 -0.986842 0
    outer loop
      vertex -2.01729 -6.70224 14.4
      vertex -1.99782 -6.69905 15
      vertex -2.01729 -6.70224 15
    endloop
  endfacet
  facet normal 0.161686 -0.986842 0
    outer loop
      vertex -1.99782 -6.69905 15
      vertex -2.01729 -6.70224 14.4
      vertex -1.99782 -6.69905 14.4
    endloop
  endfacet
  facet normal 0.0936292 -0.995607 0
    outer loop
      vertex -2.0376 -6.70415 14.4
      vertex -2.01729 -6.70224 15
      vertex -2.0376 -6.70415 15
    endloop
  endfacet
  facet normal 0.0936292 -0.995607 0
    outer loop
      vertex -2.01729 -6.70224 15
      vertex -2.0376 -6.70415 14.4
      vertex -2.01729 -6.70224 14.4
    endloop
  endfacet
  facet normal 0.0298022 -0.999556 0
    outer loop
      vertex -2.05873 -6.70478 14.4
      vertex -2.0376 -6.70415 15
      vertex -2.05873 -6.70478 15
    endloop
  endfacet
  facet normal 0.0298022 -0.999556 0
    outer loop
      vertex -2.0376 -6.70415 15
      vertex -2.05873 -6.70478 14.4
      vertex -2.0376 -6.70415 14.4
    endloop
  endfacet
  facet normal -0.0457621 -0.998952 0
    outer loop
      vertex -2.09453 -6.70314 14.4
      vertex -2.05873 -6.70478 15
      vertex -2.09453 -6.70314 15
    endloop
  endfacet
  facet normal -0.0457621 -0.998952 -0
    outer loop
      vertex -2.05873 -6.70478 15
      vertex -2.09453 -6.70314 14.4
      vertex -2.05873 -6.70478 14.4
    endloop
  endfacet
  facet normal -0.14454 -0.989499 0
    outer loop
      vertex -2.12828 -6.69821 14.4
      vertex -2.09453 -6.70314 15
      vertex -2.12828 -6.69821 15
    endloop
  endfacet
  facet normal -0.14454 -0.989499 -0
    outer loop
      vertex -2.09453 -6.70314 15
      vertex -2.12828 -6.69821 14.4
      vertex -2.09453 -6.70314 14.4
    endloop
  endfacet
  facet normal -0.24985 -0.968284 0
    outer loop
      vertex -2.16002 -6.69002 14.4
      vertex -2.12828 -6.69821 15
      vertex -2.16002 -6.69002 15
    endloop
  endfacet
  facet normal -0.24985 -0.968284 -0
    outer loop
      vertex -2.12828 -6.69821 15
      vertex -2.16002 -6.69002 14.4
      vertex -2.12828 -6.69821 14.4
    endloop
  endfacet
  facet normal -0.360157 -0.932892 0
    outer loop
      vertex -2.18973 -6.67855 14.4
      vertex -2.16002 -6.69002 15
      vertex -2.18973 -6.67855 15
    endloop
  endfacet
  facet normal -0.360157 -0.932892 -0
    outer loop
      vertex -2.16002 -6.69002 15
      vertex -2.18973 -6.67855 14.4
      vertex -2.16002 -6.69002 14.4
    endloop
  endfacet
  facet normal -0.470025 -0.882653 0
    outer loop
      vertex -2.21741 -6.66381 14.4
      vertex -2.18973 -6.67855 15
      vertex -2.21741 -6.66381 15
    endloop
  endfacet
  facet normal -0.470025 -0.882653 -0
    outer loop
      vertex -2.18973 -6.67855 15
      vertex -2.21741 -6.66381 14.4
      vertex -2.18973 -6.67855 14.4
    endloop
  endfacet
  facet normal -0.57528 -0.817956 0
    outer loop
      vertex -2.24306 -6.64577 14.4
      vertex -2.21741 -6.66381 15
      vertex -2.24306 -6.64577 15
    endloop
  endfacet
  facet normal -0.57528 -0.817956 -0
    outer loop
      vertex -2.21741 -6.66381 15
      vertex -2.24306 -6.64577 14.4
      vertex -2.21741 -6.66381 14.4
    endloop
  endfacet
  facet normal -0.669884 -0.742466 0
    outer loop
      vertex -2.26669 -6.62445 14.4
      vertex -2.24306 -6.64577 15
      vertex -2.26669 -6.62445 15
    endloop
  endfacet
  facet normal -0.669884 -0.742466 -0
    outer loop
      vertex -2.24306 -6.64577 15
      vertex -2.26669 -6.62445 14.4
      vertex -2.24306 -6.64577 14.4
    endloop
  endfacet
  facet normal -0.751326 -0.659932 0
    outer loop
      vertex -2.26669 -6.62445 14.4
      vertex -2.28828 -6.59987 15
      vertex -2.28828 -6.59987 14.4
    endloop
  endfacet
  facet normal -0.751326 -0.659932 0
    outer loop
      vertex -2.28828 -6.59987 15
      vertex -2.26669 -6.62445 14.4
      vertex -2.26669 -6.62445 15
    endloop
  endfacet
  facet normal -0.818154 -0.574999 0
    outer loop
      vertex -2.28828 -6.59987 14.4
      vertex -2.30786 -6.57201 15
      vertex -2.30786 -6.57201 14.4
    endloop
  endfacet
  facet normal -0.818154 -0.574999 0
    outer loop
      vertex -2.30786 -6.57201 15
      vertex -2.28828 -6.59987 14.4
      vertex -2.28828 -6.59987 15
    endloop
  endfacet
  facet normal -0.870155 -0.492779 0
    outer loop
      vertex -2.30786 -6.57201 14.4
      vertex -2.32541 -6.54102 15
      vertex -2.32541 -6.54102 14.4
    endloop
  endfacet
  facet normal -0.870155 -0.492779 0
    outer loop
      vertex -2.32541 -6.54102 15
      vertex -2.30786 -6.57201 14.4
      vertex -2.30786 -6.57201 15
    endloop
  endfacet
  facet normal -0.909842 -0.414955 0
    outer loop
      vertex -2.32541 -6.54102 14.4
      vertex -2.34088 -6.5071 15
      vertex -2.34088 -6.5071 14.4
    endloop
  endfacet
  facet normal -0.909842 -0.414955 0
    outer loop
      vertex -2.34088 -6.5071 15
      vertex -2.32541 -6.54102 14.4
      vertex -2.32541 -6.54102 15
    endloop
  endfacet
  facet normal -0.939883 -0.341498 0
    outer loop
      vertex -2.34088 -6.5071 14.4
      vertex -2.35428 -6.47022 15
      vertex -2.35428 -6.47022 14.4
    endloop
  endfacet
  facet normal -0.939883 -0.341498 0
    outer loop
      vertex -2.35428 -6.47022 15
      vertex -2.34088 -6.5071 14.4
      vertex -2.34088 -6.5071 15
    endloop
  endfacet
  facet normal -0.961679 -0.274179 0
    outer loop
      vertex -2.35428 -6.47022 14.4
      vertex -2.36563 -6.43041 15
      vertex -2.36563 -6.43041 14.4
    endloop
  endfacet
  facet normal -0.961679 -0.274179 0
    outer loop
      vertex -2.36563 -6.43041 15
      vertex -2.35428 -6.47022 14.4
      vertex -2.35428 -6.47022 15
    endloop
  endfacet
  facet normal -0.977213 -0.212259 0
    outer loop
      vertex -2.36563 -6.43041 14.4
      vertex -2.37492 -6.38764 15
      vertex -2.37492 -6.38764 14.4
    endloop
  endfacet
  facet normal -0.977213 -0.212259 0
    outer loop
      vertex -2.37492 -6.38764 15
      vertex -2.36563 -6.43041 14.4
      vertex -2.36563 -6.43041 15
    endloop
  endfacet
  facet normal -0.987759 -0.155985 0
    outer loop
      vertex -2.37492 -6.38764 14.4
      vertex -2.38214 -6.34192 15
      vertex -2.38214 -6.34192 14.4
    endloop
  endfacet
  facet normal -0.987759 -0.155985 0
    outer loop
      vertex -2.38214 -6.34192 15
      vertex -2.37492 -6.38764 14.4
      vertex -2.37492 -6.38764 15
    endloop
  endfacet
  facet normal -0.994425 -0.105451 0
    outer loop
      vertex -2.38214 -6.34192 14.4
      vertex -2.3873 -6.29326 15
      vertex -2.3873 -6.29326 14.4
    endloop
  endfacet
  facet normal -0.994425 -0.105451 0
    outer loop
      vertex -2.3873 -6.29326 15
      vertex -2.38214 -6.34192 14.4
      vertex -2.38214 -6.34192 15
    endloop
  endfacet
  facet normal -0.9982 -0.0599694 0
    outer loop
      vertex -2.3873 -6.29326 14.4
      vertex -2.3904 -6.24166 15
      vertex -2.3904 -6.24166 14.4
    endloop
  endfacet
  facet normal -0.9982 -0.0599694 0
    outer loop
      vertex -2.3904 -6.24166 15
      vertex -2.3873 -6.29326 14.4
      vertex -2.3873 -6.29326 15
    endloop
  endfacet
  facet normal -0.999825 -0.0186883 0
    outer loop
      vertex -2.3904 -6.24166 14.4
      vertex -2.39142 -6.18709 15
      vertex -2.39142 -6.18709 14.4
    endloop
  endfacet
  facet normal -0.999825 -0.0186883 0
    outer loop
      vertex -2.39142 -6.18709 15
      vertex -2.3904 -6.24166 14.4
      vertex -2.3904 -6.24166 15
    endloop
  endfacet
  facet normal -0.999826 0.018664 0
    outer loop
      vertex -2.39142 -6.18709 14.4
      vertex -2.39049 -6.13727 15
      vertex -2.39049 -6.13727 14.4
    endloop
  endfacet
  facet normal -0.999826 0.018664 0
    outer loop
      vertex -2.39049 -6.13727 15
      vertex -2.39142 -6.18709 14.4
      vertex -2.39142 -6.18709 15
    endloop
  endfacet
  facet normal -0.998269 0.0588209 0
    outer loop
      vertex -2.39049 -6.13727 14.4
      vertex -2.3877 -6.08992 15
      vertex -2.3877 -6.08992 14.4
    endloop
  endfacet
  facet normal -0.998269 0.0588209 0
    outer loop
      vertex -2.3877 -6.08992 15
      vertex -2.39049 -6.13727 14.4
      vertex -2.39049 -6.13727 15
    endloop
  endfacet
  facet normal -0.9947 0.102816 0
    outer loop
      vertex -2.3877 -6.08992 14.4
      vertex -2.38306 -6.04503 15
      vertex -2.38306 -6.04503 14.4
    endloop
  endfacet
  facet normal -0.9947 0.102816 0
    outer loop
      vertex -2.38306 -6.04503 15
      vertex -2.3877 -6.08992 14.4
      vertex -2.3877 -6.08992 15
    endloop
  endfacet
  facet normal -0.988382 0.151987 0
    outer loop
      vertex -2.38306 -6.04503 14.4
      vertex -2.37654 -6.00263 15
      vertex -2.37654 -6.00263 14.4
    endloop
  endfacet
  facet normal -0.988382 0.151987 0
    outer loop
      vertex -2.37654 -6.00263 15
      vertex -2.38306 -6.04503 14.4
      vertex -2.38306 -6.04503 15
    endloop
  endfacet
  facet normal -0.978721 0.205196 0
    outer loop
      vertex -2.37654 -6.00263 14.4
      vertex -2.36816 -5.96266 15
      vertex -2.36816 -5.96266 14.4
    endloop
  endfacet
  facet normal -0.978721 0.205196 0
    outer loop
      vertex -2.36816 -5.96266 15
      vertex -2.37654 -6.00263 14.4
      vertex -2.37654 -6.00263 15
    endloop
  endfacet
  facet normal -0.964692 0.263379 0
    outer loop
      vertex -2.36816 -5.96266 14.4
      vertex -2.35793 -5.92519 15
      vertex -2.35793 -5.92519 14.4
    endloop
  endfacet
  facet normal -0.964692 0.263379 0
    outer loop
      vertex -2.35793 -5.92519 15
      vertex -2.36816 -5.96266 14.4
      vertex -2.36816 -5.96266 15
    endloop
  endfacet
  facet normal -0.945255 0.326332 0
    outer loop
      vertex -2.35793 -5.92519 14.4
      vertex -2.34584 -5.89017 15
      vertex -2.34584 -5.89017 14.4
    endloop
  endfacet
  facet normal -0.945255 0.326332 0
    outer loop
      vertex -2.34584 -5.89017 15
      vertex -2.35793 -5.92519 14.4
      vertex -2.35793 -5.92519 15
    endloop
  endfacet
  facet normal -0.919043 0.394158 0
    outer loop
      vertex -2.34584 -5.89017 14.4
      vertex -2.33188 -5.85762 15
      vertex -2.33188 -5.85762 14.4
    endloop
  endfacet
  facet normal -0.919043 0.394158 0
    outer loop
      vertex -2.33188 -5.85762 15
      vertex -2.34584 -5.89017 14.4
      vertex -2.34584 -5.89017 15
    endloop
  endfacet
  facet normal -0.885116 0.46537 0
    outer loop
      vertex -2.33188 -5.85762 14.4
      vertex -2.31607 -5.82755 15
      vertex -2.31607 -5.82755 14.4
    endloop
  endfacet
  facet normal -0.885116 0.46537 0
    outer loop
      vertex -2.31607 -5.82755 15
      vertex -2.33188 -5.85762 14.4
      vertex -2.33188 -5.85762 15
    endloop
  endfacet
  facet normal -0.841375 0.540452 0
    outer loop
      vertex -2.31607 -5.82755 14.4
      vertex -2.2982 -5.79973 15
      vertex -2.2982 -5.79973 14.4
    endloop
  endfacet
  facet normal -0.841375 0.540452 0
    outer loop
      vertex -2.2982 -5.79973 15
      vertex -2.31607 -5.82755 14.4
      vertex -2.31607 -5.82755 15
    endloop
  endfacet
  facet normal -0.78757 0.616226 0
    outer loop
      vertex -2.2982 -5.79973 14.4
      vertex -2.27806 -5.77399 15
      vertex -2.27806 -5.77399 14.4
    endloop
  endfacet
  facet normal -0.78757 0.616226 0
    outer loop
      vertex -2.27806 -5.77399 15
      vertex -2.2982 -5.79973 14.4
      vertex -2.2982 -5.79973 15
    endloop
  endfacet
  facet normal -0.726468 0.6872 0
    outer loop
      vertex -2.27806 -5.77399 14.4
      vertex -2.25566 -5.75031 15
      vertex -2.25566 -5.75031 14.4
    endloop
  endfacet
  facet normal -0.726468 0.6872 0
    outer loop
      vertex -2.25566 -5.75031 15
      vertex -2.27806 -5.77399 14.4
      vertex -2.27806 -5.77399 15
    endloop
  endfacet
  facet normal -0.659432 0.751764 0
    outer loop
      vertex -2.23099 -5.72867 14.4
      vertex -2.25566 -5.75031 15
      vertex -2.23099 -5.72867 15
    endloop
  endfacet
  facet normal -0.659432 0.751764 0
    outer loop
      vertex -2.25566 -5.75031 15
      vertex -2.23099 -5.72867 14.4
      vertex -2.25566 -5.75031 14.4
    endloop
  endfacet
  facet normal -0.587475 0.809243 0
    outer loop
      vertex -2.20406 -5.70912 14.4
      vertex -2.23099 -5.72867 15
      vertex -2.20406 -5.70912 15
    endloop
  endfacet
  facet normal -0.587475 0.809243 0
    outer loop
      vertex -2.23099 -5.72867 15
      vertex -2.20406 -5.70912 14.4
      vertex -2.23099 -5.72867 14.4
    endloop
  endfacet
  facet normal -0.513934 0.85783 0
    outer loop
      vertex -2.17485 -5.69162 14.4
      vertex -2.20406 -5.70912 15
      vertex -2.17485 -5.69162 15
    endloop
  endfacet
  facet normal -0.513934 0.85783 0
    outer loop
      vertex -2.20406 -5.70912 15
      vertex -2.17485 -5.69162 14.4
      vertex -2.20406 -5.70912 14.4
    endloop
  endfacet
  facet normal -0.440581 0.897713 0
    outer loop
      vertex -2.14339 -5.67618 14.4
      vertex -2.17485 -5.69162 15
      vertex -2.14339 -5.67618 15
    endloop
  endfacet
  facet normal -0.440581 0.897713 0
    outer loop
      vertex -2.17485 -5.69162 15
      vertex -2.14339 -5.67618 14.4
      vertex -2.17485 -5.69162 14.4
    endloop
  endfacet
  facet normal -0.368396 0.929669 0
    outer loop
      vertex -2.10965 -5.66281 14.4
      vertex -2.14339 -5.67618 15
      vertex -2.10965 -5.66281 15
    endloop
  endfacet
  facet normal -0.368396 0.929669 0
    outer loop
      vertex -2.14339 -5.67618 15
      vertex -2.10965 -5.66281 14.4
      vertex -2.14339 -5.67618 14.4
    endloop
  endfacet
  facet normal -0.299482 0.954102 0
    outer loop
      vertex -2.07365 -5.65151 14.4
      vertex -2.10965 -5.66281 15
      vertex -2.07365 -5.65151 15
    endloop
  endfacet
  facet normal -0.299482 0.954102 0
    outer loop
      vertex -2.10965 -5.66281 15
      vertex -2.07365 -5.65151 14.4
      vertex -2.10965 -5.66281 14.4
    endloop
  endfacet
  facet normal -0.984936 -0.172918 0
    outer loop
      vertex -2.07365 -5.65151 14.4
      vertex -2.12289 -5.37104 15
      vertex -2.12289 -5.37104 14.4
    endloop
  endfacet
  facet normal -0.984936 -0.172918 0
    outer loop
      vertex -2.12289 -5.37104 15
      vertex -2.07365 -5.65151 14.4
      vertex -2.07365 -5.65151 15
    endloop
  endfacet
  facet normal 0.306959 -0.951723 0
    outer loop
      vertex -2.17966 -5.38935 14.4
      vertex -2.12289 -5.37104 15
      vertex -2.17966 -5.38935 15
    endloop
  endfacet
  facet normal 0.306959 -0.951723 0
    outer loop
      vertex -2.12289 -5.37104 15
      vertex -2.17966 -5.38935 14.4
      vertex -2.12289 -5.37104 14.4
    endloop
  endfacet
  facet normal 0.37012 -0.928984 0
    outer loop
      vertex -2.23262 -5.41045 14.4
      vertex -2.17966 -5.38935 15
      vertex -2.23262 -5.41045 15
    endloop
  endfacet
  facet normal 0.37012 -0.928984 0
    outer loop
      vertex -2.17966 -5.38935 15
      vertex -2.23262 -5.41045 14.4
      vertex -2.17966 -5.38935 14.4
    endloop
  endfacet
  facet normal 0.437454 -0.899241 0
    outer loop
      vertex -2.28177 -5.43436 14.4
      vertex -2.23262 -5.41045 15
      vertex -2.28177 -5.43436 15
    endloop
  endfacet
  facet normal 0.437454 -0.899241 0
    outer loop
      vertex -2.23262 -5.41045 15
      vertex -2.28177 -5.43436 14.4
      vertex -2.23262 -5.41045 14.4
    endloop
  endfacet
  facet normal 0.507518 -0.861641 0
    outer loop
      vertex -2.3271 -5.46106 14.4
      vertex -2.28177 -5.43436 15
      vertex -2.3271 -5.46106 15
    endloop
  endfacet
  facet normal 0.507518 -0.861641 0
    outer loop
      vertex -2.28177 -5.43436 15
      vertex -2.3271 -5.46106 14.4
      vertex -2.28177 -5.43436 14.4
    endloop
  endfacet
  facet normal 0.579324 -0.815097 0
    outer loop
      vertex -2.36862 -5.49057 14.4
      vertex -2.3271 -5.46106 15
      vertex -2.36862 -5.49057 15
    endloop
  endfacet
  facet normal 0.579324 -0.815097 0
    outer loop
      vertex -2.3271 -5.46106 15
      vertex -2.36862 -5.49057 14.4
      vertex -2.3271 -5.46106 14.4
    endloop
  endfacet
  facet normal 0.650642 -0.759385 0
    outer loop
      vertex -2.40633 -5.52288 14.4
      vertex -2.36862 -5.49057 15
      vertex -2.40633 -5.52288 15
    endloop
  endfacet
  facet normal 0.650642 -0.759385 0
    outer loop
      vertex -2.36862 -5.49057 15
      vertex -2.40633 -5.52288 14.4
      vertex -2.36862 -5.49057 14.4
    endloop
  endfacet
  facet normal 0.719394 -0.694602 0
    outer loop
      vertex -2.44023 -5.55799 15
      vertex -2.40633 -5.52288 14.4
      vertex -2.40633 -5.52288 15
    endloop
  endfacet
  facet normal 0.719394 -0.694602 0
    outer loop
      vertex -2.40633 -5.52288 14.4
      vertex -2.44023 -5.55799 15
      vertex -2.44023 -5.55799 14.4
    endloop
  endfacet
  facet normal 0.783283 -0.621666 0
    outer loop
      vertex -2.47031 -5.59589 15
      vertex -2.44023 -5.55799 14.4
      vertex -2.44023 -5.55799 15
    endloop
  endfacet
  facet normal 0.783283 -0.621666 0
    outer loop
      vertex -2.44023 -5.55799 14.4
      vertex -2.47031 -5.59589 15
      vertex -2.47031 -5.59589 14.4
    endloop
  endfacet
  facet normal 0.840124 -0.542395 0
    outer loop
      vertex -2.49658 -5.63658 15
      vertex -2.47031 -5.59589 14.4
      vertex -2.47031 -5.59589 15
    endloop
  endfacet
  facet normal 0.840124 -0.542395 0
    outer loop
      vertex -2.47031 -5.59589 14.4
      vertex -2.49658 -5.63658 15
      vertex -2.49658 -5.63658 14.4
    endloop
  endfacet
  facet normal 0.88696 -0.461846 0
    outer loop
      vertex -2.51959 -5.68077 15
      vertex -2.49658 -5.63658 14.4
      vertex -2.49658 -5.63658 15
    endloop
  endfacet
  facet normal 0.88696 -0.461846 0
    outer loop
      vertex -2.49658 -5.63658 14.4
      vertex -2.51959 -5.68077 15
      vertex -2.51959 -5.68077 14.4
    endloop
  endfacet
  facet normal 0.92199 -0.387213 0
    outer loop
      vertex -2.5399 -5.72913 15
      vertex -2.51959 -5.68077 14.4
      vertex -2.51959 -5.68077 15
    endloop
  endfacet
  facet normal 0.92199 -0.387213 0
    outer loop
      vertex -2.51959 -5.68077 14.4
      vertex -2.5399 -5.72913 15
      vertex -2.5399 -5.72913 14.4
    endloop
  endfacet
  facet normal 0.948086 -0.318015 0
    outer loop
      vertex -2.55751 -5.78163 15
      vertex -2.5399 -5.72913 14.4
      vertex -2.5399 -5.72913 15
    endloop
  endfacet
  facet normal 0.948086 -0.318015 0
    outer loop
      vertex -2.5399 -5.72913 14.4
      vertex -2.55751 -5.78163 15
      vertex -2.55751 -5.78163 14.4
    endloop
  endfacet
  facet normal 0.967183 -0.254082 0
    outer loop
      vertex -2.5724 -5.83831 15
      vertex -2.55751 -5.78163 14.4
      vertex -2.55751 -5.78163 15
    endloop
  endfacet
  facet normal 0.967183 -0.254082 0
    outer loop
      vertex -2.55751 -5.78163 14.4
      vertex -2.5724 -5.83831 15
      vertex -2.5724 -5.83831 14.4
    endloop
  endfacet
  facet normal 0.980506 -0.196488 0
    outer loop
      vertex -2.58459 -5.89914 15
      vertex -2.5724 -5.83831 14.4
      vertex -2.5724 -5.83831 15
    endloop
  endfacet
  facet normal 0.980506 -0.196488 0
    outer loop
      vertex -2.5724 -5.83831 14.4
      vertex -2.58459 -5.89914 15
      vertex -2.58459 -5.89914 14.4
    endloop
  endfacet
  facet normal 0.989528 -0.144341 0
    outer loop
      vertex -2.59407 -5.96413 15
      vertex -2.58459 -5.89914 14.4
      vertex -2.58459 -5.89914 15
    endloop
  endfacet
  facet normal 0.989528 -0.144341 0
    outer loop
      vertex -2.58459 -5.89914 14.4
      vertex -2.59407 -5.96413 15
      vertex -2.59407 -5.96413 14.4
    endloop
  endfacet
  facet normal 0.995258 -0.0972668 0
    outer loop
      vertex -2.60083 -6.0333 15
      vertex -2.59407 -5.96413 14.4
      vertex -2.59407 -5.96413 15
    endloop
  endfacet
  facet normal 0.995258 -0.0972668 0
    outer loop
      vertex -2.59407 -5.96413 14.4
      vertex -2.60083 -6.0333 15
      vertex -2.60083 -6.0333 14.4
    endloop
  endfacet
  facet normal 0.998463 -0.0554248 0
    outer loop
      vertex -2.6049 -6.10662 15
      vertex -2.60083 -6.0333 14.4
      vertex -2.60083 -6.0333 15
    endloop
  endfacet
  facet normal 0.998463 -0.0554248 0
    outer loop
      vertex -2.60083 -6.0333 14.4
      vertex -2.6049 -6.10662 15
      vertex -2.6049 -6.10662 14.4
    endloop
  endfacet
  facet normal 0.999848 -0.0174212 0
    outer loop
      vertex -2.60625 -6.1841 15
      vertex -2.6049 -6.10662 14.4
      vertex -2.6049 -6.10662 15
    endloop
  endfacet
  facet normal 0.999848 -0.0174212 0
    outer loop
      vertex -2.6049 -6.10662 14.4
      vertex -2.60625 -6.1841 15
      vertex -2.60625 -6.1841 14.4
    endloop
  endfacet
  facet normal 0.999767 0.0215932 0
    outer loop
      vertex -2.60445 -6.26744 15
      vertex -2.60625 -6.1841 14.4
      vertex -2.60625 -6.1841 15
    endloop
  endfacet
  facet normal 0.999767 0.0215932 0
    outer loop
      vertex -2.60625 -6.1841 14.4
      vertex -2.60445 -6.26744 15
      vertex -2.60445 -6.26744 14.4
    endloop
  endfacet
  facet normal 0.997651 0.0684985 0
    outer loop
      vertex -2.59903 -6.34638 15
      vertex -2.60445 -6.26744 14.4
      vertex -2.60445 -6.26744 15
    endloop
  endfacet
  facet normal 0.997651 0.0684985 0
    outer loop
      vertex -2.60445 -6.26744 14.4
      vertex -2.59903 -6.34638 15
      vertex -2.59903 -6.34638 14.4
    endloop
  endfacet
  facet normal 0.992754 0.120164 0
    outer loop
      vertex -2.59001 -6.4209 15
      vertex -2.59903 -6.34638 14.4
      vertex -2.59903 -6.34638 15
    endloop
  endfacet
  facet normal 0.992754 0.120164 0
    outer loop
      vertex -2.59903 -6.34638 14.4
      vertex -2.59001 -6.4209 15
      vertex -2.59001 -6.4209 14.4
    endloop
  endfacet
  facet normal 0.984167 0.177243 0
    outer loop
      vertex -2.57738 -6.49103 15
      vertex -2.59001 -6.4209 14.4
      vertex -2.59001 -6.4209 15
    endloop
  endfacet
  facet normal 0.984167 0.177243 0
    outer loop
      vertex -2.59001 -6.4209 14.4
      vertex -2.57738 -6.49103 15
      vertex -2.57738 -6.49103 14.4
    endloop
  endfacet
  facet normal 0.970765 0.240032 0
    outer loop
      vertex -2.56113 -6.55675 15
      vertex -2.57738 -6.49103 14.4
      vertex -2.57738 -6.49103 15
    endloop
  endfacet
  facet normal 0.970765 0.240032 0
    outer loop
      vertex -2.57738 -6.49103 14.4
      vertex -2.56113 -6.55675 15
      vertex -2.56113 -6.55675 14.4
    endloop
  endfacet
  facet normal 0.951408 0.307932 0
    outer loop
      vertex -2.54128 -6.61808 15
      vertex -2.56113 -6.55675 14.4
      vertex -2.56113 -6.55675 15
    endloop
  endfacet
  facet normal 0.951408 0.307932 0
    outer loop
      vertex -2.56113 -6.55675 14.4
      vertex -2.54128 -6.61808 15
      vertex -2.54128 -6.61808 14.4
    endloop
  endfacet
  facet normal 0.924517 0.381142 0
    outer loop
      vertex -2.51781 -6.67501 15
      vertex -2.54128 -6.61808 14.4
      vertex -2.54128 -6.61808 15
    endloop
  endfacet
  facet normal 0.924517 0.381142 0
    outer loop
      vertex -2.54128 -6.61808 14.4
      vertex -2.51781 -6.67501 15
      vertex -2.51781 -6.67501 14.4
    endloop
  endfacet
  facet normal 0.888739 0.458414 0
    outer loop
      vertex -2.49072 -6.72753 15
      vertex -2.51781 -6.67501 14.4
      vertex -2.51781 -6.67501 15
    endloop
  endfacet
  facet normal 0.888739 0.458414 0
    outer loop
      vertex -2.51781 -6.67501 14.4
      vertex -2.49072 -6.72753 15
      vertex -2.49072 -6.72753 14.4
    endloop
  endfacet
  facet normal 0.843149 0.53768 0
    outer loop
      vertex -2.46004 -6.77564 15
      vertex -2.49072 -6.72753 14.4
      vertex -2.49072 -6.72753 15
    endloop
  endfacet
  facet normal 0.843149 0.53768 0
    outer loop
      vertex -2.49072 -6.72753 14.4
      vertex -2.46004 -6.77564 15
      vertex -2.46004 -6.77564 14.4
    endloop
  endfacet
  facet normal 0.786834 0.617164 0
    outer loop
      vertex -2.42603 -6.819 15
      vertex -2.46004 -6.77564 14.4
      vertex -2.46004 -6.77564 15
    endloop
  endfacet
  facet normal 0.786834 0.617164 0
    outer loop
      vertex -2.46004 -6.77564 14.4
      vertex -2.42603 -6.819 15
      vertex -2.42603 -6.819 14.4
    endloop
  endfacet
  facet normal 0.718185 0.695853 0
    outer loop
      vertex -2.38895 -6.85727 15
      vertex -2.42603 -6.819 14.4
      vertex -2.42603 -6.819 15
    endloop
  endfacet
  facet normal 0.718185 0.695853 0
    outer loop
      vertex -2.42603 -6.819 14.4
      vertex -2.38895 -6.85727 15
      vertex -2.38895 -6.85727 14.4
    endloop
  endfacet
  facet normal 0.636986 0.770876 -0
    outer loop
      vertex -2.34882 -6.89043 14.4
      vertex -2.38895 -6.85727 15
      vertex -2.34882 -6.89043 15
    endloop
  endfacet
  facet normal 0.636986 0.770876 0
    outer loop
      vertex -2.38895 -6.85727 15
      vertex -2.34882 -6.89043 14.4
      vertex -2.38895 -6.85727 14.4
    endloop
  endfacet
  facet normal 0.544804 0.838563 -0
    outer loop
      vertex -2.30563 -6.91849 14.4
      vertex -2.34882 -6.89043 15
      vertex -2.30563 -6.91849 15
    endloop
  endfacet
  facet normal 0.544804 0.838563 0
    outer loop
      vertex -2.34882 -6.89043 15
      vertex -2.30563 -6.91849 14.4
      vertex -2.34882 -6.89043 14.4
    endloop
  endfacet
  facet normal 0.444655 0.895702 -0
    outer loop
      vertex -2.25938 -6.94145 14.4
      vertex -2.30563 -6.91849 15
      vertex -2.25938 -6.94145 15
    endloop
  endfacet
  facet normal 0.444655 0.895702 0
    outer loop
      vertex -2.30563 -6.91849 15
      vertex -2.25938 -6.94145 14.4
      vertex -2.30563 -6.91849 14.4
    endloop
  endfacet
  facet normal 0.34061 0.940205 -0
    outer loop
      vertex -2.21008 -6.95931 14.4
      vertex -2.25938 -6.94145 15
      vertex -2.21008 -6.95931 15
    endloop
  endfacet
  facet normal 0.34061 0.940205 0
    outer loop
      vertex -2.25938 -6.94145 15
      vertex -2.21008 -6.95931 14.4
      vertex -2.25938 -6.94145 14.4
    endloop
  endfacet
  facet normal 0.23655 0.971619 -0
    outer loop
      vertex -2.15771 -6.97206 14.4
      vertex -2.21008 -6.95931 15
      vertex -2.15771 -6.97206 15
    endloop
  endfacet
  facet normal 0.23655 0.971619 0
    outer loop
      vertex -2.21008 -6.95931 15
      vertex -2.15771 -6.97206 14.4
      vertex -2.21008 -6.95931 14.4
    endloop
  endfacet
  facet normal 0.13674 0.990607 -0
    outer loop
      vertex -2.10229 -6.97971 14.4
      vertex -2.15771 -6.97206 15
      vertex -2.10229 -6.97971 15
    endloop
  endfacet
  facet normal 0.13674 0.990607 0
    outer loop
      vertex -2.15771 -6.97206 15
      vertex -2.10229 -6.97971 14.4
      vertex -2.15771 -6.97206 14.4
    endloop
  endfacet
  facet normal 0.0435707 0.99905 -0
    outer loop
      vertex -2.04382 -6.98226 14.4
      vertex -2.10229 -6.97971 15
      vertex -2.04382 -6.98226 15
    endloop
  endfacet
  facet normal 0.0435707 0.99905 0
    outer loop
      vertex -2.10229 -6.97971 15
      vertex -2.04382 -6.98226 14.4
      vertex -2.10229 -6.97971 14.4
    endloop
  endfacet
  facet normal -0.0185583 0.999828 0
    outer loop
      vertex -2.01796 -6.98178 14.4
      vertex -2.04382 -6.98226 15
      vertex -2.01796 -6.98178 15
    endloop
  endfacet
  facet normal -0.0185583 0.999828 0
    outer loop
      vertex -2.04382 -6.98226 15
      vertex -2.01796 -6.98178 14.4
      vertex -2.04382 -6.98226 14.4
    endloop
  endfacet
  facet normal -0.0578166 0.998327 0
    outer loop
      vertex -1.99275 -6.98032 14.4
      vertex -2.01796 -6.98178 15
      vertex -1.99275 -6.98032 15
    endloop
  endfacet
  facet normal -0.0578166 0.998327 0
    outer loop
      vertex -2.01796 -6.98178 15
      vertex -1.99275 -6.98032 14.4
      vertex -2.01796 -6.98178 14.4
    endloop
  endfacet
  facet normal -0.0989816 0.995089 0
    outer loop
      vertex -1.96822 -6.97788 14.4
      vertex -1.99275 -6.98032 15
      vertex -1.96822 -6.97788 15
    endloop
  endfacet
  facet normal -0.0989816 0.995089 0
    outer loop
      vertex -1.99275 -6.98032 15
      vertex -1.96822 -6.97788 14.4
      vertex -1.99275 -6.98032 14.4
    endloop
  endfacet
  facet normal -0.141828 0.989891 0
    outer loop
      vertex -1.94435 -6.97446 14.4
      vertex -1.96822 -6.97788 15
      vertex -1.94435 -6.97446 15
    endloop
  endfacet
  facet normal -0.141828 0.989891 0
    outer loop
      vertex -1.96822 -6.97788 15
      vertex -1.94435 -6.97446 14.4
      vertex -1.96822 -6.97788 14.4
    endloop
  endfacet
  facet normal -0.185847 0.982579 0
    outer loop
      vertex -1.92114 -6.97007 14.4
      vertex -1.94435 -6.97446 15
      vertex -1.92114 -6.97007 15
    endloop
  endfacet
  facet normal -0.185847 0.982579 0
    outer loop
      vertex -1.94435 -6.97446 15
      vertex -1.92114 -6.97007 14.4
      vertex -1.94435 -6.97446 14.4
    endloop
  endfacet
  facet normal -0.232068 0.9727 0
    outer loop
      vertex -1.89859 -6.96469 14.4
      vertex -1.92114 -6.97007 15
      vertex -1.89859 -6.96469 15
    endloop
  endfacet
  facet normal -0.232068 0.9727 0
    outer loop
      vertex -1.92114 -6.97007 15
      vertex -1.89859 -6.96469 14.4
      vertex -1.92114 -6.97007 14.4
    endloop
  endfacet
  facet normal -0.278314 0.96049 0
    outer loop
      vertex -1.87671 -6.95835 14.4
      vertex -1.89859 -6.96469 15
      vertex -1.87671 -6.95835 15
    endloop
  endfacet
  facet normal -0.278314 0.96049 0
    outer loop
      vertex -1.89859 -6.96469 15
      vertex -1.87671 -6.95835 14.4
      vertex -1.89859 -6.96469 14.4
    endloop
  endfacet
  facet normal -0.326361 0.945245 0
    outer loop
      vertex -1.85548 -6.95102 14.4
      vertex -1.87671 -6.95835 15
      vertex -1.85548 -6.95102 15
    endloop
  endfacet
  facet normal -0.326361 0.945245 0
    outer loop
      vertex -1.87671 -6.95835 15
      vertex -1.85548 -6.95102 14.4
      vertex -1.87671 -6.95835 14.4
    endloop
  endfacet
  facet normal -0.373724 0.92754 0
    outer loop
      vertex -1.83493 -6.94274 14.4
      vertex -1.85548 -6.95102 15
      vertex -1.83493 -6.94274 15
    endloop
  endfacet
  facet normal -0.373724 0.92754 0
    outer loop
      vertex -1.85548 -6.95102 15
      vertex -1.83493 -6.94274 14.4
      vertex -1.85548 -6.95102 14.4
    endloop
  endfacet
  facet normal -0.420242 0.907412 0
    outer loop
      vertex -1.815 -6.93351 14.4
      vertex -1.83493 -6.94274 15
      vertex -1.815 -6.93351 15
    endloop
  endfacet
  facet normal -0.420242 0.907412 0
    outer loop
      vertex -1.83493 -6.94274 15
      vertex -1.815 -6.93351 14.4
      vertex -1.83493 -6.94274 14.4
    endloop
  endfacet
  facet normal -0.461439 0.887172 0
    outer loop
      vertex -1.79562 -6.92343 14.4
      vertex -1.815 -6.93351 15
      vertex -1.79562 -6.92343 15
    endloop
  endfacet
  facet normal -0.461439 0.887172 0
    outer loop
      vertex -1.815 -6.93351 15
      vertex -1.79562 -6.92343 14.4
      vertex -1.815 -6.93351 14.4
    endloop
  endfacet
  facet normal -0.503699 0.863879 0
    outer loop
      vertex -1.77684 -6.91248 14.4
      vertex -1.79562 -6.92343 15
      vertex -1.77684 -6.91248 15
    endloop
  endfacet
  facet normal -0.503699 0.863879 0
    outer loop
      vertex -1.79562 -6.92343 15
      vertex -1.77684 -6.91248 14.4
      vertex -1.79562 -6.92343 14.4
    endloop
  endfacet
  facet normal -0.543709 0.839274 0
    outer loop
      vertex -1.75861 -6.90067 14.4
      vertex -1.77684 -6.91248 15
      vertex -1.75861 -6.90067 15
    endloop
  endfacet
  facet normal -0.543709 0.839274 0
    outer loop
      vertex -1.77684 -6.91248 15
      vertex -1.75861 -6.90067 14.4
      vertex -1.77684 -6.91248 14.4
    endloop
  endfacet
  facet normal -0.583844 0.811866 0
    outer loop
      vertex -1.74095 -6.88797 14.4
      vertex -1.75861 -6.90067 15
      vertex -1.74095 -6.88797 15
    endloop
  endfacet
  facet normal -0.583844 0.811866 0
    outer loop
      vertex -1.75861 -6.90067 15
      vertex -1.74095 -6.88797 14.4
      vertex -1.75861 -6.90067 14.4
    endloop
  endfacet
  facet normal -0.621161 0.783683 0
    outer loop
      vertex -1.72388 -6.87444 14.4
      vertex -1.74095 -6.88797 15
      vertex -1.72388 -6.87444 15
    endloop
  endfacet
  facet normal -0.621161 0.783683 0
    outer loop
      vertex -1.74095 -6.88797 15
      vertex -1.72388 -6.87444 14.4
      vertex -1.74095 -6.88797 14.4
    endloop
  endfacet
  facet normal -0.657826 0.75317 0
    outer loop
      vertex -1.70737 -6.86002 14.4
      vertex -1.72388 -6.87444 15
      vertex -1.70737 -6.86002 15
    endloop
  endfacet
  facet normal -0.657826 0.75317 0
    outer loop
      vertex -1.72388 -6.87444 15
      vertex -1.70737 -6.86002 14.4
      vertex -1.72388 -6.87444 14.4
    endloop
  endfacet
  facet normal -0.691778 0.722111 0
    outer loop
      vertex -1.69142 -6.84474 14.4
      vertex -1.70737 -6.86002 15
      vertex -1.69142 -6.84474 15
    endloop
  endfacet
  facet normal -0.691778 0.722111 0
    outer loop
      vertex -1.70737 -6.86002 15
      vertex -1.69142 -6.84474 14.4
      vertex -1.70737 -6.86002 14.4
    endloop
  endfacet
  facet normal -0.723946 0.689857 0
    outer loop
      vertex -1.69142 -6.84474 14.4
      vertex -1.67604 -6.8286 15
      vertex -1.67604 -6.8286 14.4
    endloop
  endfacet
  facet normal -0.723946 0.689857 0
    outer loop
      vertex -1.67604 -6.8286 15
      vertex -1.69142 -6.84474 14.4
      vertex -1.69142 -6.84474 15
    endloop
  endfacet
  facet normal -0.756527 0.653962 0
    outer loop
      vertex -1.67604 -6.8286 14.4
      vertex -1.66112 -6.81134 15
      vertex -1.66112 -6.81134 14.4
    endloop
  endfacet
  facet normal -0.756527 0.653962 0
    outer loop
      vertex -1.66112 -6.81134 15
      vertex -1.67604 -6.8286 14.4
      vertex -1.67604 -6.8286 15
    endloop
  endfacet
  facet normal -0.786406 0.61771 0
    outer loop
      vertex -1.66112 -6.81134 14.4
      vertex -1.64651 -6.79274 15
      vertex -1.64651 -6.79274 14.4
    endloop
  endfacet
  facet normal -0.786406 0.61771 0
    outer loop
      vertex -1.64651 -6.79274 15
      vertex -1.66112 -6.81134 14.4
      vertex -1.66112 -6.81134 15
    endloop
  endfacet
  facet normal -0.812299 0.583241 0
    outer loop
      vertex -1.64651 -6.79274 14.4
      vertex -1.6322 -6.77281 15
      vertex -1.6322 -6.77281 14.4
    endloop
  endfacet
  facet normal -0.812299 0.583241 0
    outer loop
      vertex -1.6322 -6.77281 15
      vertex -1.64651 -6.79274 14.4
      vertex -1.64651 -6.79274 15
    endloop
  endfacet
  facet normal -0.835958 0.548794 0
    outer loop
      vertex -1.6322 -6.77281 14.4
      vertex -1.61823 -6.75153 15
      vertex -1.61823 -6.75153 14.4
    endloop
  endfacet
  facet normal -0.835958 0.548794 0
    outer loop
      vertex -1.61823 -6.75153 15
      vertex -1.6322 -6.77281 14.4
      vertex -1.6322 -6.77281 15
    endloop
  endfacet
  facet normal -0.855786 0.517329 0
    outer loop
      vertex -1.61823 -6.75153 14.4
      vertex -1.60455 -6.7289 15
      vertex -1.60455 -6.7289 14.4
    endloop
  endfacet
  facet normal -0.855786 0.517329 0
    outer loop
      vertex -1.60455 -6.7289 15
      vertex -1.61823 -6.75153 14.4
      vertex -1.61823 -6.75153 15
    endloop
  endfacet
  facet normal -0.873486 0.486849 0
    outer loop
      vertex -1.60455 -6.7289 14.4
      vertex -1.59119 -6.70493 15
      vertex -1.59119 -6.70493 14.4
    endloop
  endfacet
  facet normal -0.873486 0.486849 0
    outer loop
      vertex -1.59119 -6.70493 15
      vertex -1.60455 -6.7289 14.4
      vertex -1.60455 -6.7289 15
    endloop
  endfacet
  facet normal -0.888884 0.458133 0
    outer loop
      vertex -1.59119 -6.70493 14.4
      vertex -1.57814 -6.67961 15
      vertex -1.57814 -6.67961 14.4
    endloop
  endfacet
  facet normal -0.888884 0.458133 0
    outer loop
      vertex -1.57814 -6.67961 15
      vertex -1.59119 -6.70493 14.4
      vertex -1.59119 -6.70493 15
    endloop
  endfacet
  facet normal -0.902209 0.4313 0
    outer loop
      vertex -1.57814 -6.67961 14.4
      vertex -1.5654 -6.65296 15
      vertex -1.5654 -6.65296 14.4
    endloop
  endfacet
  facet normal -0.902209 0.4313 0
    outer loop
      vertex -1.5654 -6.65296 15
      vertex -1.57814 -6.67961 14.4
      vertex -1.57814 -6.67961 15
    endloop
  endfacet
  facet normal -0.914107 0.405472 0
    outer loop
      vertex -1.5654 -6.65296 14.4
      vertex -1.55298 -6.62496 15
      vertex -1.55298 -6.62496 14.4
    endloop
  endfacet
  facet normal -0.914107 0.405472 0
    outer loop
      vertex -1.55298 -6.62496 15
      vertex -1.5654 -6.65296 14.4
      vertex -1.5654 -6.65296 15
    endloop
  endfacet
  facet normal -0.926235 0.376946 0
    outer loop
      vertex -1.55298 -6.62496 14.4
      vertex -1.54071 -6.59481 15
      vertex -1.54071 -6.59481 14.4
    endloop
  endfacet
  facet normal -0.926235 0.376946 0
    outer loop
      vertex -1.54071 -6.59481 15
      vertex -1.55298 -6.62496 14.4
      vertex -1.55298 -6.62496 15
    endloop
  endfacet
  facet normal -0.937752 0.347305 0
    outer loop
      vertex -1.54071 -6.59481 14.4
      vertex -1.52844 -6.56168 15
      vertex -1.52844 -6.56168 14.4
    endloop
  endfacet
  facet normal -0.937752 0.347305 0
    outer loop
      vertex -1.52844 -6.56168 15
      vertex -1.54071 -6.59481 14.4
      vertex -1.54071 -6.59481 15
    endloop
  endfacet
  facet normal -0.946805 0.321809 0
    outer loop
      vertex -1.52844 -6.56168 14.4
      vertex -1.51617 -6.52558 15
      vertex -1.51617 -6.52558 14.4
    endloop
  endfacet
  facet normal -0.946805 0.321809 0
    outer loop
      vertex -1.51617 -6.52558 15
      vertex -1.52844 -6.56168 14.4
      vertex -1.52844 -6.56168 15
    endloop
  endfacet
  facet normal -0.954153 0.299318 0
    outer loop
      vertex -1.51617 -6.52558 14.4
      vertex -1.50392 -6.48653 15
      vertex -1.50392 -6.48653 14.4
    endloop
  endfacet
  facet normal -0.954153 0.299318 0
    outer loop
      vertex -1.50392 -6.48653 15
      vertex -1.51617 -6.52558 14.4
      vertex -1.51617 -6.52558 15
    endloop
  endfacet
  facet normal -0.960036 0.279877 0
    outer loop
      vertex -1.50392 -6.48653 14.4
      vertex -1.49167 -6.44451 15
      vertex -1.49167 -6.44451 14.4
    endloop
  endfacet
  facet normal -0.960036 0.279877 0
    outer loop
      vertex -1.49167 -6.44451 15
      vertex -1.50392 -6.48653 14.4
      vertex -1.50392 -6.48653 15
    endloop
  endfacet
  facet normal -0.964764 0.263117 0
    outer loop
      vertex -1.49167 -6.44451 14.4
      vertex -1.4794 -6.39952 15
      vertex -1.4794 -6.39952 14.4
    endloop
  endfacet
  facet normal -0.964764 0.263117 0
    outer loop
      vertex -1.4794 -6.39952 15
      vertex -1.49167 -6.44451 14.4
      vertex -1.49167 -6.44451 15
    endloop
  endfacet
  facet normal -0.968785 0.247904 0
    outer loop
      vertex -1.4794 -6.39952 14.4
      vertex -1.46713 -6.35157 15
      vertex -1.46713 -6.35157 14.4
    endloop
  endfacet
  facet normal -0.968785 0.247904 0
    outer loop
      vertex -1.46713 -6.35157 15
      vertex -1.4794 -6.39952 14.4
      vertex -1.4794 -6.39952 15
    endloop
  endfacet
  facet normal -0.972174 0.234261 0
    outer loop
      vertex -1.46713 -6.35157 14.4
      vertex -1.45486 -6.30065 15
      vertex -1.45486 -6.30065 14.4
    endloop
  endfacet
  facet normal -0.972174 0.234261 0
    outer loop
      vertex -1.45486 -6.30065 15
      vertex -1.46713 -6.35157 14.4
      vertex -1.46713 -6.35157 15
    endloop
  endfacet
  facet normal -0.975076 0.221871 0
    outer loop
      vertex -1.45486 -6.30065 14.4
      vertex -1.4426 -6.24677 15
      vertex -1.4426 -6.24677 14.4
    endloop
  endfacet
  facet normal -0.975076 0.221871 0
    outer loop
      vertex -1.4426 -6.24677 15
      vertex -1.45486 -6.30065 14.4
      vertex -1.45486 -6.30065 15
    endloop
  endfacet
  facet normal -0.974536 0.224232 0
    outer loop
      vertex -1.4426 -6.24677 14.4
      vertex -1.42824 -6.18436 15
      vertex -1.42824 -6.18436 14.4
    endloop
  endfacet
  facet normal -0.974536 0.224232 0
    outer loop
      vertex -1.42824 -6.18436 15
      vertex -1.4426 -6.24677 14.4
      vertex -1.4426 -6.24677 15
    endloop
  endfacet
  facet normal -0.974001 0.226546 0
    outer loop
      vertex -1.42824 -6.18436 14.4
      vertex -1.41431 -6.12447 15
      vertex -1.41431 -6.12447 14.4
    endloop
  endfacet
  facet normal -0.974001 0.226546 0
    outer loop
      vertex -1.41431 -6.12447 15
      vertex -1.42824 -6.18436 14.4
      vertex -1.42824 -6.18436 15
    endloop
  endfacet
  facet normal -0.973468 0.228822 0
    outer loop
      vertex -1.41431 -6.12447 14.4
      vertex -1.40082 -6.06708 15
      vertex -1.40082 -6.06708 14.4
    endloop
  endfacet
  facet normal -0.973468 0.228822 0
    outer loop
      vertex -1.40082 -6.06708 15
      vertex -1.41431 -6.12447 14.4
      vertex -1.41431 -6.12447 15
    endloop
  endfacet
  facet normal -0.972882 0.231301 0
    outer loop
      vertex -1.40082 -6.06708 14.4
      vertex -1.38777 -6.01219 15
      vertex -1.38777 -6.01219 14.4
    endloop
  endfacet
  facet normal -0.972882 0.231301 0
    outer loop
      vertex -1.38777 -6.01219 15
      vertex -1.40082 -6.06708 14.4
      vertex -1.40082 -6.06708 15
    endloop
  endfacet
  facet normal -0.972471 0.233026 0
    outer loop
      vertex -1.38777 -6.01219 14.4
      vertex -1.38142 -5.98569 15
      vertex -1.38142 -5.98569 14.4
    endloop
  endfacet
  facet normal -0.972471 0.233026 0
    outer loop
      vertex -1.38142 -5.98569 15
      vertex -1.38777 -6.01219 14.4
      vertex -1.38777 -6.01219 15
    endloop
  endfacet
  facet normal -0.969943 0.243332 0
    outer loop
      vertex -1.38142 -5.98569 14.4
      vertex -1.37495 -5.9599 15
      vertex -1.37495 -5.9599 14.4
    endloop
  endfacet
  facet normal -0.969943 0.243332 0
    outer loop
      vertex -1.37495 -5.9599 15
      vertex -1.38142 -5.98569 14.4
      vertex -1.38142 -5.98569 15
    endloop
  endfacet
  facet normal -0.964986 0.2623 0
    outer loop
      vertex -1.37495 -5.9599 14.4
      vertex -1.36816 -5.93492 15
      vertex -1.36816 -5.93492 14.4
    endloop
  endfacet
  facet normal -0.964986 0.2623 0
    outer loop
      vertex -1.36816 -5.93492 15
      vertex -1.37495 -5.9599 14.4
      vertex -1.37495 -5.9599 15
    endloop
  endfacet
  facet normal -0.959182 0.28279 0
    outer loop
      vertex -1.36816 -5.93492 14.4
      vertex -1.36104 -5.91077 15
      vertex -1.36104 -5.91077 14.4
    endloop
  endfacet
  facet normal -0.959182 0.28279 0
    outer loop
      vertex -1.36104 -5.91077 15
      vertex -1.36816 -5.93492 14.4
      vertex -1.36816 -5.93492 15
    endloop
  endfacet
  facet normal -0.952604 0.304213 0
    outer loop
      vertex -1.36104 -5.91077 14.4
      vertex -1.35358 -5.88741 15
      vertex -1.35358 -5.88741 14.4
    endloop
  endfacet
  facet normal -0.952604 0.304213 0
    outer loop
      vertex -1.35358 -5.88741 15
      vertex -1.36104 -5.91077 14.4
      vertex -1.36104 -5.91077 15
    endloop
  endfacet
  facet normal -0.945016 0.327024 0
    outer loop
      vertex -1.35358 -5.88741 14.4
      vertex -1.34578 -5.86487 15
      vertex -1.34578 -5.86487 14.4
    endloop
  endfacet
  facet normal -0.945016 0.327024 0
    outer loop
      vertex -1.34578 -5.86487 15
      vertex -1.35358 -5.88741 14.4
      vertex -1.35358 -5.88741 15
    endloop
  endfacet
  facet normal -0.936736 0.350037 0
    outer loop
      vertex -1.34578 -5.86487 14.4
      vertex -1.33766 -5.84314 15
      vertex -1.33766 -5.84314 14.4
    endloop
  endfacet
  facet normal -0.936736 0.350037 0
    outer loop
      vertex -1.33766 -5.84314 15
      vertex -1.34578 -5.86487 14.4
      vertex -1.34578 -5.86487 15
    endloop
  endfacet
  facet normal -0.92728 0.374368 0
    outer loop
      vertex -1.33766 -5.84314 14.4
      vertex -1.32921 -5.82221 15
      vertex -1.32921 -5.82221 14.4
    endloop
  endfacet
  facet normal -0.92728 0.374368 0
    outer loop
      vertex -1.32921 -5.82221 15
      vertex -1.33766 -5.84314 14.4
      vertex -1.33766 -5.84314 15
    endloop
  endfacet
  facet normal -0.916293 0.400508 0
    outer loop
      vertex -1.32921 -5.82221 14.4
      vertex -1.32042 -5.8021 15
      vertex -1.32042 -5.8021 14.4
    endloop
  endfacet
  facet normal -0.916293 0.400508 0
    outer loop
      vertex -1.32042 -5.8021 15
      vertex -1.32921 -5.82221 14.4
      vertex -1.32921 -5.82221 15
    endloop
  endfacet
  facet normal -0.904234 0.427038 0
    outer loop
      vertex -1.32042 -5.8021 14.4
      vertex -1.31131 -5.78281 15
      vertex -1.31131 -5.78281 14.4
    endloop
  endfacet
  facet normal -0.904234 0.427038 0
    outer loop
      vertex -1.31131 -5.78281 15
      vertex -1.32042 -5.8021 14.4
      vertex -1.32042 -5.8021 15
    endloop
  endfacet
  facet normal -0.887485 0.460837 0
    outer loop
      vertex -1.31131 -5.78281 14.4
      vertex -1.30174 -5.76438 15
      vertex -1.30174 -5.76438 14.4
    endloop
  endfacet
  facet normal -0.887485 0.460837 0
    outer loop
      vertex -1.30174 -5.76438 15
      vertex -1.31131 -5.78281 14.4
      vertex -1.31131 -5.78281 15
    endloop
  endfacet
  facet normal -0.866227 0.499651 0
    outer loop
      vertex -1.30174 -5.76438 14.4
      vertex -1.29164 -5.74687 15
      vertex -1.29164 -5.74687 14.4
    endloop
  endfacet
  facet normal -0.866227 0.499651 0
    outer loop
      vertex -1.29164 -5.74687 15
      vertex -1.30174 -5.76438 14.4
      vertex -1.30174 -5.76438 15
    endloop
  endfacet
  facet normal -0.84055 0.541733 0
    outer loop
      vertex -1.29164 -5.74687 14.4
      vertex -1.28098 -5.73033 15
      vertex -1.28098 -5.73033 14.4
    endloop
  endfacet
  facet normal -0.84055 0.541733 0
    outer loop
      vertex -1.28098 -5.73033 15
      vertex -1.29164 -5.74687 14.4
      vertex -1.29164 -5.74687 15
    endloop
  endfacet
  facet normal -0.812008 0.583647 0
    outer loop
      vertex -1.28098 -5.73033 14.4
      vertex -1.26976 -5.71472 15
      vertex -1.26976 -5.71472 14.4
    endloop
  endfacet
  facet normal -0.812008 0.583647 0
    outer loop
      vertex -1.26976 -5.71472 15
      vertex -1.28098 -5.73033 14.4
      vertex -1.28098 -5.73033 15
    endloop
  endfacet
  facet normal -0.780246 0.625473 0
    outer loop
      vertex -1.26976 -5.71472 14.4
      vertex -1.258 -5.70005 15
      vertex -1.258 -5.70005 14.4
    endloop
  endfacet
  facet normal -0.780246 0.625473 0
    outer loop
      vertex -1.258 -5.70005 15
      vertex -1.26976 -5.71472 14.4
      vertex -1.26976 -5.71472 15
    endloop
  endfacet
  facet normal -0.744532 0.667586 0
    outer loop
      vertex -1.258 -5.70005 14.4
      vertex -1.24568 -5.68631 15
      vertex -1.24568 -5.68631 14.4
    endloop
  endfacet
  facet normal -0.744532 0.667586 0
    outer loop
      vertex -1.24568 -5.68631 15
      vertex -1.258 -5.70005 14.4
      vertex -1.258 -5.70005 15
    endloop
  endfacet
  facet normal -0.704346 0.709857 0
    outer loop
      vertex -1.2328 -5.67353 14.4
      vertex -1.24568 -5.68631 15
      vertex -1.2328 -5.67353 15
    endloop
  endfacet
  facet normal -0.704346 0.709857 0
    outer loop
      vertex -1.24568 -5.68631 15
      vertex -1.2328 -5.67353 14.4
      vertex -1.24568 -5.68631 14.4
    endloop
  endfacet
  facet normal -0.662212 0.749316 0
    outer loop
      vertex -1.21938 -5.66167 14.4
      vertex -1.2328 -5.67353 15
      vertex -1.21938 -5.66167 15
    endloop
  endfacet
  facet normal -0.662212 0.749316 0
    outer loop
      vertex -1.2328 -5.67353 15
      vertex -1.21938 -5.66167 14.4
      vertex -1.2328 -5.67353 14.4
    endloop
  endfacet
  facet normal -0.615228 0.788349 0
    outer loop
      vertex -1.2054 -5.65076 14.4
      vertex -1.21938 -5.66167 15
      vertex -1.2054 -5.65076 15
    endloop
  endfacet
  facet normal -0.615228 0.788349 0
    outer loop
      vertex -1.21938 -5.66167 15
      vertex -1.2054 -5.65076 14.4
      vertex -1.21938 -5.66167 14.4
    endloop
  endfacet
  facet normal -0.556001 0.831182 0
    outer loop
      vertex -1.19066 -5.6409 14.4
      vertex -1.2054 -5.65076 15
      vertex -1.19066 -5.6409 15
    endloop
  endfacet
  facet normal -0.556001 0.831182 0
    outer loop
      vertex -1.2054 -5.65076 15
      vertex -1.19066 -5.6409 14.4
      vertex -1.2054 -5.65076 14.4
    endloop
  endfacet
  facet normal -0.485359 0.874315 0
    outer loop
      vertex -1.17497 -5.63219 14.4
      vertex -1.19066 -5.6409 15
      vertex -1.17497 -5.63219 15
    endloop
  endfacet
  facet normal -0.485359 0.874315 0
    outer loop
      vertex -1.19066 -5.6409 15
      vertex -1.17497 -5.63219 14.4
      vertex -1.19066 -5.6409 14.4
    endloop
  endfacet
  facet normal -0.412319 0.911039 0
    outer loop
      vertex -1.15831 -5.62465 14.4
      vertex -1.17497 -5.63219 15
      vertex -1.15831 -5.62465 15
    endloop
  endfacet
  facet normal -0.412319 0.911039 0
    outer loop
      vertex -1.17497 -5.63219 15
      vertex -1.15831 -5.62465 14.4
      vertex -1.17497 -5.63219 14.4
    endloop
  endfacet
  facet normal -0.340971 0.940074 0
    outer loop
      vertex -1.14072 -5.61827 14.4
      vertex -1.15831 -5.62465 15
      vertex -1.14072 -5.61827 15
    endloop
  endfacet
  facet normal -0.340971 0.940074 0
    outer loop
      vertex -1.15831 -5.62465 15
      vertex -1.14072 -5.61827 14.4
      vertex -1.15831 -5.62465 14.4
    endloop
  endfacet
  facet normal -0.27013 0.962824 0
    outer loop
      vertex -1.12215 -5.61306 14.4
      vertex -1.14072 -5.61827 15
      vertex -1.12215 -5.61306 15
    endloop
  endfacet
  facet normal -0.27013 0.962824 0
    outer loop
      vertex -1.14072 -5.61827 15
      vertex -1.12215 -5.61306 14.4
      vertex -1.14072 -5.61827 14.4
    endloop
  endfacet
  facet normal -0.204495 0.978868 0
    outer loop
      vertex -1.10262 -5.60898 14.4
      vertex -1.12215 -5.61306 15
      vertex -1.10262 -5.60898 15
    endloop
  endfacet
  facet normal -0.204495 0.978868 0
    outer loop
      vertex -1.12215 -5.61306 15
      vertex -1.10262 -5.60898 14.4
      vertex -1.12215 -5.61306 14.4
    endloop
  endfacet
  facet normal -0.140203 0.990123 0
    outer loop
      vertex -1.08214 -5.60608 14.4
      vertex -1.10262 -5.60898 15
      vertex -1.08214 -5.60608 15
    endloop
  endfacet
  facet normal -0.140203 0.990123 0
    outer loop
      vertex -1.10262 -5.60898 15
      vertex -1.08214 -5.60608 14.4
      vertex -1.10262 -5.60898 14.4
    endloop
  endfacet
  facet normal -0.0808908 0.996723 0
    outer loop
      vertex -1.0607 -5.60434 14.4
      vertex -1.08214 -5.60608 15
      vertex -1.0607 -5.60434 15
    endloop
  endfacet
  facet normal -0.0808908 0.996723 0
    outer loop
      vertex -1.08214 -5.60608 15
      vertex -1.0607 -5.60434 14.4
      vertex -1.08214 -5.60608 14.4
    endloop
  endfacet
  facet normal -0.0258842 0.999665 0
    outer loop
      vertex -1.0383 -5.60376 14.4
      vertex -1.0607 -5.60434 15
      vertex -1.0383 -5.60376 15
    endloop
  endfacet
  facet normal -0.0258842 0.999665 0
    outer loop
      vertex -1.0607 -5.60434 15
      vertex -1.0383 -5.60376 14.4
      vertex -1.0607 -5.60434 14.4
    endloop
  endfacet
  facet normal 0.0468318 0.998903 -0
    outer loop
      vertex -0.998627 -5.60562 14.4
      vertex -1.0383 -5.60376 15
      vertex -0.998627 -5.60562 15
    endloop
  endfacet
  facet normal 0.0468318 0.998903 0
    outer loop
      vertex -1.0383 -5.60376 15
      vertex -0.998627 -5.60562 14.4
      vertex -1.0383 -5.60376 14.4
    endloop
  endfacet
  facet normal 0.146181 0.989258 -0
    outer loop
      vertex -0.961136 -5.61116 14.4
      vertex -0.998627 -5.60562 15
      vertex -0.961136 -5.61116 15
    endloop
  endfacet
  facet normal 0.146181 0.989258 0
    outer loop
      vertex -0.998627 -5.60562 15
      vertex -0.961136 -5.61116 14.4
      vertex -0.998627 -5.60562 14.4
    endloop
  endfacet
  facet normal 0.253934 0.967222 -0
    outer loop
      vertex -0.925827 -5.62043 14.4
      vertex -0.961136 -5.61116 15
      vertex -0.925827 -5.62043 15
    endloop
  endfacet
  facet normal 0.253934 0.967222 0
    outer loop
      vertex -0.961136 -5.61116 15
      vertex -0.925827 -5.62043 14.4
      vertex -0.961136 -5.61116 14.4
    endloop
  endfacet
  facet normal 0.364384 0.931249 -0
    outer loop
      vertex -0.892731 -5.63338 14.4
      vertex -0.925827 -5.62043 15
      vertex -0.892731 -5.63338 15
    endloop
  endfacet
  facet normal 0.364384 0.931249 0
    outer loop
      vertex -0.925827 -5.62043 15
      vertex -0.892731 -5.63338 14.4
      vertex -0.925827 -5.62043 14.4
    endloop
  endfacet
  facet normal 0.474397 0.880311 -0
    outer loop
      vertex -0.861816 -5.65004 14.4
      vertex -0.892731 -5.63338 15
      vertex -0.861816 -5.65004 15
    endloop
  endfacet
  facet normal 0.474397 0.880311 0
    outer loop
      vertex -0.892731 -5.63338 15
      vertex -0.861816 -5.65004 14.4
      vertex -0.892731 -5.63338 14.4
    endloop
  endfacet
  facet normal 0.578172 0.815915 -0
    outer loop
      vertex -0.833084 -5.6704 14.4
      vertex -0.861816 -5.65004 15
      vertex -0.833084 -5.6704 15
    endloop
  endfacet
  facet normal 0.578172 0.815915 0
    outer loop
      vertex -0.861816 -5.65004 15
      vertex -0.833084 -5.6704 14.4
      vertex -0.861816 -5.65004 14.4
    endloop
  endfacet
  facet normal 0.671922 0.740622 -0
    outer loop
      vertex -0.806564 -5.69446 14.4
      vertex -0.833084 -5.6704 15
      vertex -0.806564 -5.69446 15
    endloop
  endfacet
  facet normal 0.671922 0.740622 0
    outer loop
      vertex -0.833084 -5.6704 15
      vertex -0.806564 -5.69446 14.4
      vertex -0.833084 -5.6704 14.4
    endloop
  endfacet
  facet normal 0.751848 0.659336 0
    outer loop
      vertex -0.782211 -5.72223 15
      vertex -0.806564 -5.69446 14.4
      vertex -0.806564 -5.69446 15
    endloop
  endfacet
  facet normal 0.751848 0.659336 0
    outer loop
      vertex -0.806564 -5.69446 14.4
      vertex -0.782211 -5.72223 15
      vertex -0.782211 -5.72223 14.4
    endloop
  endfacet
  facet normal 0.817874 0.575397 0
    outer loop
      vertex -0.760071 -5.7537 15
      vertex -0.782211 -5.72223 14.4
      vertex -0.782211 -5.72223 15
    endloop
  endfacet
  facet normal 0.817874 0.575397 0
    outer loop
      vertex -0.782211 -5.72223 14.4
      vertex -0.760071 -5.7537 15
      vertex -0.760071 -5.7537 14.4
    endloop
  endfacet
  facet normal 0.868773 0.495211 0
    outer loop
      vertex -0.740189 -5.78858 15
      vertex -0.760071 -5.7537 14.4
      vertex -0.760071 -5.7537 15
    endloop
  endfacet
  facet normal 0.868773 0.495211 0
    outer loop
      vertex -0.760071 -5.7537 14.4
      vertex -0.740189 -5.78858 15
      vertex -0.740189 -5.78858 14.4
    endloop
  endfacet
  facet normal 0.907789 0.419428 0
    outer loop
      vertex -0.722641 -5.82656 15
      vertex -0.740189 -5.78858 14.4
      vertex -0.740189 -5.78858 15
    endloop
  endfacet
  facet normal 0.907789 0.419428 0
    outer loop
      vertex -0.740189 -5.78858 14.4
      vertex -0.722641 -5.82656 15
      vertex -0.722641 -5.82656 14.4
    endloop
  endfacet
  facet normal 0.937929 0.346828 0
    outer loop
      vertex -0.707443 -5.86766 15
      vertex -0.722641 -5.82656 14.4
      vertex -0.722641 -5.82656 15
    endloop
  endfacet
  facet normal 0.937929 0.346828 0
    outer loop
      vertex -0.722641 -5.82656 14.4
      vertex -0.707443 -5.86766 15
      vertex -0.707443 -5.86766 14.4
    endloop
  endfacet
  facet normal 0.960184 0.279368 0
    outer loop
      vertex -0.69458 -5.91187 15
      vertex -0.707443 -5.86766 14.4
      vertex -0.707443 -5.86766 15
    endloop
  endfacet
  facet normal 0.960184 0.279368 0
    outer loop
      vertex -0.707443 -5.86766 14.4
      vertex -0.69458 -5.91187 15
      vertex -0.69458 -5.91187 14.4
    endloop
  endfacet
  facet normal 0.976142 0.217131 0
    outer loop
      vertex -0.684052 -5.9592 15
      vertex -0.69458 -5.91187 14.4
      vertex -0.69458 -5.91187 15
    endloop
  endfacet
  facet normal 0.976142 0.217131 0
    outer loop
      vertex -0.69458 -5.91187 14.4
      vertex -0.684052 -5.9592 15
      vertex -0.684052 -5.9592 14.4
    endloop
  endfacet
  facet normal 0.987066 0.160317 0
    outer loop
      vertex -0.675858 -6.00965 15
      vertex -0.684052 -5.9592 14.4
      vertex -0.684052 -5.9592 15
    endloop
  endfacet
  facet normal 0.987066 0.160317 0
    outer loop
      vertex -0.684052 -5.9592 14.4
      vertex -0.675858 -6.00965 15
      vertex -0.675858 -6.00965 14.4
    endloop
  endfacet
  facet normal 0.994094 0.108526 0
    outer loop
      vertex -0.670013 -6.06319 15
      vertex -0.675858 -6.00965 14.4
      vertex -0.675858 -6.00965 15
    endloop
  endfacet
  facet normal 0.994094 0.108526 0
    outer loop
      vertex -0.675858 -6.00965 14.4
      vertex -0.670013 -6.06319 15
      vertex -0.670013 -6.06319 14.4
    endloop
  endfacet
  facet normal 0.998088 0.0618015 0
    outer loop
      vertex -0.666504 -6.11986 15
      vertex -0.670013 -6.06319 14.4
      vertex -0.670013 -6.06319 15
    endloop
  endfacet
  facet normal 0.998088 0.0618015 0
    outer loop
      vertex -0.670013 -6.06319 14.4
      vertex -0.666504 -6.11986 15
      vertex -0.666504 -6.11986 14.4
    endloop
  endfacet
  facet normal 0.999812 0.0194008 0
    outer loop
      vertex -0.665344 -6.17964 15
      vertex -0.666504 -6.11986 14.4
      vertex -0.666504 -6.11986 15
    endloop
  endfacet
  facet normal 0.999812 0.0194008 0
    outer loop
      vertex -0.666504 -6.11986 14.4
      vertex -0.665344 -6.17964 15
      vertex -0.665344 -6.17964 14.4
    endloop
  endfacet
  facet normal 0.999825 -0.0186993 0
    outer loop
      vertex -0.666428 -6.2376 15
      vertex -0.665344 -6.17964 14.4
      vertex -0.665344 -6.17964 15
    endloop
  endfacet
  facet normal 0.999825 -0.0186993 0
    outer loop
      vertex -0.665344 -6.17964 14.4
      vertex -0.666428 -6.2376 15
      vertex -0.666428 -6.2376 14.4
    endloop
  endfacet
  facet normal 0.998222 -0.059604 0
    outer loop
      vertex -0.669724 -6.2928 15
      vertex -0.666428 -6.2376 14.4
      vertex -0.666428 -6.2376 15
    endloop
  endfacet
  facet normal 0.998222 -0.059604 0
    outer loop
      vertex -0.666428 -6.2376 14.4
      vertex -0.669724 -6.2928 15
      vertex -0.669724 -6.2928 14.4
    endloop
  endfacet
  facet normal 0.994588 -0.103898 0
    outer loop
      vertex -0.675201 -6.34523 15
      vertex -0.669724 -6.2928 14.4
      vertex -0.669724 -6.2928 15
    endloop
  endfacet
  facet normal 0.994588 -0.103898 0
    outer loop
      vertex -0.669724 -6.2928 14.4
      vertex -0.675201 -6.34523 15
      vertex -0.675201 -6.34523 14.4
    endloop
  endfacet
  facet normal 0.988268 -0.152727 0
    outer loop
      vertex -0.682877 -6.3949 15
      vertex -0.675201 -6.34523 14.4
      vertex -0.675201 -6.34523 15
    endloop
  endfacet
  facet normal 0.988268 -0.152727 0
    outer loop
      vertex -0.675201 -6.34523 14.4
      vertex -0.682877 -6.3949 15
      vertex -0.682877 -6.3949 14.4
    endloop
  endfacet
  facet normal 0.978638 -0.205593 0
    outer loop
      vertex -0.692734 -6.44182 15
      vertex -0.682877 -6.3949 14.4
      vertex -0.682877 -6.3949 15
    endloop
  endfacet
  facet normal 0.978638 -0.205593 0
    outer loop
      vertex -0.682877 -6.3949 14.4
      vertex -0.692734 -6.44182 15
      vertex -0.692734 -6.44182 14.4
    endloop
  endfacet
  facet normal 0.964676 -0.263439 0
    outer loop
      vertex -0.704788 -6.48596 15
      vertex -0.692734 -6.44182 14.4
      vertex -0.692734 -6.44182 15
    endloop
  endfacet
  facet normal 0.964676 -0.263439 0
    outer loop
      vertex -0.692734 -6.44182 14.4
      vertex -0.704788 -6.48596 15
      vertex -0.704788 -6.48596 14.4
    endloop
  endfacet
  facet normal 0.945517 -0.325574 0
    outer loop
      vertex -0.71904 -6.52735 15
      vertex -0.704788 -6.48596 14.4
      vertex -0.704788 -6.48596 15
    endloop
  endfacet
  facet normal 0.945517 -0.325574 0
    outer loop
      vertex -0.704788 -6.48596 14.4
      vertex -0.71904 -6.52735 15
      vertex -0.71904 -6.52735 14.4
    endloop
  endfacet
  facet normal 0.920192 -0.391468 0
    outer loop
      vertex -0.735474 -6.56598 15
      vertex -0.71904 -6.52735 14.4
      vertex -0.71904 -6.52735 15
    endloop
  endfacet
  facet normal 0.920192 -0.391468 0
    outer loop
      vertex -0.71904 -6.52735 14.4
      vertex -0.735474 -6.56598 15
      vertex -0.735474 -6.56598 14.4
    endloop
  endfacet
  facet normal 0.887381 -0.461037 0
    outer loop
      vertex -0.754105 -6.60184 15
      vertex -0.735474 -6.56598 14.4
      vertex -0.735474 -6.56598 15
    endloop
  endfacet
  facet normal 0.887381 -0.461037 0
    outer loop
      vertex -0.735474 -6.56598 14.4
      vertex -0.754105 -6.60184 15
      vertex -0.754105 -6.60184 14.4
    endloop
  endfacet
  facet normal 0.845065 -0.534664 0
    outer loop
      vertex -0.775085 -6.635 15
      vertex -0.754105 -6.60184 14.4
      vertex -0.754105 -6.60184 15
    endloop
  endfacet
  facet normal 0.845065 -0.534664 0
    outer loop
      vertex -0.754105 -6.60184 14.4
      vertex -0.775085 -6.635 15
      vertex -0.775085 -6.635 14.4
    endloop
  endfacet
  facet normal 0.792538 -0.609823 0
    outer loop
      vertex -0.798538 -6.66548 15
      vertex -0.775085 -6.635 14.4
      vertex -0.775085 -6.635 15
    endloop
  endfacet
  facet normal 0.792538 -0.609823 0
    outer loop
      vertex -0.775085 -6.635 14.4
      vertex -0.798538 -6.66548 15
      vertex -0.798538 -6.66548 14.4
    endloop
  endfacet
  facet normal 0.731754 -0.681569 0
    outer loop
      vertex -0.824478 -6.69333 15
      vertex -0.798538 -6.66548 14.4
      vertex -0.798538 -6.66548 15
    endloop
  endfacet
  facet normal 0.731754 -0.681569 0
    outer loop
      vertex -0.798538 -6.66548 14.4
      vertex -0.824478 -6.69333 15
      vertex -0.824478 -6.69333 14.4
    endloop
  endfacet
  facet normal 0.663209 -0.748434 0
    outer loop
      vertex -0.852905 -6.71852 14.4
      vertex -0.824478 -6.69333 15
      vertex -0.852905 -6.71852 15
    endloop
  endfacet
  facet normal 0.663209 -0.748434 0
    outer loop
      vertex -0.824478 -6.69333 15
      vertex -0.852905 -6.71852 14.4
      vertex -0.824478 -6.69333 14.4
    endloop
  endfacet
  facet normal 0.589476 -0.807786 0
    outer loop
      vertex -0.88382 -6.74108 14.4
      vertex -0.852905 -6.71852 15
      vertex -0.88382 -6.74108 15
    endloop
  endfacet
  facet normal 0.589476 -0.807786 0
    outer loop
      vertex -0.852905 -6.71852 15
      vertex -0.88382 -6.74108 14.4
      vertex -0.852905 -6.71852 14.4
    endloop
  endfacet
  facet normal 0.511454 -0.85931 0
    outer loop
      vertex -0.917221 -6.76096 14.4
      vertex -0.88382 -6.74108 15
      vertex -0.917221 -6.76096 15
    endloop
  endfacet
  facet normal 0.511454 -0.85931 0
    outer loop
      vertex -0.88382 -6.74108 15
      vertex -0.917221 -6.76096 14.4
      vertex -0.88382 -6.74108 14.4
    endloop
  endfacet
  facet normal 0.433002 -0.901393 0
    outer loop
      vertex -0.95311 -6.7782 14.4
      vertex -0.917221 -6.76096 15
      vertex -0.95311 -6.7782 15
    endloop
  endfacet
  facet normal 0.433002 -0.901393 0
    outer loop
      vertex -0.917221 -6.76096 15
      vertex -0.95311 -6.7782 14.4
      vertex -0.917221 -6.76096 14.4
    endloop
  endfacet
  facet normal 0.355369 -0.934726 0
    outer loop
      vertex -0.991486 -6.79279 14.4
      vertex -0.95311 -6.7782 15
      vertex -0.991486 -6.79279 15
    endloop
  endfacet
  facet normal 0.355369 -0.934726 0
    outer loop
      vertex -0.95311 -6.7782 15
      vertex -0.991486 -6.79279 14.4
      vertex -0.95311 -6.7782 14.4
    endloop
  endfacet
  facet normal 0.280245 -0.959928 0
    outer loop
      vertex -1.03235 -6.80472 14.4
      vertex -0.991486 -6.79279 15
      vertex -1.03235 -6.80472 15
    endloop
  endfacet
  facet normal 0.280245 -0.959928 0
    outer loop
      vertex -0.991486 -6.79279 15
      vertex -1.03235 -6.80472 14.4
      vertex -0.991486 -6.79279 14.4
    endloop
  endfacet
  facet normal 0.980575 0.196143 0
    outer loop
      vertex -0.977142 -7.08072 15
      vertex -1.03235 -6.80472 14.4
      vertex -1.03235 -6.80472 15
    endloop
  endfacet
  facet normal 0.980575 0.196143 0
    outer loop
      vertex -1.03235 -6.80472 14.4
      vertex -0.977142 -7.08072 15
      vertex -0.977142 -7.08072 14.4
    endloop
  endfacet
  facet normal -0.299373 0.954136 0
    outer loop
      vertex -0.865051 -7.04555 14.4
      vertex -0.977142 -7.08072 15
      vertex -0.865051 -7.04555 15
    endloop
  endfacet
  facet normal -0.299373 0.954136 0
    outer loop
      vertex -0.977142 -7.08072 15
      vertex -0.865051 -7.04555 14.4
      vertex -0.977142 -7.08072 14.4
    endloop
  endfacet
  facet normal -0.459006 0.888433 0
    outer loop
      vertex -0.766144 -6.99445 14.4
      vertex -0.865051 -7.04555 15
      vertex -0.766144 -6.99445 15
    endloop
  endfacet
  facet normal -0.459006 0.888433 0
    outer loop
      vertex -0.865051 -7.04555 15
      vertex -0.766144 -6.99445 14.4
      vertex -0.865051 -7.04555 14.4
    endloop
  endfacet
  facet normal -0.616147 0.787631 0
    outer loop
      vertex -0.68042 -6.92739 14.4
      vertex -0.766144 -6.99445 15
      vertex -0.68042 -6.92739 15
    endloop
  endfacet
  facet normal -0.616147 0.787631 0
    outer loop
      vertex -0.766144 -6.99445 15
      vertex -0.68042 -6.92739 14.4
      vertex -0.766144 -6.99445 14.4
    endloop
  endfacet
  facet normal -0.753065 0.657946 0
    outer loop
      vertex -0.68042 -6.92739 14.4
      vertex -0.607895 -6.84438 15
      vertex -0.607895 -6.84438 14.4
    endloop
  endfacet
  facet normal -0.753065 0.657946 0
    outer loop
      vertex -0.607895 -6.84438 15
      vertex -0.68042 -6.92739 14.4
      vertex -0.68042 -6.92739 15
    endloop
  endfacet
  facet normal -0.8576 0.514317 0
    outer loop
      vertex -0.607895 -6.84438 14.4
      vertex -0.548553 -6.74543 15
      vertex -0.548553 -6.74543 14.4
    endloop
  endfacet
  facet normal -0.8576 0.514317 0
    outer loop
      vertex -0.548553 -6.74543 15
      vertex -0.607895 -6.84438 14.4
      vertex -0.607895 -6.84438 15
    endloop
  endfacet
  facet normal -0.92795 0.372706 0
    outer loop
      vertex -0.548553 -6.74543 14.4
      vertex -0.502396 -6.63051 15
      vertex -0.502396 -6.63051 14.4
    endloop
  endfacet
  facet normal -0.92795 0.372706 0
    outer loop
      vertex -0.502396 -6.63051 15
      vertex -0.548553 -6.74543 14.4
      vertex -0.548553 -6.74543 15
    endloop
  endfacet
  facet normal -0.969692 0.244331 0
    outer loop
      vertex -0.502396 -6.63051 14.4
      vertex -0.469421 -6.49964 15
      vertex -0.469421 -6.49964 14.4
    endloop
  endfacet
  facet normal -0.969692 0.244331 0
    outer loop
      vertex -0.469421 -6.49964 15
      vertex -0.502396 -6.63051 14.4
      vertex -0.502396 -6.63051 15
    endloop
  endfacet
  facet normal -0.99105 0.133492 0
    outer loop
      vertex -0.469421 -6.49964 14.4
      vertex -0.449646 -6.35283 15
      vertex -0.449646 -6.35283 14.4
    endloop
  endfacet
  facet normal -0.99105 0.133492 0
    outer loop
      vertex -0.449646 -6.35283 15
      vertex -0.469421 -6.49964 14.4
      vertex -0.469421 -6.49964 15
    endloop
  endfacet
  facet normal -0.999181 0.0404682 0
    outer loop
      vertex -0.449646 -6.35283 14.4
      vertex -0.443054 -6.19007 15
      vertex -0.443054 -6.19007 14.4
    endloop
  endfacet
  facet normal -0.999181 0.0404682 0
    outer loop
      vertex -0.443054 -6.19007 15
      vertex -0.449646 -6.35283 14.4
      vertex -0.449646 -6.35283 15
    endloop
  endfacet
  facet normal -0.999758 -0.0219849 0
    outer loop
      vertex -0.443054 -6.19007 14.4
      vertex -0.445023 -6.10053 15
      vertex -0.445023 -6.10053 14.4
    endloop
  endfacet
  facet normal -0.999758 -0.0219849 0
    outer loop
      vertex -0.445023 -6.10053 15
      vertex -0.443054 -6.19007 14.4
      vertex -0.443054 -6.19007 15
    endloop
  endfacet
  facet normal -0.997055 -0.0766904 0
    outer loop
      vertex -0.474808 -10.0171 14.4
      vertex -0.480576 -9.94211 15
      vertex -0.480576 -9.94211 14.4
    endloop
  endfacet
  facet normal -0.997055 -0.0766904 0
    outer loop
      vertex -0.480576 -9.94211 15
      vertex -0.474808 -10.0171 14.4
      vertex -0.474808 -10.0171 15
    endloop
  endfacet
  facet normal -0.990938 -0.13432 0
    outer loop
      vertex -0.480576 -9.94211 14.4
      vertex -0.490204 -9.87108 15
      vertex -0.490204 -9.87108 14.4
    endloop
  endfacet
  facet normal -0.990938 -0.13432 0
    outer loop
      vertex -0.490204 -9.87108 15
      vertex -0.480576 -9.94211 14.4
      vertex -0.480576 -9.94211 15
    endloop
  endfacet
  facet normal -0.980437 -0.196833 0
    outer loop
      vertex -0.490204 -9.87108 14.4
      vertex -0.503677 -9.80397 15
      vertex -0.503677 -9.80397 14.4
    endloop
  endfacet
  facet normal -0.980437 -0.196833 0
    outer loop
      vertex -0.503677 -9.80397 15
      vertex -0.490204 -9.87108 14.4
      vertex -0.490204 -9.87108 15
    endloop
  endfacet
  facet normal -0.96439 -0.264486 0
    outer loop
      vertex -0.503677 -9.80397 14.4
      vertex -0.520996 -9.74082 15
      vertex -0.520996 -9.74082 14.4
    endloop
  endfacet
  facet normal -0.96439 -0.264486 0
    outer loop
      vertex -0.520996 -9.74082 15
      vertex -0.503677 -9.80397 14.4
      vertex -0.503677 -9.80397 15
    endloop
  endfacet
  facet normal -0.941596 -0.336745 0
    outer loop
      vertex -0.520996 -9.74082 14.4
      vertex -0.542175 -9.6816 15
      vertex -0.542175 -9.6816 14.4
    endloop
  endfacet
  facet normal -0.941596 -0.336745 0
    outer loop
      vertex -0.542175 -9.6816 15
      vertex -0.520996 -9.74082 14.4
      vertex -0.520996 -9.74082 15
    endloop
  endfacet
  facet normal -0.911071 -0.412249 0
    outer loop
      vertex -0.542175 -9.6816 14.4
      vertex -0.567184 -9.62633 15
      vertex -0.567184 -9.62633 14.4
    endloop
  endfacet
  facet normal -0.911071 -0.412249 0
    outer loop
      vertex -0.567184 -9.62633 15
      vertex -0.542175 -9.6816 14.4
      vertex -0.542175 -9.6816 15
    endloop
  endfacet
  facet normal -0.871598 -0.490221 0
    outer loop
      vertex -0.567184 -9.62633 14.4
      vertex -0.596054 -9.575 15
      vertex -0.596054 -9.575 14.4
    endloop
  endfacet
  facet normal -0.871598 -0.490221 0
    outer loop
      vertex -0.596054 -9.575 15
      vertex -0.567184 -9.62633 14.4
      vertex -0.567184 -9.62633 15
    endloop
  endfacet
  facet normal -0.822951 -0.568112 0
    outer loop
      vertex -0.596054 -9.575 14.4
      vertex -0.628769 -9.52761 15
      vertex -0.628769 -9.52761 14.4
    endloop
  endfacet
  facet normal -0.822951 -0.568112 0
    outer loop
      vertex -0.628769 -9.52761 15
      vertex -0.596054 -9.575 14.4
      vertex -0.596054 -9.575 15
    endloop
  endfacet
  facet normal -0.764317 -0.644841 0
    outer loop
      vertex -0.628769 -9.52761 14.4
      vertex -0.664963 -9.48471 15
      vertex -0.664963 -9.48471 14.4
    endloop
  endfacet
  facet normal -0.764317 -0.644841 0
    outer loop
      vertex -0.664963 -9.48471 15
      vertex -0.628769 -9.52761 14.4
      vertex -0.628769 -9.52761 15
    endloop
  endfacet
  facet normal -0.693957 -0.720017 0
    outer loop
      vertex -0.704224 -9.44687 14.4
      vertex -0.664963 -9.48471 15
      vertex -0.704224 -9.44687 15
    endloop
  endfacet
  facet normal -0.693957 -0.720017 -0
    outer loop
      vertex -0.664963 -9.48471 15
      vertex -0.704224 -9.44687 14.4
      vertex -0.664963 -9.48471 14.4
    endloop
  endfacet
  facet normal -0.612523 -0.790453 0
    outer loop
      vertex -0.746552 -9.41407 14.4
      vertex -0.704224 -9.44687 15
      vertex -0.746552 -9.41407 15
    endloop
  endfacet
  facet normal -0.612523 -0.790453 -0
    outer loop
      vertex -0.704224 -9.44687 15
      vertex -0.746552 -9.41407 14.4
      vertex -0.704224 -9.44687 14.4
    endloop
  endfacet
  facet normal -0.521454 -0.85328 0
    outer loop
      vertex -0.791977 -9.38631 14.4
      vertex -0.746552 -9.41407 15
      vertex -0.791977 -9.38631 15
    endloop
  endfacet
  facet normal -0.521454 -0.85328 -0
    outer loop
      vertex -0.746552 -9.41407 15
      vertex -0.791977 -9.38631 14.4
      vertex -0.746552 -9.41407 14.4
    endloop
  endfacet
  facet normal -0.424226 -0.905557 0
    outer loop
      vertex -0.840454 -9.3636 14.4
      vertex -0.791977 -9.38631 15
      vertex -0.840454 -9.3636 15
    endloop
  endfacet
  facet normal -0.424226 -0.905557 -0
    outer loop
      vertex -0.791977 -9.38631 15
      vertex -0.840454 -9.3636 14.4
      vertex -0.791977 -9.38631 14.4
    endloop
  endfacet
  facet normal -0.324113 -0.946018 0
    outer loop
      vertex -0.892029 -9.34593 14.4
      vertex -0.840454 -9.3636 15
      vertex -0.892029 -9.34593 15
    endloop
  endfacet
  facet normal -0.324113 -0.946018 -0
    outer loop
      vertex -0.840454 -9.3636 15
      vertex -0.892029 -9.34593 14.4
      vertex -0.840454 -9.3636 14.4
    endloop
  endfacet
  facet normal -0.224758 -0.974415 0
    outer loop
      vertex -0.946655 -9.33333 14.4
      vertex -0.892029 -9.34593 15
      vertex -0.946655 -9.33333 15
    endloop
  endfacet
  facet normal -0.224758 -0.974415 -0
    outer loop
      vertex -0.892029 -9.34593 15
      vertex -0.946655 -9.33333 14.4
      vertex -0.892029 -9.34593 14.4
    endloop
  endfacet
  facet normal -0.130195 -0.991488 0
    outer loop
      vertex -1.00438 -9.32575 14.4
      vertex -0.946655 -9.33333 15
      vertex -1.00438 -9.32575 15
    endloop
  endfacet
  facet normal -0.130195 -0.991488 -0
    outer loop
      vertex -0.946655 -9.33333 15
      vertex -1.00438 -9.32575 14.4
      vertex -0.946655 -9.33333 14.4
    endloop
  endfacet
  facet normal -0.0414186 -0.999142 0
    outer loop
      vertex -1.06517 -9.32323 14.4
      vertex -1.00438 -9.32575 15
      vertex -1.06517 -9.32323 15
    endloop
  endfacet
  facet normal -0.0414186 -0.999142 -0
    outer loop
      vertex -1.00438 -9.32575 15
      vertex -1.06517 -9.32323 14.4
      vertex -1.00438 -9.32575 14.4
    endloop
  endfacet
  facet normal 0.0366166 -0.999329 0
    outer loop
      vertex -1.11102 -9.32491 14.4
      vertex -1.06517 -9.32323 15
      vertex -1.11102 -9.32491 15
    endloop
  endfacet
  facet normal 0.0366166 -0.999329 0
    outer loop
      vertex -1.06517 -9.32323 15
      vertex -1.11102 -9.32491 14.4
      vertex -1.06517 -9.32323 14.4
    endloop
  endfacet
  facet normal 0.113203 -0.993572 0
    outer loop
      vertex -1.15508 -9.32993 14.4
      vertex -1.11102 -9.32491 15
      vertex -1.15508 -9.32993 15
    endloop
  endfacet
  facet normal 0.113203 -0.993572 0
    outer loop
      vertex -1.11102 -9.32491 15
      vertex -1.15508 -9.32993 14.4
      vertex -1.11102 -9.32491 14.4
    endloop
  endfacet
  facet normal 0.194644 -0.980874 0
    outer loop
      vertex -1.19736 -9.33832 14.4
      vertex -1.15508 -9.32993 15
      vertex -1.19736 -9.33832 15
    endloop
  endfacet
  facet normal 0.194644 -0.980874 0
    outer loop
      vertex -1.15508 -9.32993 15
      vertex -1.19736 -9.33832 14.4
      vertex -1.15508 -9.32993 14.4
    endloop
  endfacet
  facet normal 0.278323 -0.960488 0
    outer loop
      vertex -1.23784 -9.35005 14.4
      vertex -1.19736 -9.33832 15
      vertex -1.23784 -9.35005 15
    endloop
  endfacet
  facet normal 0.278323 -0.960488 0
    outer loop
      vertex -1.19736 -9.33832 15
      vertex -1.23784 -9.35005 14.4
      vertex -1.19736 -9.33832 14.4
    endloop
  endfacet
  facet normal 0.362992 -0.931792 0
    outer loop
      vertex -1.27655 -9.36513 14.4
      vertex -1.23784 -9.35005 15
      vertex -1.27655 -9.36513 15
    endloop
  endfacet
  facet normal 0.362992 -0.931792 0
    outer loop
      vertex -1.23784 -9.35005 15
      vertex -1.27655 -9.36513 14.4
      vertex -1.23784 -9.35005 14.4
    endloop
  endfacet
  facet normal 0.446729 -0.894669 0
    outer loop
      vertex -1.31346 -9.38356 14.4
      vertex -1.27655 -9.36513 15
      vertex -1.31346 -9.38356 15
    endloop
  endfacet
  facet normal 0.446729 -0.894669 0
    outer loop
      vertex -1.27655 -9.36513 15
      vertex -1.31346 -9.38356 14.4
      vertex -1.27655 -9.36513 14.4
    endloop
  endfacet
  facet normal 0.527104 -0.849801 0
    outer loop
      vertex -1.34859 -9.40535 14.4
      vertex -1.31346 -9.38356 15
      vertex -1.34859 -9.40535 15
    endloop
  endfacet
  facet normal 0.527104 -0.849801 0
    outer loop
      vertex -1.31346 -9.38356 15
      vertex -1.34859 -9.40535 14.4
      vertex -1.31346 -9.38356 14.4
    endloop
  endfacet
  facet normal 0.602105 -0.798417 0
    outer loop
      vertex -1.38194 -9.4305 14.4
      vertex -1.34859 -9.40535 15
      vertex -1.38194 -9.4305 15
    endloop
  endfacet
  facet normal 0.602105 -0.798417 0
    outer loop
      vertex -1.34859 -9.40535 15
      vertex -1.38194 -9.4305 14.4
      vertex -1.34859 -9.40535 14.4
    endloop
  endfacet
  facet normal 0.670081 -0.742288 0
    outer loop
      vertex -1.4135 -9.45899 14.4
      vertex -1.38194 -9.4305 15
      vertex -1.4135 -9.45899 15
    endloop
  endfacet
  facet normal 0.670081 -0.742288 0
    outer loop
      vertex -1.38194 -9.4305 15
      vertex -1.4135 -9.45899 14.4
      vertex -1.38194 -9.4305 14.4
    endloop
  endfacet
  facet normal 0.732942 -0.680291 0
    outer loop
      vertex -1.44283 -9.49059 15
      vertex -1.4135 -9.45899 14.4
      vertex -1.4135 -9.45899 15
    endloop
  endfacet
  facet normal 0.732942 -0.680291 0
    outer loop
      vertex -1.4135 -9.45899 14.4
      vertex -1.44283 -9.49059 15
      vertex -1.44283 -9.49059 14.4
    endloop
  endfacet
  facet normal 0.790612 -0.612317 0
    outer loop
      vertex -1.46948 -9.525 15
      vertex -1.44283 -9.49059 14.4
      vertex -1.44283 -9.49059 15
    endloop
  endfacet
  facet normal 0.790612 -0.612317 0
    outer loop
      vertex -1.44283 -9.49059 14.4
      vertex -1.46948 -9.525 15
      vertex -1.46948 -9.525 14.4
    endloop
  endfacet
  facet normal 0.840694 -0.54151 0
    outer loop
      vertex -1.49348 -9.56226 15
      vertex -1.46948 -9.525 14.4
      vertex -1.46948 -9.525 15
    endloop
  endfacet
  facet normal 0.840694 -0.54151 0
    outer loop
      vertex -1.46948 -9.525 14.4
      vertex -1.49348 -9.56226 15
      vertex -1.49348 -9.56226 14.4
    endloop
  endfacet
  facet normal 0.883053 -0.469273 0
    outer loop
      vertex -1.51479 -9.60236 15
      vertex -1.49348 -9.56226 14.4
      vertex -1.49348 -9.56226 15
    endloop
  endfacet
  facet normal 0.883053 -0.469273 0
    outer loop
      vertex -1.49348 -9.56226 14.4
      vertex -1.51479 -9.60236 15
      vertex -1.51479 -9.60236 14.4
    endloop
  endfacet
  facet normal 0.917301 -0.398195 0
    outer loop
      vertex -1.53343 -9.6453 15
      vertex -1.51479 -9.60236 14.4
      vertex -1.51479 -9.60236 15
    endloop
  endfacet
  facet normal 0.917301 -0.398195 0
    outer loop
      vertex -1.51479 -9.60236 14.4
      vertex -1.53343 -9.6453 15
      vertex -1.53343 -9.6453 14.4
    endloop
  endfacet
  facet normal 0.944025 -0.329873 0
    outer loop
      vertex -1.54942 -9.69106 15
      vertex -1.53343 -9.6453 14.4
      vertex -1.53343 -9.6453 15
    endloop
  endfacet
  facet normal 0.944025 -0.329873 0
    outer loop
      vertex -1.53343 -9.6453 14.4
      vertex -1.54942 -9.69106 15
      vertex -1.54942 -9.69106 14.4
    endloop
  endfacet
  facet normal 0.964484 -0.264142 0
    outer loop
      vertex -1.56273 -9.73966 15
      vertex -1.54942 -9.69106 14.4
      vertex -1.54942 -9.69106 15
    endloop
  endfacet
  facet normal 0.964484 -0.264142 0
    outer loop
      vertex -1.54942 -9.69106 14.4
      vertex -1.56273 -9.73966 15
      vertex -1.56273 -9.73966 14.4
    endloop
  endfacet
  facet normal 0.979316 -0.202335 0
    outer loop
      vertex -1.57336 -9.79111 15
      vertex -1.56273 -9.73966 14.4
      vertex -1.56273 -9.73966 15
    endloop
  endfacet
  facet normal 0.979316 -0.202335 0
    outer loop
      vertex -1.56273 -9.73966 14.4
      vertex -1.57336 -9.79111 15
      vertex -1.57336 -9.79111 14.4
    endloop
  endfacet
  facet normal 0.989365 -0.145452 0
    outer loop
      vertex -1.58134 -9.84539 15
      vertex -1.57336 -9.79111 14.4
      vertex -1.57336 -9.79111 15
    endloop
  endfacet
  facet normal 0.989365 -0.145452 0
    outer loop
      vertex -1.57336 -9.79111 14.4
      vertex -1.58134 -9.84539 15
      vertex -1.58134 -9.84539 14.4
    endloop
  endfacet
  facet normal -0.968482 -0.249085 0
    outer loop
      vertex -1.58134 -9.84539 14.4
      vertex -1.59198 -9.80402 15
      vertex -1.59198 -9.80402 14.4
    endloop
  endfacet
  facet normal -0.968482 -0.249085 0
    outer loop
      vertex -1.59198 -9.80402 15
      vertex -1.58134 -9.84539 14.4
      vertex -1.58134 -9.84539 15
    endloop
  endfacet
  facet normal -0.951317 -0.308214 0
    outer loop
      vertex -1.59198 -9.80402 14.4
      vertex -1.60469 -9.76479 15
      vertex -1.60469 -9.76479 14.4
    endloop
  endfacet
  facet normal -0.951317 -0.308214 0
    outer loop
      vertex -1.60469 -9.76479 15
      vertex -1.59198 -9.80402 14.4
      vertex -1.59198 -9.80402 15
    endloop
  endfacet
  facet normal -0.929114 -0.369793 0
    outer loop
      vertex -1.60469 -9.76479 14.4
      vertex -1.61946 -9.72768 15
      vertex -1.61946 -9.72768 14.4
    endloop
  endfacet
  facet normal -0.929114 -0.369793 0
    outer loop
      vertex -1.61946 -9.72768 15
      vertex -1.60469 -9.76479 14.4
      vertex -1.60469 -9.76479 15
    endloop
  endfacet
  facet normal -0.901028 -0.433761 0
    outer loop
      vertex -1.61946 -9.72768 14.4
      vertex -1.63629 -9.69272 15
      vertex -1.63629 -9.69272 14.4
    endloop
  endfacet
  facet normal -0.901028 -0.433761 0
    outer loop
      vertex -1.63629 -9.69272 15
      vertex -1.61946 -9.72768 14.4
      vertex -1.61946 -9.72768 15
    endloop
  endfacet
  facet normal -0.866695 -0.498838 0
    outer loop
      vertex -1.63629 -9.69272 14.4
      vertex -1.65518 -9.6599 15
      vertex -1.65518 -9.6599 14.4
    endloop
  endfacet
  facet normal -0.866695 -0.498838 0
    outer loop
      vertex -1.65518 -9.6599 15
      vertex -1.63629 -9.69272 14.4
      vertex -1.63629 -9.69272 15
    endloop
  endfacet
  facet normal -0.825492 -0.564414 0
    outer loop
      vertex -1.65518 -9.6599 14.4
      vertex -1.67615 -9.62923 15
      vertex -1.67615 -9.62923 14.4
    endloop
  endfacet
  facet normal -0.825492 -0.564414 0
    outer loop
      vertex -1.67615 -9.62923 15
      vertex -1.65518 -9.6599 14.4
      vertex -1.65518 -9.6599 15
    endloop
  endfacet
  facet normal -0.778602 -0.627518 0
    outer loop
      vertex -1.67615 -9.62923 14.4
      vertex -1.69916 -9.60068 15
      vertex -1.69916 -9.60068 14.4
    endloop
  endfacet
  facet normal -0.778602 -0.627518 0
    outer loop
      vertex -1.69916 -9.60068 15
      vertex -1.67615 -9.62923 14.4
      vertex -1.67615 -9.62923 15
    endloop
  endfacet
  facet normal -0.72513 -0.688612 0
    outer loop
      vertex -1.69916 -9.60068 14.4
      vertex -1.72424 -9.57427 15
      vertex -1.72424 -9.57427 14.4
    endloop
  endfacet
  facet normal -0.72513 -0.688612 0
    outer loop
      vertex -1.72424 -9.57427 15
      vertex -1.69916 -9.60068 14.4
      vertex -1.69916 -9.60068 15
    endloop
  endfacet
  facet normal -0.666474 -0.745528 0
    outer loop
      vertex -1.7514 -9.54999 14.4
      vertex -1.72424 -9.57427 15
      vertex -1.7514 -9.54999 15
    endloop
  endfacet
  facet normal -0.666474 -0.745528 -0
    outer loop
      vertex -1.72424 -9.57427 15
      vertex -1.7514 -9.54999 14.4
      vertex -1.72424 -9.57427 14.4
    endloop
  endfacet
  facet normal -0.604224 -0.796815 0
    outer loop
      vertex -1.78032 -9.52806 14.4
      vertex -1.7514 -9.54999 15
      vertex -1.78032 -9.52806 15
    endloop
  endfacet
  facet normal -0.604224 -0.796815 -0
    outer loop
      vertex -1.7514 -9.54999 15
      vertex -1.78032 -9.52806 14.4
      vertex -1.7514 -9.54999 14.4
    endloop
  endfacet
  facet normal -0.536822 -0.843696 0
    outer loop
      vertex -1.8107 -9.50873 14.4
      vertex -1.78032 -9.52806 15
      vertex -1.8107 -9.50873 15
    endloop
  endfacet
  facet normal -0.536822 -0.843696 -0
    outer loop
      vertex -1.78032 -9.52806 15
      vertex -1.8107 -9.50873 14.4
      vertex -1.78032 -9.52806 14.4
    endloop
  endfacet
  facet normal -0.465552 -0.885021 0
    outer loop
      vertex -1.84258 -9.49196 14.4
      vertex -1.8107 -9.50873 15
      vertex -1.84258 -9.49196 15
    endloop
  endfacet
  facet normal -0.465552 -0.885021 -0
    outer loop
      vertex -1.8107 -9.50873 15
      vertex -1.84258 -9.49196 14.4
      vertex -1.8107 -9.50873 14.4
    endloop
  endfacet
  facet normal -0.391351 -0.920241 0
    outer loop
      vertex -1.8759 -9.47779 14.4
      vertex -1.84258 -9.49196 15
      vertex -1.8759 -9.47779 15
    endloop
  endfacet
  facet normal -0.391351 -0.920241 -0
    outer loop
      vertex -1.84258 -9.49196 15
      vertex -1.8759 -9.47779 14.4
      vertex -1.84258 -9.49196 14.4
    endloop
  endfacet
  facet normal -0.316555 -0.948574 0
    outer loop
      vertex -1.91072 -9.46617 14.4
      vertex -1.8759 -9.47779 15
      vertex -1.91072 -9.46617 15
    endloop
  endfacet
  facet normal -0.316555 -0.948574 -0
    outer loop
      vertex -1.8759 -9.47779 15
      vertex -1.91072 -9.46617 14.4
      vertex -1.8759 -9.47779 14.4
    endloop
  endfacet
  facet normal -0.240962 -0.970535 0
    outer loop
      vertex -1.94701 -9.45716 14.4
      vertex -1.91072 -9.46617 15
      vertex -1.94701 -9.45716 15
    endloop
  endfacet
  facet normal -0.240962 -0.970535 -0
    outer loop
      vertex -1.91072 -9.46617 15
      vertex -1.94701 -9.45716 14.4
      vertex -1.91072 -9.46617 14.4
    endloop
  endfacet
  facet normal -0.168674 -0.985672 0
    outer loop
      vertex -1.98476 -9.4507 14.4
      vertex -1.94701 -9.45716 15
      vertex -1.98476 -9.4507 15
    endloop
  endfacet
  facet normal -0.168674 -0.985672 -0
    outer loop
      vertex -1.94701 -9.45716 15
      vertex -1.98476 -9.4507 14.4
      vertex -1.94701 -9.45716 14.4
    endloop
  endfacet
  facet normal -0.0979212 -0.995194 0
    outer loop
      vertex -2.02399 -9.44684 14.4
      vertex -1.98476 -9.4507 15
      vertex -2.02399 -9.44684 15
    endloop
  endfacet
  facet normal -0.0979212 -0.995194 -0
    outer loop
      vertex -1.98476 -9.4507 15
      vertex -2.02399 -9.44684 14.4
      vertex -1.98476 -9.4507 14.4
    endloop
  endfacet
  facet normal -0.0319169 -0.999491 0
    outer loop
      vertex -2.0647 -9.44554 14.4
      vertex -2.02399 -9.44684 15
      vertex -2.0647 -9.44554 15
    endloop
  endfacet
  facet normal -0.0319169 -0.999491 -0
    outer loop
      vertex -2.02399 -9.44684 15
      vertex -2.0647 -9.44554 14.4
      vertex -2.02399 -9.44684 14.4
    endloop
  endfacet
  facet normal 0.0850475 -0.996377 0
    outer loop
      vertex -2.17178 -9.45468 14.4
      vertex -2.0647 -9.44554 15
      vertex -2.17178 -9.45468 15
    endloop
  endfacet
  facet normal 0.0850475 -0.996377 0
    outer loop
      vertex -2.0647 -9.44554 15
      vertex -2.17178 -9.45468 14.4
      vertex -2.0647 -9.44554 14.4
    endloop
  endfacet
  facet normal 0.278599 -0.960408 0
    outer loop
      vertex -2.26627 -9.48209 14.4
      vertex -2.17178 -9.45468 15
      vertex -2.26627 -9.48209 15
    endloop
  endfacet
  facet normal 0.278599 -0.960408 0
    outer loop
      vertex -2.17178 -9.45468 15
      vertex -2.26627 -9.48209 14.4
      vertex -2.17178 -9.45468 14.4
    endloop
  endfacet
  facet normal 0.487154 -0.873316 0
    outer loop
      vertex -2.34816 -9.52777 14.4
      vertex -2.26627 -9.48209 15
      vertex -2.34816 -9.52777 15
    endloop
  endfacet
  facet normal 0.487154 -0.873316 0
    outer loop
      vertex -2.26627 -9.48209 15
      vertex -2.34816 -9.52777 14.4
      vertex -2.26627 -9.48209 14.4
    endloop
  endfacet
  facet normal 0.678223 -0.734856 0
    outer loop
      vertex -2.41745 -9.59172 14.4
      vertex -2.34816 -9.52777 15
      vertex -2.41745 -9.59172 15
    endloop
  endfacet
  facet normal 0.678223 -0.734856 0
    outer loop
      vertex -2.34816 -9.52777 15
      vertex -2.41745 -9.59172 14.4
      vertex -2.34816 -9.52777 14.4
    endloop
  endfacet
  facet normal 0.823276 -0.567642 0
    outer loop
      vertex -2.47414 -9.67394 15
      vertex -2.41745 -9.59172 14.4
      vertex -2.41745 -9.59172 15
    endloop
  endfacet
  facet normal 0.823276 -0.567642 0
    outer loop
      vertex -2.41745 -9.59172 14.4
      vertex -2.47414 -9.67394 15
      vertex -2.47414 -9.67394 14.4
    endloop
  endfacet
  facet normal 0.915736 -0.401779 0
    outer loop
      vertex -2.51823 -9.77443 15
      vertex -2.47414 -9.67394 14.4
      vertex -2.47414 -9.67394 15
    endloop
  endfacet
  facet normal 0.915736 -0.401779 0
    outer loop
      vertex -2.47414 -9.67394 14.4
      vertex -2.51823 -9.77443 15
      vertex -2.51823 -9.77443 14.4
    endloop
  endfacet
  facet normal 0.966577 -0.256376 0
    outer loop
      vertex -2.54973 -9.89319 15
      vertex -2.51823 -9.77443 14.4
      vertex -2.51823 -9.77443 15
    endloop
  endfacet
  facet normal 0.966577 -0.256376 0
    outer loop
      vertex -2.51823 -9.77443 14.4
      vertex -2.54973 -9.89319 15
      vertex -2.54973 -9.89319 14.4
    endloop
  endfacet
  facet normal 0.990629 -0.136581 0
    outer loop
      vertex -2.56862 -10.0302 15
      vertex -2.54973 -9.89319 14.4
      vertex -2.54973 -9.89319 15
    endloop
  endfacet
  facet normal 0.990629 -0.136581 0
    outer loop
      vertex -2.54973 -9.89319 14.4
      vertex -2.56862 -10.0302 15
      vertex -2.56862 -10.0302 14.4
    endloop
  endfacet
  facet normal 0.999178 -0.0405333 0
    outer loop
      vertex -2.57492 -10.1855 15
      vertex -2.56862 -10.0302 14.4
      vertex -2.56862 -10.0302 15
    endloop
  endfacet
  facet normal 0.999178 -0.0405333 0
    outer loop
      vertex -2.56862 -10.0302 14.4
      vertex -2.57492 -10.1855 15
      vertex -2.57492 -10.1855 14.4
    endloop
  endfacet
  facet normal 1 -0 0
    outer loop
      vertex -2.57492 -10.9494 15
      vertex -2.57492 -10.1855 14.4
      vertex -2.57492 -10.1855 15
    endloop
  endfacet
  facet normal 1 0 0
    outer loop
      vertex -2.57492 -10.1855 14.4
      vertex -2.57492 -10.9494 15
      vertex -2.57492 -10.9494 14.4
    endloop
  endfacet
  facet normal 0 1 -0
    outer loop
      vertex -0.472885 -10.9494 14.4
      vertex -2.57492 -10.9494 15
      vertex -0.472885 -10.9494 15
    endloop
  endfacet
  facet normal 0 1 0
    outer loop
      vertex -2.57492 -10.9494 15
      vertex -0.472885 -10.9494 14.4
      vertex -2.57492 -10.9494 14.4
    endloop
  endfacet
  facet normal -1 0 0
    outer loop
      vertex -0.472885 -10.9494 14.4
      vertex -0.472885 -10.096 15
      vertex -0.472885 -10.096 14.4
    endloop
  endfacet
  facet normal -1 -0 0
    outer loop
      vertex -0.472885 -10.096 15
      vertex -0.472885 -10.9494 14.4
      vertex -0.472885 -10.9494 15
    endloop
  endfacet
  facet normal -0.999703 -0.0243654 0
    outer loop
      vertex -0.472885 -10.096 14.4
      vertex -0.474808 -10.0171 15
      vertex -0.474808 -10.0171 14.4
    endloop
  endfacet
  facet normal -0.999703 -0.0243654 0
    outer loop
      vertex -0.474808 -10.0171 15
      vertex -0.472885 -10.096 14.4
      vertex -0.472885 -10.096 15
    endloop
  endfacet
  facet normal 0 -1 0
    outer loop
      vertex -2.34668 -10.6644 14.4
      vertex -1.68129 -10.6644 15
      vertex -2.34668 -10.6644 15
    endloop
  endfacet
  facet normal 0 -1 -0
    outer loop
      vertex -1.68129 -10.6644 15
      vertex -2.34668 -10.6644 14.4
      vertex -1.68129 -10.6644 14.4
    endloop
  endfacet
  facet normal -1 0 0
    outer loop
      vertex -2.34668 -10.6644 14.4
      vertex -2.34668 -10.1855 15
      vertex -2.34668 -10.1855 14.4
    endloop
  endfacet
  facet normal -1 -0 0
    outer loop
      vertex -2.34668 -10.1855 15
      vertex -2.34668 -10.6644 14.4
      vertex -2.34668 -10.6644 15
    endloop
  endfacet
  facet normal -0.999815 0.0192433 0
    outer loop
      vertex -2.34668 -10.1855 14.4
      vertex -2.34576 -10.1377 15
      vertex -2.34576 -10.1377 14.4
    endloop
  endfacet
  facet normal -0.999815 0.0192433 0
    outer loop
      vertex -2.34576 -10.1377 15
      vertex -2.34668 -10.1855 14.4
      vertex -2.34668 -10.1855 15
    endloop
  endfacet
  facet normal -0.998221 0.0596282 0
    outer loop
      vertex -2.34576 -10.1377 14.4
      vertex -2.34306 -10.0925 15
      vertex -2.34306 -10.0925 14.4
    endloop
  endfacet
  facet normal -0.998221 0.0596282 0
    outer loop
      vertex -2.34306 -10.0925 15
      vertex -2.34576 -10.1377 14.4
      vertex -2.34576 -10.1377 15
    endloop
  endfacet
  facet normal -0.994443 0.10528 0
    outer loop
      vertex -2.34306 -10.0925 14.4
      vertex -2.33855 -10.0499 15
      vertex -2.33855 -10.0499 14.4
    endloop
  endfacet
  facet normal -0.994443 0.10528 0
    outer loop
      vertex -2.33855 -10.0499 15
      vertex -2.34306 -10.0925 14.4
      vertex -2.34306 -10.0925 15
    endloop
  endfacet
  facet normal -0.987747 0.156064 0
    outer loop
      vertex -2.33855 -10.0499 14.4
      vertex -2.33223 -10.0099 15
      vertex -2.33223 -10.0099 14.4
    endloop
  endfacet
  facet normal -0.987747 0.156064 0
    outer loop
      vertex -2.33223 -10.0099 15
      vertex -2.33855 -10.0499 14.4
      vertex -2.33855 -10.0499 15
    endloop
  endfacet
  facet normal -0.977315 0.211791 0
    outer loop
      vertex -2.33223 -10.0099 14.4
      vertex -2.32411 -9.97243 15
      vertex -2.32411 -9.97243 14.4
    endloop
  endfacet
  facet normal -0.977315 0.211791 0
    outer loop
      vertex -2.32411 -9.97243 15
      vertex -2.33223 -10.0099 14.4
      vertex -2.33223 -10.0099 15
    endloop
  endfacet
  facet normal -0.961784 0.273811 0
    outer loop
      vertex -2.32411 -9.97243 14.4
      vertex -2.31418 -9.93755 15
      vertex -2.31418 -9.93755 14.4
    endloop
  endfacet
  facet normal -0.961784 0.273811 0
    outer loop
      vertex -2.31418 -9.93755 15
      vertex -2.32411 -9.97243 14.4
      vertex -2.32411 -9.97243 15
    endloop
  endfacet
  facet normal -0.939844 0.341603 0
    outer loop
      vertex -2.31418 -9.93755 14.4
      vertex -2.30244 -9.90525 15
      vertex -2.30244 -9.90525 14.4
    endloop
  endfacet
  facet normal -0.939844 0.341603 0
    outer loop
      vertex -2.30244 -9.90525 15
      vertex -2.31418 -9.93755 14.4
      vertex -2.31418 -9.93755 15
    endloop
  endfacet
  facet normal -0.910178 0.414218 0
    outer loop
      vertex -2.30244 -9.90525 14.4
      vertex -2.28891 -9.87552 15
      vertex -2.28891 -9.87552 14.4
    endloop
  endfacet
  facet normal -0.910178 0.414218 0
    outer loop
      vertex -2.28891 -9.87552 15
      vertex -2.30244 -9.90525 14.4
      vertex -2.30244 -9.90525 15
    endloop
  endfacet
  facet normal -0.870563 0.492057 0
    outer loop
      vertex -2.28891 -9.87552 14.4
      vertex -2.27357 -9.84838 15
      vertex -2.27357 -9.84838 14.4
    endloop
  endfacet
  facet normal -0.870563 0.492057 0
    outer loop
      vertex -2.27357 -9.84838 15
      vertex -2.28891 -9.87552 14.4
      vertex -2.28891 -9.87552 15
    endloop
  endfacet
  facet normal -0.813733 0.581238 0
    outer loop
      vertex -2.27357 -9.84838 14.4
      vertex -2.25612 -9.82395 15
      vertex -2.25612 -9.82395 14.4
    endloop
  endfacet
  facet normal -0.813733 0.581238 0
    outer loop
      vertex -2.25612 -9.82395 15
      vertex -2.27357 -9.84838 14.4
      vertex -2.27357 -9.84838 15
    endloop
  endfacet
  facet normal -0.735693 0.677315 0
    outer loop
      vertex -2.25612 -9.82395 14.4
      vertex -2.23628 -9.8024 15
      vertex -2.23628 -9.8024 14.4
    endloop
  endfacet
  facet normal -0.735693 0.677315 0
    outer loop
      vertex -2.23628 -9.8024 15
      vertex -2.25612 -9.82395 14.4
      vertex -2.25612 -9.82395 15
    endloop
  endfacet
  facet normal -0.643531 0.76542 0
    outer loop
      vertex -2.21405 -9.78371 14.4
      vertex -2.23628 -9.8024 15
      vertex -2.21405 -9.78371 15
    endloop
  endfacet
  facet normal -0.643531 0.76542 0
    outer loop
      vertex -2.23628 -9.8024 15
      vertex -2.21405 -9.78371 14.4
      vertex -2.23628 -9.8024 14.4
    endloop
  endfacet
  facet normal -0.539703 0.841855 0
    outer loop
      vertex -2.18942 -9.76792 14.4
      vertex -2.21405 -9.78371 15
      vertex -2.18942 -9.76792 15
    endloop
  endfacet
  facet normal -0.539703 0.841855 0
    outer loop
      vertex -2.21405 -9.78371 15
      vertex -2.18942 -9.76792 14.4
      vertex -2.21405 -9.78371 14.4
    endloop
  endfacet
  facet normal -0.432058 0.901846 0
    outer loop
      vertex -2.16241 -9.75498 14.4
      vertex -2.18942 -9.76792 15
      vertex -2.16241 -9.75498 15
    endloop
  endfacet
  facet normal -0.432058 0.901846 0
    outer loop
      vertex -2.18942 -9.76792 15
      vertex -2.16241 -9.75498 14.4
      vertex -2.18942 -9.76792 14.4
    endloop
  endfacet
  facet normal -0.32365 0.946177 0
    outer loop
      vertex -2.133 -9.74492 14.4
      vertex -2.16241 -9.75498 15
      vertex -2.133 -9.74492 15
    endloop
  endfacet
  facet normal -0.32365 0.946177 0
    outer loop
      vertex -2.16241 -9.75498 15
      vertex -2.133 -9.74492 14.4
      vertex -2.16241 -9.75498 14.4
    endloop
  endfacet
  facet normal -0.220402 0.975409 0
    outer loop
      vertex -2.10118 -9.73773 14.4
      vertex -2.133 -9.74492 15
      vertex -2.10118 -9.73773 15
    endloop
  endfacet
  facet normal -0.220402 0.975409 0
    outer loop
      vertex -2.133 -9.74492 15
      vertex -2.10118 -9.73773 14.4
      vertex -2.133 -9.74492 14.4
    endloop
  endfacet
  facet normal -0.124713 0.992193 0
    outer loop
      vertex -2.06697 -9.73343 14.4
      vertex -2.10118 -9.73773 15
      vertex -2.06697 -9.73343 15
    endloop
  endfacet
  facet normal -0.124713 0.992193 0
    outer loop
      vertex -2.10118 -9.73773 15
      vertex -2.06697 -9.73343 14.4
      vertex -2.10118 -9.73773 14.4
    endloop
  endfacet
  facet normal -0.0390519 0.999237 0
    outer loop
      vertex -2.03038 -9.732 14.4
      vertex -2.06697 -9.73343 15
      vertex -2.03038 -9.732 15
    endloop
  endfacet
  facet normal -0.0390519 0.999237 0
    outer loop
      vertex -2.06697 -9.73343 15
      vertex -2.03038 -9.732 14.4
      vertex -2.06697 -9.73343 14.4
    endloop
  endfacet
  facet normal 0.0362591 0.999342 -0
    outer loop
      vertex -1.99207 -9.73339 14.4
      vertex -2.03038 -9.732 15
      vertex -1.99207 -9.73339 15
    endloop
  endfacet
  facet normal 0.0362591 0.999342 0
    outer loop
      vertex -2.03038 -9.732 15
      vertex -1.99207 -9.73339 14.4
      vertex -2.03038 -9.732 14.4
    endloop
  endfacet
  facet normal 0.114603 0.993411 -0
    outer loop
      vertex -1.95601 -9.73755 14.4
      vertex -1.99207 -9.73339 15
      vertex -1.95601 -9.73755 15
    endloop
  endfacet
  facet normal 0.114603 0.993411 0
    outer loop
      vertex -1.99207 -9.73339 15
      vertex -1.95601 -9.73755 14.4
      vertex -1.99207 -9.73339 14.4
    endloop
  endfacet
  facet normal 0.2018 0.979427 -0
    outer loop
      vertex -1.92223 -9.74451 14.4
      vertex -1.95601 -9.73755 15
      vertex -1.92223 -9.74451 15
    endloop
  endfacet
  facet normal 0.2018 0.979427 0
    outer loop
      vertex -1.95601 -9.73755 15
      vertex -1.92223 -9.74451 14.4
      vertex -1.95601 -9.73755 14.4
    endloop
  endfacet
  facet normal 0.294874 0.955536 -0
    outer loop
      vertex -1.8907 -9.75424 14.4
      vertex -1.92223 -9.74451 15
      vertex -1.8907 -9.75424 15
    endloop
  endfacet
  facet normal 0.294874 0.955536 0
    outer loop
      vertex -1.92223 -9.74451 15
      vertex -1.8907 -9.75424 14.4
      vertex -1.92223 -9.74451 14.4
    endloop
  endfacet
  facet normal 0.393502 0.919324 -0
    outer loop
      vertex -1.86145 -9.76676 14.4
      vertex -1.8907 -9.75424 15
      vertex -1.86145 -9.76676 15
    endloop
  endfacet
  facet normal 0.393502 0.919324 0
    outer loop
      vertex -1.8907 -9.75424 15
      vertex -1.86145 -9.76676 14.4
      vertex -1.8907 -9.75424 14.4
    endloop
  endfacet
  facet normal 0.492907 0.870082 -0
    outer loop
      vertex -1.83446 -9.78205 14.4
      vertex -1.86145 -9.76676 15
      vertex -1.83446 -9.78205 15
    endloop
  endfacet
  facet normal 0.492907 0.870082 0
    outer loop
      vertex -1.86145 -9.76676 15
      vertex -1.83446 -9.78205 14.4
      vertex -1.86145 -9.76676 14.4
    endloop
  endfacet
  facet normal 0.590033 0.807379 -0
    outer loop
      vertex -1.80972 -9.80013 14.4
      vertex -1.83446 -9.78205 15
      vertex -1.80972 -9.80013 15
    endloop
  endfacet
  facet normal 0.590033 0.807379 0
    outer loop
      vertex -1.83446 -9.78205 15
      vertex -1.80972 -9.80013 14.4
      vertex -1.83446 -9.78205 14.4
    endloop
  endfacet
  facet normal 0.680526 0.732724 -0
    outer loop
      vertex -1.78726 -9.82099 14.4
      vertex -1.80972 -9.80013 15
      vertex -1.78726 -9.82099 15
    endloop
  endfacet
  facet normal 0.680526 0.732724 0
    outer loop
      vertex -1.80972 -9.80013 15
      vertex -1.78726 -9.82099 14.4
      vertex -1.80972 -9.80013 14.4
    endloop
  endfacet
  facet normal 0.76039 0.649466 0
    outer loop
      vertex -1.76706 -9.84464 15
      vertex -1.78726 -9.82099 14.4
      vertex -1.78726 -9.82099 15
    endloop
  endfacet
  facet normal 0.76039 0.649466 0
    outer loop
      vertex -1.78726 -9.82099 14.4
      vertex -1.76706 -9.84464 15
      vertex -1.76706 -9.84464 14.4
    endloop
  endfacet
  facet normal 0.826677 0.562677 0
    outer loop
      vertex -1.74905 -9.8711 15
      vertex -1.76706 -9.84464 14.4
      vertex -1.76706 -9.84464 15
    endloop
  endfacet
  facet normal 0.826677 0.562677 0
    outer loop
      vertex -1.76706 -9.84464 14.4
      vertex -1.74905 -9.8711 15
      vertex -1.74905 -9.8711 14.4
    endloop
  endfacet
  facet normal 0.879245 0.47637 0
    outer loop
      vertex -1.73317 -9.90041 15
      vertex -1.74905 -9.8711 14.4
      vertex -1.74905 -9.8711 15
    endloop
  endfacet
  facet normal 0.879245 0.47637 0
    outer loop
      vertex -1.74905 -9.8711 14.4
      vertex -1.73317 -9.90041 15
      vertex -1.73317 -9.90041 14.4
    endloop
  endfacet
  facet normal 0.919381 0.393367 0
    outer loop
      vertex -1.71941 -9.93257 15
      vertex -1.73317 -9.90041 14.4
      vertex -1.73317 -9.90041 15
    endloop
  endfacet
  facet normal 0.919381 0.393367 0
    outer loop
      vertex -1.73317 -9.90041 14.4
      vertex -1.71941 -9.93257 15
      vertex -1.71941 -9.93257 14.4
    endloop
  endfacet
  facet normal 0.948873 0.315659 0
    outer loop
      vertex -1.70776 -9.96759 15
      vertex -1.71941 -9.93257 14.4
      vertex -1.71941 -9.93257 15
    endloop
  endfacet
  facet normal 0.948873 0.315659 0
    outer loop
      vertex -1.71941 -9.93257 14.4
      vertex -1.70776 -9.96759 15
      vertex -1.70776 -9.96759 14.4
    endloop
  endfacet
  facet normal 0.969826 0.243799 0
    outer loop
      vertex -1.69823 -10.0055 15
      vertex -1.70776 -9.96759 14.4
      vertex -1.70776 -9.96759 15
    endloop
  endfacet
  facet normal 0.969826 0.243799 0
    outer loop
      vertex -1.70776 -9.96759 14.4
      vertex -1.69823 -10.0055 15
      vertex -1.69823 -10.0055 14.4
    endloop
  endfacet
  facet normal 0.983785 0.179353 0
    outer loop
      vertex -1.69081 -10.0462 15
      vertex -1.69823 -10.0055 14.4
      vertex -1.69823 -10.0055 15
    endloop
  endfacet
  facet normal 0.983785 0.179353 0
    outer loop
      vertex -1.69823 -10.0055 14.4
      vertex -1.69081 -10.0462 15
      vertex -1.69081 -10.0462 14.4
    endloop
  endfacet
  facet normal 0.99272 0.120447 0
    outer loop
      vertex -1.68552 -10.0898 15
      vertex -1.69081 -10.0462 14.4
      vertex -1.69081 -10.0462 15
    endloop
  endfacet
  facet normal 0.99272 0.120447 0
    outer loop
      vertex -1.69081 -10.0462 14.4
      vertex -1.68552 -10.0898 15
      vertex -1.68552 -10.0898 14.4
    endloop
  endfacet
  facet normal 0.99766 0.0683741 0
    outer loop
      vertex -1.68234 -10.1362 15
      vertex -1.68552 -10.0898 14.4
      vertex -1.68552 -10.0898 15
    endloop
  endfacet
  facet normal 0.99766 0.0683741 0
    outer loop
      vertex -1.68552 -10.0898 14.4
      vertex -1.68234 -10.1362 15
      vertex -1.68234 -10.1362 14.4
    endloop
  endfacet
  facet normal 0.999773 0.0212933 0
    outer loop
      vertex -1.68129 -10.1855 15
      vertex -1.68234 -10.1362 14.4
      vertex -1.68234 -10.1362 15
    endloop
  endfacet
  facet normal 0.999773 0.0212933 0
    outer loop
      vertex -1.68234 -10.1362 14.4
      vertex -1.68129 -10.1855 15
      vertex -1.68129 -10.1855 14.4
    endloop
  endfacet
  facet normal 1 -0 0
    outer loop
      vertex -1.68129 -10.6644 15
      vertex -1.68129 -10.1855 14.4
      vertex -1.68129 -10.1855 15
    endloop
  endfacet
  facet normal 1 0 0
    outer loop
      vertex -1.68129 -10.1855 14.4
      vertex -1.68129 -10.6644 15
      vertex -1.68129 -10.6644 14.4
    endloop
  endfacet
  facet normal 0 -1 0
    outer loop
      vertex -1.45901 -10.6644 14.4
      vertex -0.701126 -10.6644 15
      vertex -1.45901 -10.6644 15
    endloop
  endfacet
  facet normal 0 -1 -0
    outer loop
      vertex -0.701126 -10.6644 15
      vertex -1.45901 -10.6644 14.4
      vertex -0.701126 -10.6644 14.4
    endloop
  endfacet
  facet normal -1 0 0
    outer loop
      vertex -1.45901 -10.6644 14.4
      vertex -1.45901 -10.1333 15
      vertex -1.45901 -10.1333 14.4
    endloop
  endfacet
  facet normal -1 -0 0
    outer loop
      vertex -1.45901 -10.1333 15
      vertex -1.45901 -10.6644 14.4
      vertex -1.45901 -10.6644 15
    endloop
  endfacet
  facet normal -0.999124 0.0418429 0
    outer loop
      vertex -1.45901 -10.1333 14.4
      vertex -1.45442 -10.0237 15
      vertex -1.45442 -10.0237 14.4
    endloop
  endfacet
  facet normal -0.999124 0.0418429 0
    outer loop
      vertex -1.45442 -10.0237 15
      vertex -1.45901 -10.1333 14.4
      vertex -1.45901 -10.1333 15
    endloop
  endfacet
  facet normal -0.990033 0.140833 0
    outer loop
      vertex -1.45442 -10.0237 14.4
      vertex -1.44067 -9.92704 15
      vertex -1.44067 -9.92704 14.4
    endloop
  endfacet
  facet normal -0.990033 0.140833 0
    outer loop
      vertex -1.44067 -9.92704 15
      vertex -1.45442 -10.0237 14.4
      vertex -1.45442 -10.0237 15
    endloop
  endfacet
  facet normal -0.964551 0.263896 0
    outer loop
      vertex -1.44067 -9.92704 14.4
      vertex -1.41774 -9.84323 15
      vertex -1.41774 -9.84323 14.4
    endloop
  endfacet
  facet normal -0.964551 0.263896 0
    outer loop
      vertex -1.41774 -9.84323 15
      vertex -1.44067 -9.92704 14.4
      vertex -1.44067 -9.92704 15
    endloop
  endfacet
  facet normal -0.910982 0.412447 0
    outer loop
      vertex -1.41774 -9.84323 14.4
      vertex -1.38564 -9.77233 15
      vertex -1.38564 -9.77233 14.4
    endloop
  endfacet
  facet normal -0.910982 0.412447 0
    outer loop
      vertex -1.38564 -9.77233 15
      vertex -1.41774 -9.84323 14.4
      vertex -1.41774 -9.84323 15
    endloop
  endfacet
  facet normal -0.814814 0.579723 0
    outer loop
      vertex -1.38564 -9.77233 14.4
      vertex -1.34436 -9.71431 15
      vertex -1.34436 -9.71431 14.4
    endloop
  endfacet
  facet normal -0.814814 0.579723 0
    outer loop
      vertex -1.34436 -9.71431 15
      vertex -1.38564 -9.77233 14.4
      vertex -1.38564 -9.77233 15
    endloop
  endfacet
  facet normal -0.666717 0.745311 0
    outer loop
      vertex -1.29391 -9.66918 14.4
      vertex -1.34436 -9.71431 15
      vertex -1.29391 -9.66918 15
    endloop
  endfacet
  facet normal -0.666717 0.745311 0
    outer loop
      vertex -1.34436 -9.71431 15
      vertex -1.29391 -9.66918 14.4
      vertex -1.34436 -9.71431 14.4
    endloop
  endfacet
  facet normal -0.475613 0.879655 0
    outer loop
      vertex -1.2343 -9.63695 14.4
      vertex -1.29391 -9.66918 15
      vertex -1.2343 -9.63695 15
    endloop
  endfacet
  facet normal -0.475613 0.879655 0
    outer loop
      vertex -1.29391 -9.66918 15
      vertex -1.2343 -9.63695 14.4
      vertex -1.29391 -9.66918 14.4
    endloop
  endfacet
  facet normal -0.270486 0.962724 0
    outer loop
      vertex -1.1655 -9.61762 14.4
      vertex -1.2343 -9.63695 15
      vertex -1.1655 -9.61762 15
    endloop
  endfacet
  facet normal -0.270486 0.962724 0
    outer loop
      vertex -1.2343 -9.63695 15
      vertex -1.1655 -9.61762 14.4
      vertex -1.2343 -9.63695 14.4
    endloop
  endfacet
  facet normal -0.08258 0.996584 0
    outer loop
      vertex -1.08754 -9.61116 14.4
      vertex -1.1655 -9.61762 15
      vertex -1.08754 -9.61116 15
    endloop
  endfacet
  facet normal -0.08258 0.996584 0
    outer loop
      vertex -1.1655 -9.61762 15
      vertex -1.08754 -9.61116 14.4
      vertex -1.1655 -9.61762 14.4
    endloop
  endfacet
  facet normal 0.0355544 0.999368 -0
    outer loop
      vertex -1.04594 -9.61264 14.4
      vertex -1.08754 -9.61116 15
      vertex -1.04594 -9.61264 15
    endloop
  endfacet
  facet normal 0.0355544 0.999368 0
    outer loop
      vertex -1.08754 -9.61116 15
      vertex -1.04594 -9.61264 14.4
      vertex -1.08754 -9.61116 14.4
    endloop
  endfacet
  facet normal 0.112211 0.993684 -0
    outer loop
      vertex -1.00671 -9.61707 14.4
      vertex -1.04594 -9.61264 15
      vertex -1.00671 -9.61707 15
    endloop
  endfacet
  facet normal 0.112211 0.993684 0
    outer loop
      vertex -1.04594 -9.61264 15
      vertex -1.00671 -9.61707 14.4
      vertex -1.04594 -9.61264 14.4
    endloop
  endfacet
  facet normal 0.195548 0.980694 -0
    outer loop
      vertex -0.969849 -9.62442 14.4
      vertex -1.00671 -9.61707 15
      vertex -0.969849 -9.62442 15
    endloop
  endfacet
  facet normal 0.195548 0.980694 0
    outer loop
      vertex -1.00671 -9.61707 15
      vertex -0.969849 -9.62442 14.4
      vertex -1.00671 -9.61707 14.4
    endloop
  endfacet
  facet normal 0.286462 0.958092 -0
    outer loop
      vertex -0.935333 -9.63474 14.4
      vertex -0.969849 -9.62442 15
      vertex -0.935333 -9.63474 15
    endloop
  endfacet
  facet normal 0.286462 0.958092 0
    outer loop
      vertex -0.969849 -9.62442 15
      vertex -0.935333 -9.63474 14.4
      vertex -0.969849 -9.62442 14.4
    endloop
  endfacet
  facet normal 0.381133 0.92452 -0
    outer loop
      vertex -0.903168 -9.648 14.4
      vertex -0.935333 -9.63474 15
      vertex -0.903168 -9.648 15
    endloop
  endfacet
  facet normal 0.381133 0.92452 0
    outer loop
      vertex -0.935333 -9.63474 15
      vertex -0.903168 -9.648 14.4
      vertex -0.935333 -9.63474 14.4
    endloop
  endfacet
  facet normal 0.478055 0.87833 -0
    outer loop
      vertex -0.873367 -9.66422 14.4
      vertex -0.903168 -9.648 15
      vertex -0.873367 -9.66422 15
    endloop
  endfacet
  facet normal 0.478055 0.87833 0
    outer loop
      vertex -0.903168 -9.648 15
      vertex -0.873367 -9.66422 14.4
      vertex -0.903168 -9.648 14.4
    endloop
  endfacet
  facet normal 0.572158 0.820143 -0
    outer loop
      vertex -0.845917 -9.68337 14.4
      vertex -0.873367 -9.66422 15
      vertex -0.845917 -9.68337 15
    endloop
  endfacet
  facet normal 0.572158 0.820143 0
    outer loop
      vertex -0.873367 -9.66422 15
      vertex -0.845917 -9.68337 14.4
      vertex -0.873367 -9.66422 14.4
    endloop
  endfacet
  facet normal 0.660869 0.750501 -0
    outer loop
      vertex -0.820831 -9.70546 14.4
      vertex -0.845917 -9.68337 15
      vertex -0.820831 -9.70546 15
    endloop
  endfacet
  facet normal 0.660869 0.750501 0
    outer loop
      vertex -0.845917 -9.68337 15
      vertex -0.820831 -9.70546 14.4
      vertex -0.845917 -9.68337 14.4
    endloop
  endfacet
  facet normal 0.740849 0.671672 0
    outer loop
      vertex -0.798111 -9.73052 15
      vertex -0.820831 -9.70546 14.4
      vertex -0.820831 -9.70546 15
    endloop
  endfacet
  facet normal 0.740849 0.671672 0
    outer loop
      vertex -0.820831 -9.70546 14.4
      vertex -0.798111 -9.73052 15
      vertex -0.798111 -9.73052 14.4
    endloop
  endfacet
  facet normal 0.811526 0.584316 0
    outer loop
      vertex -0.777756 -9.75879 15
      vertex -0.798111 -9.73052 14.4
      vertex -0.798111 -9.73052 15
    endloop
  endfacet
  facet normal 0.811526 0.584316 0
    outer loop
      vertex -0.798111 -9.73052 14.4
      vertex -0.777756 -9.75879 15
      vertex -0.777756 -9.75879 14.4
    endloop
  endfacet
  facet normal 0.870527 0.49212 0
    outer loop
      vertex -0.759796 -9.79056 15
      vertex -0.777756 -9.75879 14.4
      vertex -0.777756 -9.75879 15
    endloop
  endfacet
  facet normal 0.870527 0.49212 0
    outer loop
      vertex -0.777756 -9.75879 14.4
      vertex -0.759796 -9.79056 15
      vertex -0.759796 -9.79056 14.4
    endloop
  endfacet
  facet normal 0.91484 0.403817 0
    outer loop
      vertex -0.744232 -9.82582 15
      vertex -0.759796 -9.79056 14.4
      vertex -0.759796 -9.79056 15
    endloop
  endfacet
  facet normal 0.91484 0.403817 0
    outer loop
      vertex -0.759796 -9.79056 14.4
      vertex -0.744232 -9.82582 15
      vertex -0.744232 -9.82582 14.4
    endloop
  endfacet
  facet normal 0.946901 0.321526 0
    outer loop
      vertex -0.731064 -9.8646 15
      vertex -0.744232 -9.82582 14.4
      vertex -0.744232 -9.82582 15
    endloop
  endfacet
  facet normal 0.946901 0.321526 0
    outer loop
      vertex -0.744232 -9.82582 14.4
      vertex -0.731064 -9.8646 15
      vertex -0.731064 -9.8646 14.4
    endloop
  endfacet
  facet normal 0.96901 0.247022 0
    outer loop
      vertex -0.720291 -9.90686 15
      vertex -0.731064 -9.8646 14.4
      vertex -0.731064 -9.8646 15
    endloop
  endfacet
  facet normal 0.96901 0.247022 0
    outer loop
      vertex -0.731064 -9.8646 14.4
      vertex -0.720291 -9.90686 15
      vertex -0.720291 -9.90686 14.4
    endloop
  endfacet
  facet normal 0.983667 0.179995 0
    outer loop
      vertex -0.711914 -9.95264 15
      vertex -0.720291 -9.90686 14.4
      vertex -0.720291 -9.90686 15
    endloop
  endfacet
  facet normal 0.983667 0.179995 0
    outer loop
      vertex -0.720291 -9.90686 14.4
      vertex -0.711914 -9.95264 15
      vertex -0.711914 -9.95264 14.4
    endloop
  endfacet
  facet normal 0.992671 0.12085 0
    outer loop
      vertex -0.705917 -10.0019 15
      vertex -0.711914 -9.95264 14.4
      vertex -0.711914 -9.95264 15
    endloop
  endfacet
  facet normal 0.992671 0.12085 0
    outer loop
      vertex -0.711914 -9.95264 14.4
      vertex -0.705917 -10.0019 15
      vertex -0.705917 -10.0019 14.4
    endloop
  endfacet
  facet normal 0.997703 0.0677418 0
    outer loop
      vertex -0.702332 -10.0547 15
      vertex -0.705917 -10.0019 14.4
      vertex -0.705917 -10.0019 15
    endloop
  endfacet
  facet normal 0.997703 0.0677418 0
    outer loop
      vertex -0.705917 -10.0019 14.4
      vertex -0.702332 -10.0547 15
      vertex -0.702332 -10.0547 14.4
    endloop
  endfacet
  facet normal 0.99977 0.0214541 0
    outer loop
      vertex -0.701126 -10.1109 15
      vertex -0.702332 -10.0547 14.4
      vertex -0.702332 -10.0547 15
    endloop
  endfacet
  facet normal 0.99977 0.0214541 0
    outer loop
      vertex -0.702332 -10.0547 14.4
      vertex -0.701126 -10.1109 15
      vertex -0.701126 -10.1109 14.4
    endloop
  endfacet
  facet normal 1 -0 0
    outer loop
      vertex -0.701126 -10.6644 15
      vertex -0.701126 -10.1109 14.4
      vertex -0.701126 -10.1109 15
    endloop
  endfacet
  facet normal 1 0 0
    outer loop
      vertex -0.701126 -10.1109 14.4
      vertex -0.701126 -10.6644 15
      vertex -0.701126 -10.6644 14.4
    endloop
  endfacet
  facet normal -1 0 0
    outer loop
      vertex -1.08754 -8.66669 14.4
      vertex -1.08754 -7.70893 15
      vertex -1.08754 -7.70893 14.4
    endloop
  endfacet
  facet normal -1 -0 0
    outer loop
      vertex -1.08754 -7.70893 15
      vertex -1.08754 -8.66669 14.4
      vertex -1.08754 -8.66669 15
    endloop
  endfacet
  facet normal -0.363996 0.931401 0
    outer loop
      vertex -0.472885 -7.46872 14.4
      vertex -1.08754 -7.70893 15
      vertex -0.472885 -7.46872 15
    endloop
  endfacet
  facet normal -0.363996 0.931401 0
    outer loop
      vertex -1.08754 -7.70893 15
      vertex -0.472885 -7.46872 14.4
      vertex -1.08754 -7.70893 14.4
    endloop
  endfacet
  facet normal -1 0 0
    outer loop
      vertex -0.472885 -7.46872 14.4
      vertex -0.472885 -7.1778 15
      vertex -0.472885 -7.1778 14.4
    endloop
  endfacet
  facet normal -1 -0 0
    outer loop
      vertex -0.472885 -7.1778 15
      vertex -0.472885 -7.46872 14.4
      vertex -0.472885 -7.46872 15
    endloop
  endfacet
  facet normal 0.372755 -0.92793 0
    outer loop
      vertex -2.57492 -8.0222 14.4
      vertex -0.472885 -7.1778 15
      vertex -2.57492 -8.0222 15
    endloop
  endfacet
  facet normal 0.372755 -0.92793 0
    outer loop
      vertex -0.472885 -7.1778 15
      vertex -2.57492 -8.0222 14.4
      vertex -0.472885 -7.1778 14.4
    endloop
  endfacet
  facet normal 1 -0 0
    outer loop
      vertex -2.57492 -8.34595 15
      vertex -2.57492 -8.0222 14.4
      vertex -2.57492 -8.0222 15
    endloop
  endfacet
  facet normal 1 0 0
    outer loop
      vertex -2.57492 -8.0222 14.4
      vertex -2.57492 -8.34595 15
      vertex -2.57492 -8.34595 14.4
    endloop
  endfacet
  facet normal 0.377839 0.925871 -0
    outer loop
      vertex -0.472885 -9.20377 14.4
      vertex -2.57492 -8.34595 15
      vertex -0.472885 -9.20377 15
    endloop
  endfacet
  facet normal 0.377839 0.925871 0
    outer loop
      vertex -2.57492 -8.34595 15
      vertex -0.472885 -9.20377 14.4
      vertex -2.57492 -8.34595 14.4
    endloop
  endfacet
  facet normal -1 0 0
    outer loop
      vertex -0.472885 -9.20377 14.4
      vertex -0.472885 -8.90839 15
      vertex -0.472885 -8.90839 14.4
    endloop
  endfacet
  facet normal -1 -0 0
    outer loop
      vertex -0.472885 -8.90839 15
      vertex -0.472885 -9.20377 14.4
      vertex -0.472885 -9.20377 15
    endloop
  endfacet
  facet normal -0.365952 -0.930634 0
    outer loop
      vertex -1.08754 -8.66669 14.4
      vertex -0.472885 -8.90839 15
      vertex -1.08754 -8.66669 15
    endloop
  endfacet
  facet normal -0.365952 -0.930634 -0
    outer loop
      vertex -0.472885 -8.90839 15
      vertex -1.08754 -8.66669 14.4
      vertex -0.472885 -8.90839 14.4
    endloop
  endfacet
  facet normal -0.362349 -0.932043 0
    outer loop
      vertex -2.00055 -8.31163 14.4
      vertex -1.30983 -8.58016 15
      vertex -2.00055 -8.31163 15
    endloop
  endfacet
  facet normal -0.362349 -0.932043 -0
    outer loop
      vertex -1.30983 -8.58016 15
      vertex -2.00055 -8.31163 14.4
      vertex -1.30983 -8.58016 14.4
    endloop
  endfacet
  facet normal -0.350346 -0.93662 0
    outer loop
      vertex -2.04279 -8.29583 14.4
      vertex -2.00055 -8.31163 15
      vertex -2.04279 -8.29583 15
    endloop
  endfacet
  facet normal -0.350346 -0.93662 -0
    outer loop
      vertex -2.00055 -8.31163 15
      vertex -2.04279 -8.29583 14.4
      vertex -2.00055 -8.31163 14.4
    endloop
  endfacet
  facet normal -0.345963 -0.938248 0
    outer loop
      vertex -2.08328 -8.2809 14.4
      vertex -2.04279 -8.29583 15
      vertex -2.08328 -8.2809 15
    endloop
  endfacet
  facet normal -0.345963 -0.938248 -0
    outer loop
      vertex -2.04279 -8.29583 15
      vertex -2.08328 -8.2809 14.4
      vertex -2.04279 -8.29583 14.4
    endloop
  endfacet
  facet normal -0.33999 -0.940429 0
    outer loop
      vertex -2.12206 -8.26688 14.4
      vertex -2.08328 -8.2809 15
      vertex -2.12206 -8.26688 15
    endloop
  endfacet
  facet normal -0.33999 -0.940429 -0
    outer loop
      vertex -2.08328 -8.2809 15
      vertex -2.12206 -8.26688 14.4
      vertex -2.08328 -8.2809 14.4
    endloop
  endfacet
  facet normal -0.334643 -0.942345 0
    outer loop
      vertex -2.15909 -8.25373 14.4
      vertex -2.12206 -8.26688 15
      vertex -2.15909 -8.25373 15
    endloop
  endfacet
  facet normal -0.334643 -0.942345 -0
    outer loop
      vertex -2.12206 -8.26688 15
      vertex -2.15909 -8.25373 14.4
      vertex -2.12206 -8.26688 14.4
    endloop
  endfacet
  facet normal -0.32824 -0.944594 0
    outer loop
      vertex -2.1944 -8.24146 14.4
      vertex -2.15909 -8.25373 15
      vertex -2.1944 -8.24146 15
    endloop
  endfacet
  facet normal -0.32824 -0.944594 -0
    outer loop
      vertex -2.15909 -8.25373 15
      vertex -2.1944 -8.24146 14.4
      vertex -2.15909 -8.25373 14.4
    endloop
  endfacet
  facet normal -0.321215 -0.947006 0
    outer loop
      vertex -2.22798 -8.23007 14.4
      vertex -2.1944 -8.24146 15
      vertex -2.22798 -8.23007 15
    endloop
  endfacet
  facet normal -0.321215 -0.947006 -0
    outer loop
      vertex -2.1944 -8.24146 15
      vertex -2.22798 -8.23007 14.4
      vertex -2.1944 -8.24146 14.4
    endloop
  endfacet
  facet normal -0.312826 -0.94981 0
    outer loop
      vertex -2.25983 -8.21958 14.4
      vertex -2.22798 -8.23007 15
      vertex -2.25983 -8.21958 15
    endloop
  endfacet
  facet normal -0.312826 -0.94981 -0
    outer loop
      vertex -2.22798 -8.23007 15
      vertex -2.25983 -8.21958 14.4
      vertex -2.22798 -8.23007 14.4
    endloop
  endfacet
  facet normal -0.304431 -0.952534 0
    outer loop
      vertex -2.28993 -8.20996 14.4
      vertex -2.25983 -8.21958 15
      vertex -2.28993 -8.20996 15
    endloop
  endfacet
  facet normal -0.304431 -0.952534 -0
    outer loop
      vertex -2.25983 -8.21958 15
      vertex -2.28993 -8.20996 14.4
      vertex -2.25983 -8.21958 14.4
    endloop
  endfacet
  facet normal -0.293707 -0.955895 0
    outer loop
      vertex -2.31831 -8.20124 14.4
      vertex -2.28993 -8.20996 15
      vertex -2.31831 -8.20124 15
    endloop
  endfacet
  facet normal -0.293707 -0.955895 -0
    outer loop
      vertex -2.28993 -8.20996 15
      vertex -2.31831 -8.20124 14.4
      vertex -2.28993 -8.20996 14.4
    endloop
  endfacet
  facet normal -0.306437 -0.951891 0
    outer loop
      vertex -2.36009 -8.18779 14.4
      vertex -2.31831 -8.20124 15
      vertex -2.36009 -8.18779 15
    endloop
  endfacet
  facet normal -0.306437 -0.951891 -0
    outer loop
      vertex -2.31831 -8.20124 15
      vertex -2.36009 -8.18779 14.4
      vertex -2.31831 -8.20124 14.4
    endloop
  endfacet
  facet normal -0.309366 0.950943 0
    outer loop
      vertex -2.20775 -8.13823 14.4
      vertex -2.36009 -8.18779 15
      vertex -2.20775 -8.13823 15
    endloop
  endfacet
  facet normal -0.309366 0.950943 0
    outer loop
      vertex -2.36009 -8.18779 15
      vertex -2.20775 -8.13823 14.4
      vertex -2.36009 -8.18779 14.4
    endloop
  endfacet
  facet normal -0.316126 0.948717 0
    outer loop
      vertex -2.1799 -8.12895 14.4
      vertex -2.20775 -8.13823 15
      vertex -2.1799 -8.12895 15
    endloop
  endfacet
  facet normal -0.316126 0.948717 0
    outer loop
      vertex -2.20775 -8.13823 15
      vertex -2.1799 -8.12895 14.4
      vertex -2.20775 -8.13823 14.4
    endloop
  endfacet
  facet normal -0.322908 0.94643 0
    outer loop
      vertex -2.15273 -8.11968 14.4
      vertex -2.1799 -8.12895 15
      vertex -2.15273 -8.11968 15
    endloop
  endfacet
  facet normal -0.322908 0.94643 0
    outer loop
      vertex -2.1799 -8.12895 15
      vertex -2.15273 -8.11968 14.4
      vertex -2.1799 -8.12895 14.4
    endloop
  endfacet
  facet normal -0.330921 0.943658 0
    outer loop
      vertex -2.12621 -8.11038 14.4
      vertex -2.15273 -8.11968 15
      vertex -2.12621 -8.11038 15
    endloop
  endfacet
  facet normal -0.330921 0.943658 0
    outer loop
      vertex -2.15273 -8.11968 15
      vertex -2.12621 -8.11038 14.4
      vertex -2.15273 -8.11968 14.4
    endloop
  endfacet
  facet normal -0.337327 0.941387 0
    outer loop
      vertex -2.10034 -8.10111 14.4
      vertex -2.12621 -8.11038 15
      vertex -2.10034 -8.10111 15
    endloop
  endfacet
  facet normal -0.337327 0.941387 0
    outer loop
      vertex -2.12621 -8.11038 15
      vertex -2.10034 -8.10111 14.4
      vertex -2.12621 -8.11038 14.4
    endloop
  endfacet
  facet normal -0.345688 0.938349 0
    outer loop
      vertex -2.07515 -8.09183 14.4
      vertex -2.10034 -8.10111 15
      vertex -2.07515 -8.09183 15
    endloop
  endfacet
  facet normal -0.345688 0.938349 0
    outer loop
      vertex -2.10034 -8.10111 15
      vertex -2.07515 -8.09183 14.4
      vertex -2.10034 -8.10111 14.4
    endloop
  endfacet
  facet normal -0.354045 0.935228 0
    outer loop
      vertex -2.05061 -8.08254 14.4
      vertex -2.07515 -8.09183 15
      vertex -2.05061 -8.08254 15
    endloop
  endfacet
  facet normal -0.354045 0.935228 0
    outer loop
      vertex -2.07515 -8.09183 15
      vertex -2.05061 -8.08254 14.4
      vertex -2.07515 -8.09183 14.4
    endloop
  endfacet
  facet normal -0.362484 0.93199 0
    outer loop
      vertex -2.02675 -8.07326 14.4
      vertex -2.05061 -8.08254 15
      vertex -2.02675 -8.07326 15
    endloop
  endfacet
  facet normal -0.362484 0.93199 0
    outer loop
      vertex -2.05061 -8.08254 15
      vertex -2.02675 -8.07326 14.4
      vertex -2.05061 -8.08254 14.4
    endloop
  endfacet
  facet normal -0.371253 0.928532 0
    outer loop
      vertex -2.00354 -8.06398 14.4
      vertex -2.02675 -8.07326 15
      vertex -2.00354 -8.06398 15
    endloop
  endfacet
  facet normal -0.371253 0.928532 0
    outer loop
      vertex -2.02675 -8.07326 15
      vertex -2.00354 -8.06398 14.4
      vertex -2.02675 -8.07326 14.4
    endloop
  endfacet
  facet normal -0.362742 0.931889 0
    outer loop
      vertex -1.30983 -7.79395 14.4
      vertex -2.00354 -8.06398 15
      vertex -1.30983 -7.79395 15
    endloop
  endfacet
  facet normal -0.362742 0.931889 0
    outer loop
      vertex -2.00354 -8.06398 15
      vertex -1.30983 -7.79395 14.4
      vertex -2.00354 -8.06398 14.4
    endloop
  endfacet
  facet normal 1 -0 0
    outer loop
      vertex -1.30983 -8.58016 15
      vertex -1.30983 -7.79395 14.4
      vertex -1.30983 -7.79395 15
    endloop
  endfacet
  facet normal 1 0 0
    outer loop
      vertex -1.30983 -7.79395 14.4
      vertex -1.30983 -8.58016 15
      vertex -1.30983 -8.58016 14.4
    endloop
  endfacet
  facet normal 1 -0 0
    outer loop
      vertex -0.705627 -4.69361 15
      vertex -0.705627 -3.32259 14.4
      vertex -0.705627 -3.32259 15
    endloop
  endfacet
  facet normal 1 0 0
    outer loop
      vertex -0.705627 -3.32259 14.4
      vertex -0.705627 -4.69361 15
      vertex -0.705627 -4.69361 14.4
    endloop
  endfacet
  facet normal 0 -1 0
    outer loop
      vertex -1.43813 -4.69361 14.4
      vertex -0.705627 -4.69361 15
      vertex -1.43813 -4.69361 15
    endloop
  endfacet
  facet normal 0 -1 -0
    outer loop
      vertex -0.705627 -4.69361 15
      vertex -1.43813 -4.69361 14.4
      vertex -0.705627 -4.69361 14.4
    endloop
  endfacet
  facet normal -1 0 0
    outer loop
      vertex -1.43813 -4.69361 14.4
      vertex -1.43813 -3.47327 15
      vertex -1.43813 -3.47327 14.4
    endloop
  endfacet
  facet normal -1 -0 0
    outer loop
      vertex -1.43813 -3.47327 15
      vertex -1.43813 -4.69361 14.4
      vertex -1.43813 -4.69361 15
    endloop
  endfacet
  facet normal 0 -1 0
    outer loop
      vertex -1.66786 -3.47327 14.4
      vertex -1.43813 -3.47327 15
      vertex -1.66786 -3.47327 15
    endloop
  endfacet
  facet normal 0 -1 -0
    outer loop
      vertex -1.43813 -3.47327 15
      vertex -1.66786 -3.47327 14.4
      vertex -1.43813 -3.47327 14.4
    endloop
  endfacet
  facet normal 1 -0 0
    outer loop
      vertex -1.66786 -4.69361 15
      vertex -1.66786 -3.47327 14.4
      vertex -1.66786 -3.47327 15
    endloop
  endfacet
  facet normal 1 0 0
    outer loop
      vertex -1.66786 -3.47327 14.4
      vertex -1.66786 -4.69361 15
      vertex -1.66786 -4.69361 14.4
    endloop
  endfacet
  facet normal 0 -1 0
    outer loop
      vertex -2.34218 -4.69361 14.4
      vertex -1.66786 -4.69361 15
      vertex -2.34218 -4.69361 15
    endloop
  endfacet
  facet normal 0 -1 -0
    outer loop
      vertex -1.66786 -4.69361 15
      vertex -2.34218 -4.69361 14.4
      vertex -1.66786 -4.69361 14.4
    endloop
  endfacet
  facet normal -1 0 0
    outer loop
      vertex -2.34218 -4.69361 14.4
      vertex -2.34218 -3.38375 15
      vertex -2.34218 -3.38375 14.4
    endloop
  endfacet
  facet normal -1 -0 0
    outer loop
      vertex -2.34218 -3.38375 15
      vertex -2.34218 -4.69361 14.4
      vertex -2.34218 -4.69361 15
    endloop
  endfacet
  facet normal 0 -1 0
    outer loop
      vertex -2.57492 -3.38375 14.4
      vertex -2.34218 -3.38375 15
      vertex -2.57492 -3.38375 15
    endloop
  endfacet
  facet normal 0 -1 -0
    outer loop
      vertex -2.34218 -3.38375 15
      vertex -2.57492 -3.38375 14.4
      vertex -2.34218 -3.38375 14.4
    endloop
  endfacet
  facet normal 1 -0 0
    outer loop
      vertex -2.57492 -4.97855 15
      vertex -2.57492 -3.38375 14.4
      vertex -2.57492 -3.38375 15
    endloop
  endfacet
  facet normal 1 0 0
    outer loop
      vertex -2.57492 -3.38375 14.4
      vertex -2.57492 -4.97855 15
      vertex -2.57492 -4.97855 14.4
    endloop
  endfacet
  facet normal 0 1 -0
    outer loop
      vertex -0.472885 -4.97855 14.4
      vertex -2.57492 -4.97855 15
      vertex -0.472885 -4.97855 15
    endloop
  endfacet
  facet normal 0 1 0
    outer loop
      vertex -2.57492 -4.97855 15
      vertex -0.472885 -4.97855 14.4
      vertex -2.57492 -4.97855 14.4
    endloop
  endfacet
  facet normal -1 0 0
    outer loop
      vertex -0.472885 -4.97855 14.4
      vertex -0.472885 -3.32259 15
      vertex -0.472885 -3.32259 14.4
    endloop
  endfacet
  facet normal -1 -0 0
    outer loop
      vertex -0.472885 -3.32259 15
      vertex -0.472885 -4.97855 14.4
      vertex -0.472885 -4.97855 15
    endloop
  endfacet
  facet normal 0 -1 0
    outer loop
      vertex -0.705627 -3.32259 14.4
      vertex -0.472885 -3.32259 15
      vertex -0.705627 -3.32259 15
    endloop
  endfacet
  facet normal 0 -1 -0
    outer loop
      vertex -0.472885 -3.32259 15
      vertex -0.705627 -3.32259 14.4
      vertex -0.472885 -3.32259 14.4
    endloop
  endfacet
  facet normal 0 0 1
    outer loop
      vertex 28.3 -11.2 3.4
      vertex 25.3 -5.2 3.4
      vertex 22.3 -11.2 3.4
    endloop
  endfacet
  facet normal 0 1 -0
    outer loop
      vertex 28.3 -11.2 3.4
      vertex 22.3 -11.2 4
      vertex 28.3 -11.2 4
    endloop
  endfacet
  facet normal 0 1 0
    outer loop
      vertex 22.3 -11.2 4
      vertex 28.3 -11.2 3.4
      vertex 22.3 -11.2 3.4
    endloop
  endfacet
  facet normal -0.894427 -0.447214 0
    outer loop
      vertex 28.3 -11.2 3.4
      vertex 25.3 -5.2 4
      vertex 25.3 -5.2 3.4
    endloop
  endfacet
  facet normal -0.894427 -0.447214 0
    outer loop
      vertex 25.3 -5.2 4
      vertex 28.3 -11.2 3.4
      vertex 28.3 -11.2 4
    endloop
  endfacet
  facet normal 0.894427 -0.447214 0
    outer loop
      vertex 22.3 -11.2 4
      vertex 25.3 -5.2 3.4
      vertex 25.3 -5.2 4
    endloop
  endfacet
  facet normal 0.894427 -0.447214 0
    outer loop
      vertex 25.3 -5.2 3.4
      vertex 22.3 -11.2 4
      vertex 22.3 -11.2 3.4
    endloop
  endfacet
endsolid OpenSCAD_Model
