solid OpenSCAD_Model
  facet normal 1 -0 0
    outer loop
      vertex 40 -27 3.2
      vertex 40 27 0
      vertex 40 27 3.2
    endloop
  endfacet
  facet normal 1 0 0
    outer loop
      vertex 40 27 0
      vertex 40 -27 3.2
      vertex 40 -27 0
    endloop
  endfacet
  facet normal 0 0 1
    outer loop
      vertex 0.849999 27 3.2
      vertex -3 25 3.2
      vertex 0.849999 25 3.2
    endloop
  endfacet
  facet normal 0 0 1
    outer loop
      vertex -5 27 3.2
      vertex -3 13 3.2
      vertex -3 25 3.2
    endloop
  endfacet
  facet normal 0 0 1
    outer loop
      vertex -3 13 3.2
      vertex -5 27 3.2
      vertex -3 -13 3.2
    endloop
  endfacet
  facet normal 0 0 1
    outer loop
      vertex -5 -27 3.2
      vertex -3 -13 3.2
      vertex -5 27 3.2
    endloop
  endfacet
  facet normal -0 0 1
    outer loop
      vertex -5 27 3.2
      vertex -3 25 3.2
      vertex 0.849999 27 3.2
    endloop
  endfacet
  facet normal -0 0 1
    outer loop
      vertex -3 -25 3.2
      vertex 0.849999 -27 3.2
      vertex 0.849999 -25 3.2
    endloop
  endfacet
  facet normal 0 0 1
    outer loop
      vertex -3 -25 3.2
      vertex -5 -27 3.2
      vertex 0.849999 -27 3.2
    endloop
  endfacet
  facet normal 0 0 1
    outer loop
      vertex -3 -13 3.2
      vertex -5 -27 3.2
      vertex -3 -25 3.2
    endloop
  endfacet
  facet normal 0 0 1
    outer loop
      vertex 38 11.25 3.2
      vertex 40 27 3.2
      vertex 38 25 3.2
    endloop
  endfacet
  facet normal -0 0 1
    outer loop
      vertex 24.15 27 3.2
      vertex 38 25 3.2
      vertex 40 27 3.2
    endloop
  endfacet
  facet normal 0 0 1
    outer loop
      vertex 38 25 3.2
      vertex 24.15 27 3.2
      vertex 24.15 25 3.2
    endloop
  endfacet
  facet normal 0 0 1
    outer loop
      vertex 40 27 3.2
      vertex 38 11.25 3.2
      vertex 40 -27 3.2
    endloop
  endfacet
  facet normal -0 0 1
    outer loop
      vertex 38 -11.25 3.2
      vertex 40 -27 3.2
      vertex 38 11.25 3.2
    endloop
  endfacet
  facet normal -0 0 1
    outer loop
      vertex 38 -25 3.2
      vertex 40 -27 3.2
      vertex 38 -11.25 3.2
    endloop
  endfacet
  facet normal 0 0 1
    outer loop
      vertex 24.15 -27 3.2
      vertex 38 -25 3.2
      vertex 24.15 -25 3.2
    endloop
  endfacet
  facet normal 0 0 1
    outer loop
      vertex 38 -25 3.2
      vertex 24.15 -27 3.2
      vertex 40 -27 3.2
    endloop
  endfacet
  facet normal -0 0 1
    outer loop
      vertex 2.85 27 3.2
      vertex 22.15 25 3.2
      vertex 22.15 27 3.2
    endloop
  endfacet
  facet normal 0 0 1
    outer loop
      vertex 22.15 25 3.2
      vertex 2.85 27 3.2
      vertex 2.85 25 3.2
    endloop
  endfacet
  facet normal -0 0 1
    outer loop
      vertex 2.85 -25 3.2
      vertex 22.15 -27 3.2
      vertex 22.15 -25 3.2
    endloop
  endfacet
  facet normal 0 0 1
    outer loop
      vertex 22.15 -27 3.2
      vertex 2.85 -25 3.2
      vertex 2.85 -27 3.2
    endloop
  endfacet
  facet normal 0 0 -1
    outer loop
      vertex -5 -27 0
      vertex 40 27 0
      vertex 40 -27 0
    endloop
  endfacet
  facet normal -0 0 -1
    outer loop
      vertex 40 27 0
      vertex -5 -27 0
      vertex -5 27 0
    endloop
  endfacet
  facet normal -1 0 0
    outer loop
      vertex -5 -27 0
      vertex -5 27 3.2
      vertex -5 27 0
    endloop
  endfacet
  facet normal -1 -0 0
    outer loop
      vertex -5 27 3.2
      vertex -5 -27 0
      vertex -5 -27 3.2
    endloop
  endfacet
  facet normal 0 1 -0
    outer loop
      vertex 40 27 0
      vertex 24.15 27 3.2
      vertex 40 27 3.2
    endloop
  endfacet
  facet normal 0 1 0
    outer loop
      vertex 24.15 27 3.2
      vertex 40 27 0
      vertex 22.15 27 3.2
    endloop
  endfacet
  facet normal 0 1 0
    outer loop
      vertex -5 27 0
      vertex 22.15 27 3.2
      vertex 40 27 0
    endloop
  endfacet
  facet normal 0 1 0
    outer loop
      vertex 22.15 27 3.2
      vertex -5 27 0
      vertex 2.85 27 3.2
    endloop
  endfacet
  facet normal 0 1 0
    outer loop
      vertex 2.85 27 3.2
      vertex -5 27 0
      vertex 0.849999 27 3.2
    endloop
  endfacet
  facet normal 0 1 0
    outer loop
      vertex 0.849999 27 3.2
      vertex -5 27 0
      vertex -5 27 3.2
    endloop
  endfacet
  facet normal 0 1 0
    outer loop
      vertex 24.15 27 25
      vertex 22.15 27 24
      vertex 23.15 27 25
    endloop
  endfacet
  facet normal 0 1 -0
    outer loop
      vertex 24.15 27 3.2
      vertex 22.15 27 24
      vertex 24.15 27 25
    endloop
  endfacet
  facet normal 0 1 0
    outer loop
      vertex 22.15 27 24
      vertex 24.15 27 3.2
      vertex 22.15 27 3.2
    endloop
  endfacet
  facet normal 0 1 0
    outer loop
      vertex 2.85 27 24
      vertex 0.849999 27 25
      vertex 1.85 27 25
    endloop
  endfacet
  facet normal 0 1 0
    outer loop
      vertex 0.849999 27 3.2
      vertex 2.85 27 24
      vertex 2.85 27 3.2
    endloop
  endfacet
  facet normal 0 1 0
    outer loop
      vertex 2.85 27 24
      vertex 0.849999 27 3.2
      vertex 0.849999 27 25
    endloop
  endfacet
  facet normal 0 -1 0
    outer loop
      vertex -5 -27 0
      vertex 0.849999 -27 3.2
      vertex -5 -27 3.2
    endloop
  endfacet
  facet normal 0 -1 -0
    outer loop
      vertex 0.849999 -27 3.2
      vertex -5 -27 0
      vertex 2.85 -27 3.2
    endloop
  endfacet
  facet normal 0 -1 -0
    outer loop
      vertex 2.85 -27 3.2
      vertex -5 -27 0
      vertex 22.15 -27 3.2
    endloop
  endfacet
  facet normal 0 -1 0
    outer loop
      vertex 40 -27 0
      vertex 22.15 -27 3.2
      vertex -5 -27 0
    endloop
  endfacet
  facet normal 0 -1 0
    outer loop
      vertex 22.15 -27 3.2
      vertex 40 -27 0
      vertex 24.15 -27 3.2
    endloop
  endfacet
  facet normal 0 -1 0
    outer loop
      vertex 24.15 -27 3.2
      vertex 40 -27 0
      vertex 40 -27 3.2
    endloop
  endfacet
  facet normal 0 -1 0
    outer loop
      vertex 0.849999 -27 25
      vertex 2.85 -27 24
      vertex 1.85 -27 25
    endloop
  endfacet
  facet normal 0 -1 0
    outer loop
      vertex 0.849999 -27 3.2
      vertex 2.85 -27 24
      vertex 0.849999 -27 25
    endloop
  endfacet
  facet normal 0 -1 -0
    outer loop
      vertex 2.85 -27 24
      vertex 0.849999 -27 3.2
      vertex 2.85 -27 3.2
    endloop
  endfacet
  facet normal 0 -1 0
    outer loop
      vertex 22.15 -27 24
      vertex 24.15 -27 25
      vertex 23.15 -27 25
    endloop
  endfacet
  facet normal 0 -1 0
    outer loop
      vertex 24.15 -27 3.2
      vertex 22.15 -27 24
      vertex 22.15 -27 3.2
    endloop
  endfacet
  facet normal 0 -1 0
    outer loop
      vertex 22.15 -27 24
      vertex 24.15 -27 3.2
      vertex 24.15 -27 25
    endloop
  endfacet
  facet normal -1 0 0
    outer loop
      vertex 38 11.25 2
      vertex 38 25 3.2
      vertex 38 25 2
    endloop
  endfacet
  facet normal -1 -0 0
    outer loop
      vertex 38 25 3.2
      vertex 38 11.25 2
      vertex 38 11.25 3.2
    endloop
  endfacet
  facet normal -1 0 0
    outer loop
      vertex 38 -25 2
      vertex 38 -11.25 3.2
      vertex 38 -11.25 2
    endloop
  endfacet
  facet normal -1 -0 0
    outer loop
      vertex 38 -11.25 3.2
      vertex 38 -25 2
      vertex 38 -25 3.2
    endloop
  endfacet
  facet normal 1 0 0
    outer loop
      vertex 38 7.23448 12.5258
      vertex 38 11.25 13
      vertex 38 7.25 13
    endloop
  endfacet
  facet normal 1 0 0
    outer loop
      vertex 38 7.18797 12.0537
      vertex 38 11.25 13
      vertex 38 7.23448 12.5258
    endloop
  endfacet
  facet normal 1 0 0
    outer loop
      vertex 38 7.11069 11.5856
      vertex 38 11.25 13
      vertex 38 7.18797 12.0537
    endloop
  endfacet
  facet normal 1 0 0
    outer loop
      vertex 38 7.00296 11.1236
      vertex 38 11.25 13
      vertex 38 7.11069 11.5856
    endloop
  endfacet
  facet normal 1 0 0
    outer loop
      vertex 38 6.86524 10.6696
      vertex 38 11.25 13
      vertex 38 7.00296 11.1236
    endloop
  endfacet
  facet normal 1 0 0
    outer loop
      vertex 38 6.69813 10.2255
      vertex 38 11.25 13
      vertex 38 6.86524 10.6696
    endloop
  endfacet
  facet normal 1 0 0
    outer loop
      vertex 38 11.25 13
      vertex 38 6.69813 10.2255
      vertex 38 11.25 3.2
    endloop
  endfacet
  facet normal 1 -0 0
    outer loop
      vertex 38 6.50233 9.79341
      vertex 38 11.25 3.2
      vertex 38 6.69813 10.2255
    endloop
  endfacet
  facet normal 1 -0 0
    outer loop
      vertex 38 6.27868 9.375
      vertex 38 11.25 3.2
      vertex 38 6.50233 9.79341
    endloop
  endfacet
  facet normal 1 -0 0
    outer loop
      vertex 38 6.02815 8.97212
      vertex 38 11.25 3.2
      vertex 38 6.27868 9.375
    endloop
  endfacet
  facet normal 1 -0 0
    outer loop
      vertex 38 5.75181 8.58648
      vertex 38 11.25 3.2
      vertex 38 6.02815 8.97212
    endloop
  endfacet
  facet normal 1 -0 0
    outer loop
      vertex 38 5.45084 8.21974
      vertex 38 11.25 3.2
      vertex 38 5.75181 8.58648
    endloop
  endfacet
  facet normal 1 -0 0
    outer loop
      vertex 38 5.12652 7.87348
      vertex 38 11.25 3.2
      vertex 38 5.45084 8.21974
    endloop
  endfacet
  facet normal 1 -0 0
    outer loop
      vertex 38 4.78026 7.54916
      vertex 38 11.25 3.2
      vertex 38 5.12652 7.87348
    endloop
  endfacet
  facet normal 1 -0 0
    outer loop
      vertex 38 4.41352 7.24819
      vertex 38 11.25 3.2
      vertex 38 4.78026 7.54916
    endloop
  endfacet
  facet normal 1 -0 0
    outer loop
      vertex 38 4.02788 6.97184
      vertex 38 11.25 3.2
      vertex 38 4.41352 7.24819
    endloop
  endfacet
  facet normal 1 -0 0
    outer loop
      vertex 38 3.625 6.72132
      vertex 38 11.25 3.2
      vertex 38 4.02788 6.97184
    endloop
  endfacet
  facet normal 1 -0 0
    outer loop
      vertex 38 3.20659 6.49767
      vertex 38 11.25 3.2
      vertex 38 3.625 6.72132
    endloop
  endfacet
  facet normal 1 -0 0
    outer loop
      vertex 38 2.77445 6.30187
      vertex 38 11.25 3.2
      vertex 38 3.20659 6.49767
    endloop
  endfacet
  facet normal 1 -0 0
    outer loop
      vertex 38 2.33044 6.13476
      vertex 38 11.25 3.2
      vertex 38 2.77445 6.30187
    endloop
  endfacet
  facet normal 1 -0 0
    outer loop
      vertex 38 1.87644 5.99704
      vertex 38 11.25 3.2
      vertex 38 2.33044 6.13476
    endloop
  endfacet
  facet normal 1 -0 0
    outer loop
      vertex 38 1.4144 5.88931
      vertex 38 11.25 3.2
      vertex 38 1.87644 5.99704
    endloop
  endfacet
  facet normal 1 -0 0
    outer loop
      vertex 38 0.946315 5.81202
      vertex 38 11.25 3.2
      vertex 38 1.4144 5.88931
    endloop
  endfacet
  facet normal 1 -0 0
    outer loop
      vertex 38 0.474173 5.76552
      vertex 38 11.25 3.2
      vertex 38 0.946315 5.81202
    endloop
  endfacet
  facet normal 1 -0 0
    outer loop
      vertex 38 0 5.75
      vertex 38 11.25 3.2
      vertex 38 0.474173 5.76552
    endloop
  endfacet
  facet normal 1 0 0
    outer loop
      vertex 38 -11.25 3.2
      vertex 38 0 5.75
      vertex 38 -0.474173 5.76552
    endloop
  endfacet
  facet normal 1 0 0
    outer loop
      vertex 38 -11.25 3.2
      vertex 38 -0.474173 5.76552
      vertex 38 -0.946315 5.81202
    endloop
  endfacet
  facet normal 1 0 0
    outer loop
      vertex 38 -11.25 3.2
      vertex 38 -0.946315 5.81202
      vertex 38 -1.4144 5.88931
    endloop
  endfacet
  facet normal 1 -0 0
    outer loop
      vertex 38 -11.25 13
      vertex 38 -7.23448 12.5258
      vertex 38 -7.25 13
    endloop
  endfacet
  facet normal 1 0 0
    outer loop
      vertex 38 -11.25 13
      vertex 38 -7.18797 12.0537
      vertex 38 -7.23448 12.5258
    endloop
  endfacet
  facet normal 1 0 0
    outer loop
      vertex 38 -11.25 13
      vertex 38 -7.11069 11.5856
      vertex 38 -7.18797 12.0537
    endloop
  endfacet
  facet normal 1 0 0
    outer loop
      vertex 38 -11.25 13
      vertex 38 -7.00296 11.1236
      vertex 38 -7.11069 11.5856
    endloop
  endfacet
  facet normal 1 0 0
    outer loop
      vertex 38 -11.25 13
      vertex 38 -6.86524 10.6696
      vertex 38 -7.00296 11.1236
    endloop
  endfacet
  facet normal 1 0 0
    outer loop
      vertex 38 -11.25 13
      vertex 38 -6.69813 10.2255
      vertex 38 -6.86524 10.6696
    endloop
  endfacet
  facet normal 1 0 0
    outer loop
      vertex 38 -11.25 3.2
      vertex 38 -6.69813 10.2255
      vertex 38 -11.25 13
    endloop
  endfacet
  facet normal 1 0 0
    outer loop
      vertex 38 -6.69813 10.2255
      vertex 38 -11.25 3.2
      vertex 38 -6.50233 9.79341
    endloop
  endfacet
  facet normal 1 0 0
    outer loop
      vertex 38 -6.50233 9.79341
      vertex 38 -11.25 3.2
      vertex 38 -6.27868 9.375
    endloop
  endfacet
  facet normal 1 0 0
    outer loop
      vertex 38 -6.27868 9.375
      vertex 38 -11.25 3.2
      vertex 38 -6.02815 8.97212
    endloop
  endfacet
  facet normal 1 0 0
    outer loop
      vertex 38 -6.02815 8.97212
      vertex 38 -11.25 3.2
      vertex 38 -5.75181 8.58648
    endloop
  endfacet
  facet normal 1 0 0
    outer loop
      vertex 38 -5.75181 8.58648
      vertex 38 -11.25 3.2
      vertex 38 -5.45084 8.21974
    endloop
  endfacet
  facet normal 1 0 0
    outer loop
      vertex 38 -5.45084 8.21974
      vertex 38 -11.25 3.2
      vertex 38 -5.12652 7.87348
    endloop
  endfacet
  facet normal 1 0 0
    outer loop
      vertex 38 0 5.75
      vertex 38 -11.25 3.2
      vertex 38 11.25 3.2
    endloop
  endfacet
  facet normal 1 0 0
    outer loop
      vertex 38 -1.87644 5.99704
      vertex 38 -11.25 3.2
      vertex 38 -1.4144 5.88931
    endloop
  endfacet
  facet normal 1 0 0
    outer loop
      vertex 38 -2.33044 6.13476
      vertex 38 -11.25 3.2
      vertex 38 -1.87644 5.99704
    endloop
  endfacet
  facet normal 1 0 0
    outer loop
      vertex 38 -2.77445 6.30187
      vertex 38 -11.25 3.2
      vertex 38 -2.33044 6.13476
    endloop
  endfacet
  facet normal 1 0 0
    outer loop
      vertex 38 -3.20659 6.49767
      vertex 38 -11.25 3.2
      vertex 38 -2.77445 6.30187
    endloop
  endfacet
  facet normal 1 0 0
    outer loop
      vertex 38 -3.625 6.72132
      vertex 38 -11.25 3.2
      vertex 38 -3.20659 6.49767
    endloop
  endfacet
  facet normal 1 0 0
    outer loop
      vertex 38 -4.02788 6.97184
      vertex 38 -11.25 3.2
      vertex 38 -3.625 6.72132
    endloop
  endfacet
  facet normal 1 0 0
    outer loop
      vertex 38 -4.41352 7.24819
      vertex 38 -11.25 3.2
      vertex 38 -4.02788 6.97184
    endloop
  endfacet
  facet normal 1 0 0
    outer loop
      vertex 38 -4.78026 7.54916
      vertex 38 -11.25 3.2
      vertex 38 -4.41352 7.24819
    endloop
  endfacet
  facet normal 1 0 0
    outer loop
      vertex 38 -5.12652 7.87348
      vertex 38 -11.25 3.2
      vertex 38 -4.78026 7.54916
    endloop
  endfacet
  facet normal -0 0 1
    outer loop
      vertex -3 25 2
      vertex 0.849999 13 2
      vertex 0.849999 25 2
    endloop
  endfacet
  facet normal 0 0 1
    outer loop
      vertex 0.849999 13 2
      vertex -3 25 2
      vertex -3 13 2
    endloop
  endfacet
  facet normal -0 0 1
    outer loop
      vertex -3 -13 2
      vertex 0.849999 -25 2
      vertex 0.849999 -13 2
    endloop
  endfacet
  facet normal 0 0 1
    outer loop
      vertex 0.849999 -25 2
      vertex -3 -13 2
      vertex -3 -25 2
    endloop
  endfacet
  facet normal 0 0 1
    outer loop
      vertex 38 25 2
      vertex 31 11.25 2
      vertex 38 11.25 2
    endloop
  endfacet
  facet normal 0 0 1
    outer loop
      vertex 31 11.25 2
      vertex 24.15 25 2
      vertex 31 -11.25 2
    endloop
  endfacet
  facet normal -0 0 1
    outer loop
      vertex 24.15 25 2
      vertex 31 11.25 2
      vertex 38 25 2
    endloop
  endfacet
  facet normal 0 0 1
    outer loop
      vertex 33.6045 -23.0654 2
      vertex 34.2472 -22.5224 2
      vertex 34.2463 -22.4693 2
    endloop
  endfacet
  facet normal 0 0 1
    outer loop
      vertex 34.6319 -22.2866 2
      vertex 35.8279 -22.3871 2
      vertex 35.8269 -22.3383 2
    endloop
  endfacet
  facet normal 0 0 1
    outer loop
      vertex 34.6319 -22.2866 2
      vertex 35.8269 -22.3383 2
      vertex 35.8241 -22.2911 2
    endloop
  endfacet
  facet normal 0 0 1
    outer loop
      vertex 34.6401 -22.2356 2
      vertex 35.8241 -22.2911 2
      vertex 35.8194 -22.2455 2
    endloop
  endfacet
  facet normal 0 0 1
    outer loop
      vertex 35.8279 -22.3871 2
      vertex 34.6319 -22.2866 2
      vertex 34.6256 -22.3399 2
    endloop
  endfacet
  facet normal 0 0 1
    outer loop
      vertex 34.65 -22.1867 2
      vertex 35.8194 -22.2455 2
      vertex 35.8128 -22.2016 2
    endloop
  endfacet
  facet normal 0 0 1
    outer loop
      vertex 34.6618 -22.1401 2
      vertex 35.8128 -22.2016 2
      vertex 35.8044 -22.1594 2
    endloop
  endfacet
  facet normal 0 0 1
    outer loop
      vertex 35.8279 -22.3871 2
      vertex 34.6256 -22.3399 2
      vertex 35.8244 -22.4828 2
    endloop
  endfacet
  facet normal -0 0 1
    outer loop
      vertex 34.6618 -22.1401 2
      vertex 35.8044 -22.1594 2
      vertex 35.794 -22.1188 2
    endloop
  endfacet
  facet normal 0 0 1
    outer loop
      vertex 35.2893 -21.7008 2
      vertex 35.794 -22.1188 2
      vertex 35.7818 -22.0798 2
    endloop
  endfacet
  facet normal 0 0 1
    outer loop
      vertex 35.8244 -22.4828 2
      vertex 34.6211 -22.3954 2
      vertex 35.8138 -22.5718 2
    endloop
  endfacet
  facet normal 0 0 1
    outer loop
      vertex 35.3329 -21.7063 2
      vertex 35.7818 -22.0798 2
      vertex 35.7677 -22.0424 2
    endloop
  endfacet
  facet normal 0 0 1
    outer loop
      vertex 35.3747 -21.7139 2
      vertex 35.7677 -22.0424 2
      vertex 35.7517 -22.0068 2
    endloop
  endfacet
  facet normal -0 0 1
    outer loop
      vertex 34.6183 -22.453 2
      vertex 35.8138 -22.5718 2
      vertex 34.6211 -22.3954 2
    endloop
  endfacet
  facet normal 0 0 1
    outer loop
      vertex 35.3747 -21.7139 2
      vertex 35.7517 -22.0068 2
      vertex 35.7338 -21.9727 2
    endloop
  endfacet
  facet normal 0 0 1
    outer loop
      vertex 35.4147 -21.7237 2
      vertex 35.7338 -21.9727 2
      vertex 35.714 -21.9403 2
    endloop
  endfacet
  facet normal 0 0 1
    outer loop
      vertex 35.8138 -22.5718 2
      vertex 34.6183 -22.453 2
      vertex 35.7963 -22.6543 2
    endloop
  endfacet
  facet normal 0 0 1
    outer loop
      vertex 35.4147 -21.7237 2
      vertex 35.714 -21.9403 2
      vertex 35.6924 -21.9095 2
    endloop
  endfacet
  facet normal 0 0 1
    outer loop
      vertex 35.4529 -21.7357 2
      vertex 35.6924 -21.9095 2
      vertex 35.6689 -21.8804 2
    endloop
  endfacet
  facet normal -0 0 1
    outer loop
      vertex 34.6174 -22.5129 2
      vertex 35.7963 -22.6543 2
      vertex 34.6183 -22.453 2
    endloop
  endfacet
  facet normal 0 0 1
    outer loop
      vertex 35.4529 -21.7357 2
      vertex 35.6689 -21.8804 2
      vertex 35.6435 -21.8532 2
    endloop
  endfacet
  facet normal 0 0 1
    outer loop
      vertex 35.4529 -21.7357 2
      vertex 35.6435 -21.8532 2
      vertex 35.6163 -21.8282 2
    endloop
  endfacet
  facet normal 0 0 1
    outer loop
      vertex 35.7963 -22.6543 2
      vertex 34.6174 -22.5129 2
      vertex 35.7717 -22.7301 2
    endloop
  endfacet
  facet normal 0 0 1
    outer loop
      vertex 35.4529 -21.7357 2
      vertex 35.6163 -21.8282 2
      vertex 35.5872 -21.8053 2
    endloop
  endfacet
  facet normal 0 0 1
    outer loop
      vertex 35.4529 -21.7357 2
      vertex 35.5872 -21.8053 2
      vertex 35.5564 -21.7846 2
    endloop
  endfacet
  facet normal 0 -0 1
    outer loop
      vertex 35.4768 -23.0466 2
      vertex 35.7717 -22.7301 2
      vertex 34.6174 -22.5129 2
    endloop
  endfacet
  facet normal 0 0 1
    outer loop
      vertex 35.4892 -21.7498 2
      vertex 35.5564 -21.7846 2
      vertex 35.5237 -21.7661 2
    endloop
  endfacet
  facet normal 0 0 1
    outer loop
      vertex 35.4529 -21.7357 2
      vertex 35.5564 -21.7846 2
      vertex 35.4892 -21.7498 2
    endloop
  endfacet
  facet normal 0 0 1
    outer loop
      vertex 35.7717 -22.7301 2
      vertex 35.4768 -23.0466 2
      vertex 35.7401 -22.7994 2
    endloop
  endfacet
  facet normal 0 0 1
    outer loop
      vertex 35.6924 -21.9095 2
      vertex 35.4529 -21.7357 2
      vertex 35.4147 -21.7237 2
    endloop
  endfacet
  facet normal 0 0 1
    outer loop
      vertex 35.7338 -21.9727 2
      vertex 35.4147 -21.7237 2
      vertex 35.3747 -21.7139 2
    endloop
  endfacet
  facet normal 0 0 1
    outer loop
      vertex 35.7015 -22.862 2
      vertex 35.5435 -23.0104 2
      vertex 35.6558 -22.9181 2
    endloop
  endfacet
  facet normal 0 0 1
    outer loop
      vertex 35.7677 -22.0424 2
      vertex 35.3747 -21.7139 2
      vertex 35.3329 -21.7063 2
    endloop
  endfacet
  facet normal 0 0 1
    outer loop
      vertex 35.7818 -22.0798 2
      vertex 35.3329 -21.7063 2
      vertex 35.2893 -21.7008 2
    endloop
  endfacet
  facet normal 0 0 1
    outer loop
      vertex 35.6558 -22.9181 2
      vertex 35.5435 -23.0104 2
      vertex 35.6032 -22.9675 2
    endloop
  endfacet
  facet normal 0 0 1
    outer loop
      vertex 35.794 -22.1188 2
      vertex 35.2893 -21.7008 2
      vertex 34.6618 -22.1401 2
    endloop
  endfacet
  facet normal 0 0 1
    outer loop
      vertex 34.6754 -22.0956 2
      vertex 35.2893 -21.7008 2
      vertex 35.2438 -21.6976 2
    endloop
  endfacet
  facet normal 0 0 1
    outer loop
      vertex 35.7015 -22.862 2
      vertex 35.4768 -23.0466 2
      vertex 35.5435 -23.0104 2
    endloop
  endfacet
  facet normal 0 0 1
    outer loop
      vertex 34.6908 -22.0534 2
      vertex 35.2438 -21.6976 2
      vertex 35.1965 -21.6965 2
    endloop
  endfacet
  facet normal 0 0 1
    outer loop
      vertex 36.134 -19.2794 2
      vertex 34.6459 -20.3403 2
      vertex 36.134 -20.3403 2
    endloop
  endfacet
  facet normal -0 0 1
    outer loop
      vertex 34.5059 -19.2794 2
      vertex 34.6459 -20.3403 2
      vertex 36.134 -19.2794 2
    endloop
  endfacet
  facet normal 0 0 1
    outer loop
      vertex 34.6459 -20.3403 2
      vertex 34.5059 -19.2794 2
      vertex 34.5885 -20.3394 2
    endloop
  endfacet
  facet normal 0 0 1
    outer loop
      vertex 34.5885 -20.3394 2
      vertex 34.5059 -19.2794 2
      vertex 34.5331 -20.3366 2
    endloop
  endfacet
  facet normal 0 0 1
    outer loop
      vertex 34.5059 -19.2794 2
      vertex 34.4798 -20.3319 2
      vertex 34.5331 -20.3366 2
    endloop
  endfacet
  facet normal 0 0 1
    outer loop
      vertex 34.3791 -20.3168 2
      vertex 34.5059 -19.2794 2
      vertex 34.4499 -19.28 2
    endloop
  endfacet
  facet normal 0 0 1
    outer loop
      vertex 34.5059 -19.2794 2
      vertex 34.4284 -20.3253 2
      vertex 34.4798 -20.3319 2
    endloop
  endfacet
  facet normal 0 0 1
    outer loop
      vertex 34.3318 -20.3065 2
      vertex 34.4499 -19.28 2
      vertex 34.3967 -19.2818 2
    endloop
  endfacet
  facet normal 0 0 1
    outer loop
      vertex 34.5059 -19.2794 2
      vertex 34.3791 -20.3168 2
      vertex 34.4284 -20.3253 2
    endloop
  endfacet
  facet normal 0 0 1
    outer loop
      vertex 34.202 -20.2641 2
      vertex 34.3967 -19.2818 2
      vertex 34.3462 -19.2849 2
    endloop
  endfacet
  facet normal 0 0 1
    outer loop
      vertex 34.4499 -19.28 2
      vertex 34.3318 -20.3065 2
      vertex 34.3791 -20.3168 2
    endloop
  endfacet
  facet normal 0 0 1
    outer loop
      vertex 34.0905 -20.2048 2
      vertex 34.3462 -19.2849 2
      vertex 34.2984 -19.2891 2
    endloop
  endfacet
  facet normal 0 0 1
    outer loop
      vertex 34.3967 -19.2818 2
      vertex 34.2865 -20.2942 2
      vertex 34.3318 -20.3065 2
    endloop
  endfacet
  facet normal 0 0 1
    outer loop
      vertex 33.8596 -19.8693 2
      vertex 34.2984 -19.2891 2
      vertex 34.2533 -19.2945 2
    endloop
  endfacet
  facet normal 0 0 1
    outer loop
      vertex 34.3967 -19.2818 2
      vertex 34.2433 -20.2801 2
      vertex 34.2865 -20.2942 2
    endloop
  endfacet
  facet normal 0 0 1
    outer loop
      vertex 33.8485 -19.7494 2
      vertex 34.2533 -19.2945 2
      vertex 34.211 -19.3012 2
    endloop
  endfacet
  facet normal 0 0 1
    outer loop
      vertex 34.3967 -19.2818 2
      vertex 34.202 -20.2641 2
      vertex 34.2433 -20.2801 2
    endloop
  endfacet
  facet normal 0 0 1
    outer loop
      vertex 33.8493 -19.7094 2
      vertex 34.211 -19.3012 2
      vertex 34.1714 -19.309 2
    endloop
  endfacet
  facet normal 0 0 1
    outer loop
      vertex 34.3462 -19.2849 2
      vertex 34.1628 -20.2462 2
      vertex 34.202 -20.2641 2
    endloop
  endfacet
  facet normal 0 0 1
    outer loop
      vertex 33.8518 -19.6714 2
      vertex 34.1714 -19.309 2
      vertex 34.1345 -19.3181 2
    endloop
  endfacet
  facet normal 0 0 1
    outer loop
      vertex 34.3462 -19.2849 2
      vertex 34.1257 -20.2265 2
      vertex 34.1628 -20.2462 2
    endloop
  endfacet
  facet normal 0 0 1
    outer loop
      vertex 33.862 -19.6013 2
      vertex 34.1345 -19.3181 2
      vertex 34.1003 -19.3283 2
    endloop
  endfacet
  facet normal 0 0 1
    outer loop
      vertex 34.3462 -19.2849 2
      vertex 34.0905 -20.2048 2
      vertex 34.1257 -20.2265 2
    endloop
  endfacet
  facet normal 0 0 1
    outer loop
      vertex 33.8695 -19.5691 2
      vertex 34.1003 -19.3283 2
      vertex 34.0689 -19.3398 2
    endloop
  endfacet
  facet normal 0 0 1
    outer loop
      vertex 34.2984 -19.2891 2
      vertex 34.0573 -20.1813 2
      vertex 34.0905 -20.2048 2
    endloop
  endfacet
  facet normal 0 0 1
    outer loop
      vertex 33.8788 -19.5389 2
      vertex 34.0689 -19.3398 2
      vertex 34.0401 -19.3525 2
    endloop
  endfacet
  facet normal 0 0 1
    outer loop
      vertex 34.2984 -19.2891 2
      vertex 34.0264 -20.1562 2
      vertex 34.0573 -20.1813 2
    endloop
  endfacet
  facet normal 0 0 1
    outer loop
      vertex 33.8788 -19.5389 2
      vertex 34.0401 -19.3525 2
      vertex 34.0141 -19.3664 2
    endloop
  endfacet
  facet normal 0 0 1
    outer loop
      vertex 34.211 -19.3012 2
      vertex 33.8493 -19.7094 2
      vertex 33.8485 -19.7494 2
    endloop
  endfacet
  facet normal 0 0 1
    outer loop
      vertex 33.8788 -19.5389 2
      vertex 34.0141 -19.3664 2
      vertex 33.9909 -19.3815 2
    endloop
  endfacet
  facet normal 0 0 1
    outer loop
      vertex 34.2984 -19.2891 2
      vertex 33.998 -20.1297 2
      vertex 34.0264 -20.1562 2
    endloop
  endfacet
  facet normal 0 0 1
    outer loop
      vertex 33.8788 -19.5389 2
      vertex 33.9909 -19.3815 2
      vertex 33.9698 -19.3981 2
    endloop
  endfacet
  facet normal 0 0 1
    outer loop
      vertex 33.8788 -19.5389 2
      vertex 33.9698 -19.3981 2
      vertex 33.9504 -19.4168 2
    endloop
  endfacet
  facet normal 0 0 1
    outer loop
      vertex 34.2984 -19.2891 2
      vertex 33.9721 -20.1019 2
      vertex 33.998 -20.1297 2
    endloop
  endfacet
  facet normal 0 0 1
    outer loop
      vertex 33.8788 -19.5389 2
      vertex 33.9504 -19.4168 2
      vertex 33.9327 -19.4373 2
    endloop
  endfacet
  facet normal 0 0 1
    outer loop
      vertex 34.2984 -19.2891 2
      vertex 33.9486 -20.0727 2
      vertex 33.9721 -20.1019 2
    endloop
  endfacet
  facet normal 0 0 1
    outer loop
      vertex 33.8788 -19.5389 2
      vertex 33.9327 -19.4373 2
      vertex 33.9167 -19.4598 2
    endloop
  endfacet
  facet normal 0 0 1
    outer loop
      vertex 34.2984 -19.2891 2
      vertex 33.9276 -20.0421 2
      vertex 33.9486 -20.0727 2
    endloop
  endfacet
  facet normal 0 0 1
    outer loop
      vertex 33.8788 -19.5389 2
      vertex 33.9167 -19.4598 2
      vertex 33.9024 -19.4842 2
    endloop
  endfacet
  facet normal 0 0 1
    outer loop
      vertex 34.2984 -19.2891 2
      vertex 33.909 -20.0103 2
      vertex 33.9276 -20.0421 2
    endloop
  endfacet
  facet normal 0 0 1
    outer loop
      vertex 33.8788 -19.5389 2
      vertex 33.9024 -19.4842 2
      vertex 33.8898 -19.5106 2
    endloop
  endfacet
  facet normal 0 0 1
    outer loop
      vertex 34.2984 -19.2891 2
      vertex 33.893 -19.977 2
      vertex 33.909 -20.0103 2
    endloop
  endfacet
  facet normal 0 0 1
    outer loop
      vertex 34.0689 -19.3398 2
      vertex 33.8788 -19.5389 2
      vertex 33.8695 -19.5691 2
    endloop
  endfacet
  facet normal 0 0 1
    outer loop
      vertex 34.1003 -19.3283 2
      vertex 33.8695 -19.5691 2
      vertex 33.862 -19.6013 2
    endloop
  endfacet
  facet normal 0 0 1
    outer loop
      vertex 34.1714 -19.309 2
      vertex 33.8518 -19.6714 2
      vertex 33.8493 -19.7094 2
    endloop
  endfacet
  facet normal 0 0 1
    outer loop
      vertex 34.1345 -19.3181 2
      vertex 33.862 -19.6013 2
      vertex 33.856 -19.6354 2
    endloop
  endfacet
  facet normal 0 0 1
    outer loop
      vertex 34.1345 -19.3181 2
      vertex 33.856 -19.6354 2
      vertex 33.8518 -19.6714 2
    endloop
  endfacet
  facet normal 0 0 1
    outer loop
      vertex 34.2984 -19.2891 2
      vertex 33.8794 -19.9425 2
      vertex 33.893 -19.977 2
    endloop
  endfacet
  facet normal 0 0 1
    outer loop
      vertex 34.2984 -19.2891 2
      vertex 33.8682 -19.9065 2
      vertex 33.8794 -19.9425 2
    endloop
  endfacet
  facet normal 0 0 1
    outer loop
      vertex 34.2984 -19.2891 2
      vertex 33.8596 -19.8693 2
      vertex 33.8682 -19.9065 2
    endloop
  endfacet
  facet normal 0 0 1
    outer loop
      vertex 34.2533 -19.2945 2
      vertex 33.8534 -19.8306 2
      vertex 33.8596 -19.8693 2
    endloop
  endfacet
  facet normal 0 0 1
    outer loop
      vertex 34.2533 -19.2945 2
      vertex 33.8497 -19.7907 2
      vertex 33.8534 -19.8306 2
    endloop
  endfacet
  facet normal 0 0 1
    outer loop
      vertex 34.2533 -19.2945 2
      vertex 33.8485 -19.7494 2
      vertex 33.8497 -19.7907 2
    endloop
  endfacet
  facet normal 0 0 1
    outer loop
      vertex 36.134 -17.796 2
      vertex 34.6459 -18.8569 2
      vertex 36.134 -18.8569 2
    endloop
  endfacet
  facet normal -0 0 1
    outer loop
      vertex 34.5059 -17.796 2
      vertex 34.6459 -18.8569 2
      vertex 36.134 -17.796 2
    endloop
  endfacet
  facet normal 0 0 1
    outer loop
      vertex 34.6459 -18.8569 2
      vertex 34.5059 -17.796 2
      vertex 34.5882 -18.856 2
    endloop
  endfacet
  facet normal 0 0 1
    outer loop
      vertex 34.5882 -18.856 2
      vertex 34.5059 -17.796 2
      vertex 34.5325 -18.8533 2
    endloop
  endfacet
  facet normal 0 0 1
    outer loop
      vertex 34.5059 -17.796 2
      vertex 34.4789 -18.8487 2
      vertex 34.5325 -18.8533 2
    endloop
  endfacet
  facet normal 0 0 1
    outer loop
      vertex 34.3778 -18.834 2
      vertex 34.5059 -17.796 2
      vertex 34.4499 -17.7966 2
    endloop
  endfacet
  facet normal 0 0 1
    outer loop
      vertex 34.5059 -17.796 2
      vertex 34.4273 -18.8422 2
      vertex 34.4789 -18.8487 2
    endloop
  endfacet
  facet normal 0 0 1
    outer loop
      vertex 34.3304 -18.8238 2
      vertex 34.4499 -17.7966 2
      vertex 34.3967 -17.7984 2
    endloop
  endfacet
  facet normal 0 0 1
    outer loop
      vertex 34.5059 -17.796 2
      vertex 34.3778 -18.834 2
      vertex 34.4273 -18.8422 2
    endloop
  endfacet
  facet normal 0 0 1
    outer loop
      vertex 34.2417 -18.7981 2
      vertex 34.3967 -17.7984 2
      vertex 34.3462 -17.8015 2
    endloop
  endfacet
  facet normal 0 0 1
    outer loop
      vertex 34.4499 -17.7966 2
      vertex 34.3304 -18.8238 2
      vertex 34.3778 -18.834 2
    endloop
  endfacet
  facet normal 0 0 1
    outer loop
      vertex 34.1242 -18.7457 2
      vertex 34.3462 -17.8015 2
      vertex 34.2984 -17.8057 2
    endloop
  endfacet
  facet normal 0 0 1
    outer loop
      vertex 34.3967 -17.7984 2
      vertex 34.285 -18.8119 2
      vertex 34.3304 -18.8238 2
    endloop
  endfacet
  facet normal 0 0 1
    outer loop
      vertex 33.8534 -18.3492 2
      vertex 34.2984 -17.8057 2
      vertex 34.2533 -17.8111 2
    endloop
  endfacet
  facet normal 0 0 1
    outer loop
      vertex 34.3967 -17.7984 2
      vertex 34.2417 -18.7981 2
      vertex 34.285 -18.8119 2
    endloop
  endfacet
  facet normal 0 0 1
    outer loop
      vertex 33.8485 -18.266 2
      vertex 34.2533 -17.8111 2
      vertex 34.211 -17.8178 2
    endloop
  endfacet
  facet normal 0 0 1
    outer loop
      vertex 34.3462 -17.8015 2
      vertex 34.2005 -18.7825 2
      vertex 34.2417 -18.7981 2
    endloop
  endfacet
  facet normal 0 0 1
    outer loop
      vertex 33.8493 -18.226 2
      vertex 34.211 -17.8178 2
      vertex 34.1714 -17.8256 2
    endloop
  endfacet
  facet normal 0 0 1
    outer loop
      vertex 34.3462 -17.8015 2
      vertex 34.1613 -18.765 2
      vertex 34.2005 -18.7825 2
    endloop
  endfacet
  facet normal 0 0 1
    outer loop
      vertex 33.8518 -18.1881 2
      vertex 34.1714 -17.8256 2
      vertex 34.1345 -17.8347 2
    endloop
  endfacet
  facet normal 0 0 1
    outer loop
      vertex 34.3462 -17.8015 2
      vertex 34.1242 -18.7457 2
      vertex 34.1613 -18.765 2
    endloop
  endfacet
  facet normal 0 0 1
    outer loop
      vertex 33.862 -18.1179 2
      vertex 34.1345 -17.8347 2
      vertex 34.1003 -17.8449 2
    endloop
  endfacet
  facet normal 0 0 1
    outer loop
      vertex 34.2984 -17.8057 2
      vertex 34.0891 -18.7245 2
      vertex 34.1242 -18.7457 2
    endloop
  endfacet
  facet normal 0 0 1
    outer loop
      vertex 33.8695 -18.0857 2
      vertex 34.1003 -17.8449 2
      vertex 34.0689 -17.8564 2
    endloop
  endfacet
  facet normal 0 0 1
    outer loop
      vertex 34.2984 -17.8057 2
      vertex 34.0562 -18.7015 2
      vertex 34.0891 -18.7245 2
    endloop
  endfacet
  facet normal 0 0 1
    outer loop
      vertex 33.8788 -18.0555 2
      vertex 34.0689 -17.8564 2
      vertex 34.0401 -17.8691 2
    endloop
  endfacet
  facet normal 0 0 1
    outer loop
      vertex 34.2533 -17.8111 2
      vertex 33.8497 -18.3083 2
      vertex 33.8534 -18.3492 2
    endloop
  endfacet
  facet normal 0 0 1
    outer loop
      vertex 33.8788 -18.0555 2
      vertex 34.0401 -17.8691 2
      vertex 34.0141 -17.883 2
    endloop
  endfacet
  facet normal 0 0 1
    outer loop
      vertex 34.2533 -17.8111 2
      vertex 33.8485 -18.266 2
      vertex 33.8497 -18.3083 2
    endloop
  endfacet
  facet normal 0 0 1
    outer loop
      vertex 33.8788 -18.0555 2
      vertex 34.0141 -17.883 2
      vertex 33.9909 -17.8981 2
    endloop
  endfacet
  facet normal 0 0 1
    outer loop
      vertex 34.2984 -17.8057 2
      vertex 33.8534 -18.3492 2
      vertex 34.0254 -18.6769 2
    endloop
  endfacet
  facet normal 0 0 1
    outer loop
      vertex 33.8788 -18.0555 2
      vertex 33.9909 -17.8981 2
      vertex 33.9698 -17.9148 2
    endloop
  endfacet
  facet normal 0 0 1
    outer loop
      vertex 33.8788 -18.0555 2
      vertex 33.9698 -17.9148 2
      vertex 33.9504 -17.9334 2
    endloop
  endfacet
  facet normal 0 0 1
    outer loop
      vertex 34.2984 -17.8057 2
      vertex 34.0254 -18.6769 2
      vertex 34.0562 -18.7015 2
    endloop
  endfacet
  facet normal 0 0 1
    outer loop
      vertex 33.8788 -18.0555 2
      vertex 33.9504 -17.9334 2
      vertex 33.9327 -17.9539 2
    endloop
  endfacet
  facet normal 0 0 1
    outer loop
      vertex 34.211 -17.8178 2
      vertex 33.8493 -18.226 2
      vertex 33.8485 -18.266 2
    endloop
  endfacet
  facet normal 0 0 1
    outer loop
      vertex 33.8788 -18.0555 2
      vertex 33.9327 -17.9539 2
      vertex 33.9167 -17.9764 2
    endloop
  endfacet
  facet normal 0 0 1
    outer loop
      vertex 34.0254 -18.6769 2
      vertex 33.8534 -18.3492 2
      vertex 33.9972 -18.6507 2
    endloop
  endfacet
  facet normal 0 0 1
    outer loop
      vertex 33.8788 -18.0555 2
      vertex 33.9167 -17.9764 2
      vertex 33.9024 -18.0008 2
    endloop
  endfacet
  facet normal 0 0 1
    outer loop
      vertex 33.9972 -18.6507 2
      vertex 33.8534 -18.3492 2
      vertex 33.9714 -18.6231 2
    endloop
  endfacet
  facet normal 0 0 1
    outer loop
      vertex 33.8788 -18.0555 2
      vertex 33.9024 -18.0008 2
      vertex 33.8898 -18.0272 2
    endloop
  endfacet
  facet normal 0 0 1
    outer loop
      vertex 33.9714 -18.6231 2
      vertex 33.8534 -18.3492 2
      vertex 33.948 -18.594 2
    endloop
  endfacet
  facet normal 0 0 1
    outer loop
      vertex 34.0689 -17.8564 2
      vertex 33.8788 -18.0555 2
      vertex 33.8695 -18.0857 2
    endloop
  endfacet
  facet normal 0 0 1
    outer loop
      vertex 34.1003 -17.8449 2
      vertex 33.8695 -18.0857 2
      vertex 33.862 -18.1179 2
    endloop
  endfacet
  facet normal 0 0 1
    outer loop
      vertex 34.1714 -17.8256 2
      vertex 33.8518 -18.1881 2
      vertex 33.8493 -18.226 2
    endloop
  endfacet
  facet normal 0 0 1
    outer loop
      vertex 34.1345 -17.8347 2
      vertex 33.862 -18.1179 2
      vertex 33.856 -18.152 2
    endloop
  endfacet
  facet normal 0 0 1
    outer loop
      vertex 34.1345 -17.8347 2
      vertex 33.856 -18.152 2
      vertex 33.8518 -18.1881 2
    endloop
  endfacet
  facet normal 0 0 1
    outer loop
      vertex 33.948 -18.594 2
      vertex 33.8534 -18.3492 2
      vertex 33.9271 -18.5635 2
    endloop
  endfacet
  facet normal 0 0 1
    outer loop
      vertex 33.8792 -18.463 2
      vertex 33.8595 -18.3886 2
      vertex 33.8681 -18.4265 2
    endloop
  endfacet
  facet normal 0 0 1
    outer loop
      vertex 33.8792 -18.463 2
      vertex 33.8534 -18.3492 2
      vertex 33.8595 -18.3886 2
    endloop
  endfacet
  facet normal 0 0 1
    outer loop
      vertex 33.8927 -18.498 2
      vertex 33.8534 -18.3492 2
      vertex 33.8792 -18.463 2
    endloop
  endfacet
  facet normal 0 0 1
    outer loop
      vertex 33.9271 -18.5635 2
      vertex 33.8534 -18.3492 2
      vertex 33.9087 -18.5315 2
    endloop
  endfacet
  facet normal 0 0 1
    outer loop
      vertex 33.9087 -18.5315 2
      vertex 33.8534 -18.3492 2
      vertex 33.8927 -18.498 2
    endloop
  endfacet
  facet normal 0 0 1
    outer loop
      vertex 36.134 -16.749 2
      vertex 34.4228 -17.3736 2
      vertex 36.134 -17.3736 2
    endloop
  endfacet
  facet normal -0 0 1
    outer loop
      vertex 32.7899 -16.749 2
      vertex 34.4228 -17.3736 2
      vertex 36.134 -16.749 2
    endloop
  endfacet
  facet normal 0 0 1
    outer loop
      vertex 34.4228 -17.3736 2
      vertex 32.7899 -16.749 2
      vertex 34.3503 -17.3746 2
    endloop
  endfacet
  facet normal 0 0 1
    outer loop
      vertex 34.3503 -17.3746 2
      vertex 32.7899 -16.749 2
      vertex 34.281 -17.3778 2
    endloop
  endfacet
  facet normal 0 0 1
    outer loop
      vertex 34.281 -17.3778 2
      vertex 32.7899 -16.749 2
      vertex 34.2148 -17.383 2
    endloop
  endfacet
  facet normal 0 0 1
    outer loop
      vertex 34.2148 -17.383 2
      vertex 32.7899 -16.749 2
      vertex 34.1519 -17.3903 2
    endloop
  endfacet
  facet normal 0 0 1
    outer loop
      vertex 34.1519 -17.3903 2
      vertex 32.7899 -16.749 2
      vertex 34.0922 -17.3997 2
    endloop
  endfacet
  facet normal 0 0 1
    outer loop
      vertex 34.0922 -17.3997 2
      vertex 32.7899 -16.749 2
      vertex 34.0357 -17.4112 2
    endloop
  endfacet
  facet normal 0 0 1
    outer loop
      vertex 34.0357 -17.4112 2
      vertex 32.7899 -16.749 2
      vertex 33.9824 -17.4249 2
    endloop
  endfacet
  facet normal 0 -0 1
    outer loop
      vertex 32.8784 -21.7647 2
      vertex 33.5192 -19.5556 2
      vertex 32.7899 -16.749 2
    endloop
  endfacet
  facet normal 0 0 1
    outer loop
      vertex 33.5186 -19.5998 2
      vertex 33.4423 -21.36 2
      vertex 33.5012 -21.3518 2
    endloop
  endfacet
  facet normal 0 0 1
    outer loop
      vertex 32.7899 -16.749 2
      vertex 33.5186 -18.1165 2
      vertex 33.5198 -18.0578 2
    endloop
  endfacet
  facet normal 0 0 1
    outer loop
      vertex 33.5186 -19.5998 2
      vertex 33.3857 -21.3716 2
      vertex 33.4423 -21.36 2
    endloop
  endfacet
  facet normal 0 0 1
    outer loop
      vertex 33.5186 -19.5998 2
      vertex 33.3312 -21.3864 2
      vertex 33.3857 -21.3716 2
    endloop
  endfacet
  facet normal 0 0 1
    outer loop
      vertex 33.5186 -19.5998 2
      vertex 33.2789 -21.4046 2
      vertex 33.3312 -21.3864 2
    endloop
  endfacet
  facet normal 0 0 1
    outer loop
      vertex 32.7899 -16.749 2
      vertex 33.5198 -18.0578 2
      vertex 33.5236 -18.0017 2
    endloop
  endfacet
  facet normal 0 0 1
    outer loop
      vertex 33.5186 -19.5998 2
      vertex 33.2288 -21.426 2
      vertex 33.2789 -21.4046 2
    endloop
  endfacet
  facet normal 0 0 1
    outer loop
      vertex 33.5186 -19.5998 2
      vertex 33.1809 -21.4508 2
      vertex 33.2288 -21.426 2
    endloop
  endfacet
  facet normal 0 0 1
    outer loop
      vertex 33.5186 -19.5998 2
      vertex 33.1351 -21.4788 2
      vertex 33.1809 -21.4508 2
    endloop
  endfacet
  facet normal 0 0 1
    outer loop
      vertex 33.5186 -19.5998 2
      vertex 33.0915 -21.5102 2
      vertex 33.1351 -21.4788 2
    endloop
  endfacet
  facet normal 0 0 1
    outer loop
      vertex 32.7899 -16.749 2
      vertex 33.5236 -18.0017 2
      vertex 33.5298 -17.9481 2
    endloop
  endfacet
  facet normal 0 0 1
    outer loop
      vertex 33.5186 -19.5998 2
      vertex 33.0501 -21.5448 2
      vertex 33.0915 -21.5102 2
    endloop
  endfacet
  facet normal 0 0 1
    outer loop
      vertex 33.5186 -19.5998 2
      vertex 33.0109 -21.5828 2
      vertex 33.0501 -21.5448 2
    endloop
  endfacet
  facet normal 0 0 1
    outer loop
      vertex 33.5186 -19.5998 2
      vertex 32.9738 -21.6241 2
      vertex 33.0109 -21.5828 2
    endloop
  endfacet
  facet normal 0 0 1
    outer loop
      vertex 33.5186 -19.5998 2
      vertex 32.9393 -21.6683 2
      vertex 32.9738 -21.6241 2
    endloop
  endfacet
  facet normal 0 -0 1
    outer loop
      vertex 32.9074 -21.7152 2
      vertex 33.5192 -19.5556 2
      vertex 32.8784 -21.7647 2
    endloop
  endfacet
  facet normal 0 0 1
    outer loop
      vertex 33.5186 -19.5998 2
      vertex 32.9074 -21.7152 2
      vertex 32.9393 -21.6683 2
    endloop
  endfacet
  facet normal 0 0 1
    outer loop
      vertex 33.5192 -19.5556 2
      vertex 32.9074 -21.7152 2
      vertex 33.5186 -19.5998 2
    endloop
  endfacet
  facet normal 0 0 1
    outer loop
      vertex 32.7899 -16.749 2
      vertex 33.5298 -17.9481 2
      vertex 33.5386 -17.897 2
    endloop
  endfacet
  facet normal 0 0 1
    outer loop
      vertex 32.8784 -21.7647 2
      vertex 32.7899 -16.749 2
      vertex 32.8521 -21.8169 2
    endloop
  endfacet
  facet normal 0 0 1
    outer loop
      vertex 32.8521 -21.8169 2
      vertex 32.7899 -16.749 2
      vertex 32.8286 -21.8718 2
    endloop
  endfacet
  facet normal 0 0 1
    outer loop
      vertex 33.9824 -17.4249 2
      vertex 32.7899 -16.749 2
      vertex 33.9323 -17.4405 2
    endloop
  endfacet
  facet normal 0 0 1
    outer loop
      vertex 32.7899 -16.749 2
      vertex 33.8854 -17.4583 2
      vertex 33.9323 -17.4405 2
    endloop
  endfacet
  facet normal 0 0 1
    outer loop
      vertex 32.7899 -16.749 2
      vertex 33.8417 -17.4782 2
      vertex 33.8854 -17.4583 2
    endloop
  endfacet
  facet normal 0 0 1
    outer loop
      vertex 32.7899 -16.749 2
      vertex 33.8012 -17.5002 2
      vertex 33.8417 -17.4782 2
    endloop
  endfacet
  facet normal 0 0 1
    outer loop
      vertex 32.7899 -16.749 2
      vertex 33.7639 -17.5242 2
      vertex 33.8012 -17.5002 2
    endloop
  endfacet
  facet normal 0 0 1
    outer loop
      vertex 32.7899 -16.749 2
      vertex 33.7298 -17.5504 2
      vertex 33.7639 -17.5242 2
    endloop
  endfacet
  facet normal 0 0 1
    outer loop
      vertex 32.7899 -16.749 2
      vertex 33.6985 -17.5789 2
      vertex 33.7298 -17.5504 2
    endloop
  endfacet
  facet normal 0 0 1
    outer loop
      vertex 32.7899 -16.749 2
      vertex 33.6698 -17.6098 2
      vertex 33.6985 -17.5789 2
    endloop
  endfacet
  facet normal 0 0 1
    outer loop
      vertex 32.7899 -16.749 2
      vertex 33.6435 -17.6433 2
      vertex 33.6698 -17.6098 2
    endloop
  endfacet
  facet normal 0 0 1
    outer loop
      vertex 32.7899 -16.749 2
      vertex 33.6198 -17.6793 2
      vertex 33.6435 -17.6433 2
    endloop
  endfacet
  facet normal 0 0 1
    outer loop
      vertex 32.7899 -16.749 2
      vertex 33.5985 -17.7178 2
      vertex 33.6198 -17.6793 2
    endloop
  endfacet
  facet normal 0 0 1
    outer loop
      vertex 32.7899 -16.749 2
      vertex 33.5798 -17.7589 2
      vertex 33.5985 -17.7178 2
    endloop
  endfacet
  facet normal 0 0 1
    outer loop
      vertex 32.7899 -16.749 2
      vertex 33.5636 -17.8024 2
      vertex 33.5798 -17.7589 2
    endloop
  endfacet
  facet normal 0 0 1
    outer loop
      vertex 32.7899 -16.749 2
      vertex 33.5498 -17.8485 2
      vertex 33.5636 -17.8024 2
    endloop
  endfacet
  facet normal 0 0 1
    outer loop
      vertex 32.7899 -16.749 2
      vertex 33.5386 -17.897 2
      vertex 33.5498 -17.8485 2
    endloop
  endfacet
  facet normal 0 0 1
    outer loop
      vertex 24.15 -25 2
      vertex 32.8286 -21.8718 2
      vertex 32.7899 -16.749 2
    endloop
  endfacet
  facet normal 0 0 1
    outer loop
      vertex 32.8286 -21.8718 2
      vertex 24.15 -25 2
      vertex 32.8078 -21.9293 2
    endloop
  endfacet
  facet normal -0 0 1
    outer loop
      vertex 36.134 -17.796 2
      vertex 38 -25 2
      vertex 38 -11.25 2
    endloop
  endfacet
  facet normal 0 0 1
    outer loop
      vertex 38 -25 2
      vertex 36.18 -22.3046 2
      vertex 36.1815 -22.3871 2
    endloop
  endfacet
  facet normal 0 0 1
    outer loop
      vertex 38 -25 2
      vertex 36.1755 -22.2251 2
      vertex 36.18 -22.3046 2
    endloop
  endfacet
  facet normal -0 -0 1
    outer loop
      vertex 36.1575 -22.075 2
      vertex 38 -25 2
      vertex 36.134 -20.7652 2
    endloop
  endfacet
  facet normal 0 0 1
    outer loop
      vertex 38 -25 2
      vertex 36.168 -22.1486 2
      vertex 36.1755 -22.2251 2
    endloop
  endfacet
  facet normal 0 0 1
    outer loop
      vertex 38 -25 2
      vertex 36.1575 -22.075 2
      vertex 36.168 -22.1486 2
    endloop
  endfacet
  facet normal 0 0 1
    outer loop
      vertex 36.134 -16.749 2
      vertex 38 -11.25 2
      vertex 36.134 -14.6058 2
    endloop
  endfacet
  facet normal 0 0 1
    outer loop
      vertex 38 -11.25 2
      vertex 35.7638 -14.6058 2
      vertex 36.134 -14.6058 2
    endloop
  endfacet
  facet normal 0 0 1
    outer loop
      vertex 35.7638 -14.6058 2
      vertex 32.7899 -16.2957 2
      vertex 35.7638 -16.2957 2
    endloop
  endfacet
  facet normal -0 0 1
    outer loop
      vertex 31 -11.25 2
      vertex 35.7638 -14.6058 2
      vertex 38 -11.25 2
    endloop
  endfacet
  facet normal 0 0 1
    outer loop
      vertex 24.15 -25 2
      vertex 32.7899 -16.749 2
      vertex 32.7899 -16.2957 2
    endloop
  endfacet
  facet normal 0 0 1
    outer loop
      vertex 32.8078 -21.9293 2
      vertex 24.15 -25 2
      vertex 32.7899 -21.9894 2
    endloop
  endfacet
  facet normal 0 0 1
    outer loop
      vertex 32.7899 -21.9894 2
      vertex 24.15 -25 2
      vertex 32.7746 -22.0522 2
    endloop
  endfacet
  facet normal 0 0 1
    outer loop
      vertex 32.7746 -22.0522 2
      vertex 24.15 -25 2
      vertex 32.7622 -22.1177 2
    endloop
  endfacet
  facet normal 0 0 1
    outer loop
      vertex 32.7622 -22.1177 2
      vertex 24.15 -25 2
      vertex 32.7525 -22.1858 2
    endloop
  endfacet
  facet normal 0 0 1
    outer loop
      vertex 32.7525 -22.1858 2
      vertex 24.15 -25 2
      vertex 32.7456 -22.2566 2
    endloop
  endfacet
  facet normal 0 0 1
    outer loop
      vertex 32.7456 -22.2566 2
      vertex 24.15 -25 2
      vertex 32.7414 -22.33 2
    endloop
  endfacet
  facet normal 0 0 1
    outer loop
      vertex 24.15 -25 2
      vertex 32.7899 -16.2957 2
      vertex 31 -11.25 2
    endloop
  endfacet
  facet normal 0 0 1
    outer loop
      vertex 35.7638 -14.6058 2
      vertex 31 -11.25 2
      vertex 32.7899 -16.2957 2
    endloop
  endfacet
  facet normal -0 0 1
    outer loop
      vertex 36.1802 -22.4641 2
      vertex 38 -25 2
      vertex 36.1815 -22.3871 2
    endloop
  endfacet
  facet normal -0 0 1
    outer loop
      vertex 36.1761 -22.5385 2
      vertex 38 -25 2
      vertex 36.1802 -22.4641 2
    endloop
  endfacet
  facet normal -0 0 1
    outer loop
      vertex 36.1693 -22.6106 2
      vertex 38 -25 2
      vertex 36.1761 -22.5385 2
    endloop
  endfacet
  facet normal -0 0 1
    outer loop
      vertex 36.1598 -22.6803 2
      vertex 38 -25 2
      vertex 36.1693 -22.6106 2
    endloop
  endfacet
  facet normal -0 0 1
    outer loop
      vertex 36.1476 -22.7475 2
      vertex 38 -25 2
      vertex 36.1598 -22.6803 2
    endloop
  endfacet
  facet normal -0 0 1
    outer loop
      vertex 36.1327 -22.8122 2
      vertex 38 -25 2
      vertex 36.1476 -22.7475 2
    endloop
  endfacet
  facet normal -0 0 1
    outer loop
      vertex 36.1151 -22.8746 2
      vertex 38 -25 2
      vertex 36.1327 -22.8122 2
    endloop
  endfacet
  facet normal -0 0 1
    outer loop
      vertex 36.0948 -22.9345 2
      vertex 38 -25 2
      vertex 36.1151 -22.8746 2
    endloop
  endfacet
  facet normal -0 0 1
    outer loop
      vertex 36.0717 -22.992 2
      vertex 38 -25 2
      vertex 36.0948 -22.9345 2
    endloop
  endfacet
  facet normal -0 0 1
    outer loop
      vertex 36.046 -23.0471 2
      vertex 38 -25 2
      vertex 36.0717 -22.992 2
    endloop
  endfacet
  facet normal -0 0 1
    outer loop
      vertex 36.0175 -23.0997 2
      vertex 38 -25 2
      vertex 36.046 -23.0471 2
    endloop
  endfacet
  facet normal -0 0 1
    outer loop
      vertex 35.9864 -23.1499 2
      vertex 38 -25 2
      vertex 36.0175 -23.0997 2
    endloop
  endfacet
  facet normal -0 0 1
    outer loop
      vertex 35.9525 -23.1977 2
      vertex 38 -25 2
      vertex 35.9864 -23.1499 2
    endloop
  endfacet
  facet normal -0 0 1
    outer loop
      vertex 35.9159 -23.2428 2
      vertex 38 -25 2
      vertex 35.9525 -23.1977 2
    endloop
  endfacet
  facet normal -0 0 1
    outer loop
      vertex 35.8768 -23.285 2
      vertex 38 -25 2
      vertex 35.9159 -23.2428 2
    endloop
  endfacet
  facet normal -0 0 1
    outer loop
      vertex 35.8351 -23.3242 2
      vertex 38 -25 2
      vertex 35.8768 -23.285 2
    endloop
  endfacet
  facet normal -0 0 1
    outer loop
      vertex 35.7907 -23.3606 2
      vertex 38 -25 2
      vertex 35.8351 -23.3242 2
    endloop
  endfacet
  facet normal -0 0 1
    outer loop
      vertex 35.7438 -23.3941 2
      vertex 38 -25 2
      vertex 35.7907 -23.3606 2
    endloop
  endfacet
  facet normal -0 0 1
    outer loop
      vertex 35.6943 -23.4247 2
      vertex 38 -25 2
      vertex 35.7438 -23.3941 2
    endloop
  endfacet
  facet normal -0 0 1
    outer loop
      vertex 35.6422 -23.4523 2
      vertex 38 -25 2
      vertex 35.6943 -23.4247 2
    endloop
  endfacet
  facet normal -0 0 1
    outer loop
      vertex 35.5874 -23.4771 2
      vertex 38 -25 2
      vertex 35.6422 -23.4523 2
    endloop
  endfacet
  facet normal -0 0 1
    outer loop
      vertex 35.5301 -23.4989 2
      vertex 38 -25 2
      vertex 35.5874 -23.4771 2
    endloop
  endfacet
  facet normal -0 0 1
    outer loop
      vertex 35.4702 -23.5179 2
      vertex 38 -25 2
      vertex 35.5301 -23.4989 2
    endloop
  endfacet
  facet normal -0 0 1
    outer loop
      vertex 35.4077 -23.5339 2
      vertex 38 -25 2
      vertex 35.4702 -23.5179 2
    endloop
  endfacet
  facet normal -0 0 1
    outer loop
      vertex 35.3426 -23.547 2
      vertex 38 -25 2
      vertex 35.4077 -23.5339 2
    endloop
  endfacet
  facet normal -0 0 1
    outer loop
      vertex 35.2749 -23.5573 2
      vertex 38 -25 2
      vertex 35.3426 -23.547 2
    endloop
  endfacet
  facet normal 0 0 1
    outer loop
      vertex 34.7271 -21.9755 2
      vertex 35.1965 -21.6965 2
      vertex 35.1553 -21.6977 2
    endloop
  endfacet
  facet normal 0 0 1
    outer loop
      vertex 34.7479 -21.9399 2
      vertex 35.1553 -21.6977 2
      vertex 35.1154 -21.7014 2
    endloop
  endfacet
  facet normal 0 0 1
    outer loop
      vertex 34.7705 -21.9065 2
      vertex 35.1154 -21.7014 2
      vertex 35.077 -21.7077 2
    endloop
  endfacet
  facet normal -0 0 1
    outer loop
      vertex 34.6211 -22.3954 2
      vertex 35.8244 -22.4828 2
      vertex 34.6256 -22.3399 2
    endloop
  endfacet
  facet normal 0 0 1
    outer loop
      vertex 34.7948 -21.8754 2
      vertex 35.077 -21.7077 2
      vertex 35.0399 -21.7164 2
    endloop
  endfacet
  facet normal 0 0 1
    outer loop
      vertex 34.7948 -21.8754 2
      vertex 35.0399 -21.7164 2
      vertex 35.0043 -21.7275 2
    endloop
  endfacet
  facet normal 0 0 1
    outer loop
      vertex 34.7948 -21.8754 2
      vertex 35.0043 -21.7275 2
      vertex 34.9701 -21.7412 2
    endloop
  endfacet
  facet normal 0 0 1
    outer loop
      vertex 34.7948 -21.8754 2
      vertex 34.9701 -21.7412 2
      vertex 34.9374 -21.7574 2
    endloop
  endfacet
  facet normal 0 0 1
    outer loop
      vertex 34.7948 -21.8754 2
      vertex 34.9374 -21.7574 2
      vertex 34.906 -21.776 2
    endloop
  endfacet
  facet normal 0 0 1
    outer loop
      vertex 34.8476 -21.8208 2
      vertex 34.906 -21.776 2
      vertex 34.8761 -21.7971 2
    endloop
  endfacet
  facet normal 0 0 1
    outer loop
      vertex 34.8205 -21.8468 2
      vertex 34.906 -21.776 2
      vertex 34.8476 -21.8208 2
    endloop
  endfacet
  facet normal 0 0 1
    outer loop
      vertex 34.7948 -21.8754 2
      vertex 34.906 -21.776 2
      vertex 34.8205 -21.8468 2
    endloop
  endfacet
  facet normal 0 0 1
    outer loop
      vertex 35.077 -21.7077 2
      vertex 34.7948 -21.8754 2
      vertex 34.7705 -21.9065 2
    endloop
  endfacet
  facet normal 0 0 1
    outer loop
      vertex 35.1154 -21.7014 2
      vertex 34.7705 -21.9065 2
      vertex 34.7479 -21.9399 2
    endloop
  endfacet
  facet normal 0 0 1
    outer loop
      vertex 35.1553 -21.6977 2
      vertex 34.7479 -21.9399 2
      vertex 34.7271 -21.9755 2
    endloop
  endfacet
  facet normal 0 0 1
    outer loop
      vertex 35.1965 -21.6965 2
      vertex 34.7271 -21.9755 2
      vertex 34.708 -22.0134 2
    endloop
  endfacet
  facet normal 0 0 1
    outer loop
      vertex 35.1965 -21.6965 2
      vertex 34.708 -22.0134 2
      vertex 34.6908 -22.0534 2
    endloop
  endfacet
  facet normal 0 0 1
    outer loop
      vertex 35.2438 -21.6976 2
      vertex 34.6908 -22.0534 2
      vertex 34.6754 -22.0956 2
    endloop
  endfacet
  facet normal 0 0 1
    outer loop
      vertex 35.2893 -21.7008 2
      vertex 34.6754 -22.0956 2
      vertex 34.6618 -22.1401 2
    endloop
  endfacet
  facet normal 0 0 1
    outer loop
      vertex 35.8128 -22.2016 2
      vertex 34.6618 -22.1401 2
      vertex 34.65 -22.1867 2
    endloop
  endfacet
  facet normal 0 0 1
    outer loop
      vertex 35.8194 -22.2455 2
      vertex 34.65 -22.1867 2
      vertex 34.6401 -22.2356 2
    endloop
  endfacet
  facet normal 0 0 1
    outer loop
      vertex 35.8241 -22.2911 2
      vertex 34.6401 -22.2356 2
      vertex 34.6319 -22.2866 2
    endloop
  endfacet
  facet normal 0 0 1
    outer loop
      vertex 35.7401 -22.7994 2
      vertex 35.4768 -23.0466 2
      vertex 35.7015 -22.862 2
    endloop
  endfacet
  facet normal 0 0 1
    outer loop
      vertex 35.4768 -23.0466 2
      vertex 34.6174 -22.5129 2
      vertex 35.403 -23.0763 2
    endloop
  endfacet
  facet normal 0 0 1
    outer loop
      vertex 35.403 -23.0763 2
      vertex 34.6174 -22.5129 2
      vertex 35.3223 -23.0993 2
    endloop
  endfacet
  facet normal 0 0 1
    outer loop
      vertex 35.3223 -23.0993 2
      vertex 34.6174 -22.5129 2
      vertex 35.2345 -23.1158 2
    endloop
  endfacet
  facet normal -0 0 1
    outer loop
      vertex 34.6174 -22.755 2
      vertex 35.2345 -23.1158 2
      vertex 34.6174 -22.5129 2
    endloop
  endfacet
  facet normal 0 0 1
    outer loop
      vertex 35.2345 -23.1158 2
      vertex 34.6174 -22.755 2
      vertex 35.2749 -23.5573 2
    endloop
  endfacet
  facet normal 0 0 1
    outer loop
      vertex 33.6111 -23.5003 2
      vertex 34.6174 -22.755 2
      vertex 34.2472 -22.755 2
    endloop
  endfacet
  facet normal 0 0 1
    outer loop
      vertex 33.099 -22.5355 2
      vertex 34.2463 -22.4693 2
      vertex 34.2436 -22.4181 2
    endloop
  endfacet
  facet normal 0 0 1
    outer loop
      vertex 33.0947 -22.4952 2
      vertex 34.2436 -22.4181 2
      vertex 34.239 -22.3687 2
    endloop
  endfacet
  facet normal 0 0 1
    outer loop
      vertex 33.0922 -22.4537 2
      vertex 34.239 -22.3687 2
      vertex 34.2327 -22.3212 2
    endloop
  endfacet
  facet normal 0 0 1
    outer loop
      vertex 33.0913 -22.4109 2
      vertex 34.2327 -22.3212 2
      vertex 34.2245 -22.2756 2
    endloop
  endfacet
  facet normal 0 0 1
    outer loop
      vertex 33.0922 -22.3639 2
      vertex 34.2245 -22.2756 2
      vertex 34.2146 -22.2318 2
    endloop
  endfacet
  facet normal 0 0 1
    outer loop
      vertex 33.095 -22.3188 2
      vertex 34.2146 -22.2318 2
      vertex 34.2028 -22.1899 2
    endloop
  endfacet
  facet normal 0 0 1
    outer loop
      vertex 33.095 -22.3188 2
      vertex 34.2028 -22.1899 2
      vertex 34.1892 -22.1499 2
    endloop
  endfacet
  facet normal 0 0 1
    outer loop
      vertex 33.6705 -21.7843 2
      vertex 34.1892 -22.1499 2
      vertex 34.1738 -22.1117 2
    endloop
  endfacet
  facet normal 0 0 1
    outer loop
      vertex 33.6705 -21.7843 2
      vertex 34.1738 -22.1117 2
      vertex 34.1566 -22.0754 2
    endloop
  endfacet
  facet normal 0 0 1
    outer loop
      vertex 33.7114 -21.7854 2
      vertex 34.1566 -22.0754 2
      vertex 34.1376 -22.041 2
    endloop
  endfacet
  facet normal 0 0 1
    outer loop
      vertex 33.7114 -21.7854 2
      vertex 34.1376 -22.041 2
      vertex 34.1167 -22.0084 2
    endloop
  endfacet
  facet normal 0 0 1
    outer loop
      vertex 33.7509 -21.7889 2
      vertex 34.1167 -22.0084 2
      vertex 34.0941 -21.9777 2
    endloop
  endfacet
  facet normal 0 0 1
    outer loop
      vertex 33.7891 -21.7946 2
      vertex 34.0941 -21.9777 2
      vertex 34.0699 -21.9491 2
    endloop
  endfacet
  facet normal 0 0 1
    outer loop
      vertex 33.7891 -21.7946 2
      vertex 34.0699 -21.9491 2
      vertex 34.0442 -21.9228 2
    endloop
  endfacet
  facet normal 0 0 1
    outer loop
      vertex 33.7891 -21.7946 2
      vertex 34.0442 -21.9228 2
      vertex 34.0172 -21.8987 2
    endloop
  endfacet
  facet normal 0 0 1
    outer loop
      vertex 33.7891 -21.7946 2
      vertex 34.0172 -21.8987 2
      vertex 33.9888 -21.877 2
    endloop
  endfacet
  facet normal 0 0 1
    outer loop
      vertex 33.7891 -21.7946 2
      vertex 33.9888 -21.877 2
      vertex 33.959 -21.8575 2
    endloop
  endfacet
  facet normal 0 0 1
    outer loop
      vertex 33.7891 -21.7946 2
      vertex 33.959 -21.8575 2
      vertex 33.9278 -21.8404 2
    endloop
  endfacet
  facet normal 0 0 1
    outer loop
      vertex 33.8612 -21.8129 2
      vertex 33.9278 -21.8404 2
      vertex 33.8952 -21.8255 2
    endloop
  endfacet
  facet normal 0 0 1
    outer loop
      vertex 33.8258 -21.8026 2
      vertex 33.9278 -21.8404 2
      vertex 33.8612 -21.8129 2
    endloop
  endfacet
  facet normal 0 0 1
    outer loop
      vertex 33.7891 -21.7946 2
      vertex 33.9278 -21.8404 2
      vertex 33.8258 -21.8026 2
    endloop
  endfacet
  facet normal 0 0 1
    outer loop
      vertex 34.0941 -21.9777 2
      vertex 33.7891 -21.7946 2
      vertex 33.7509 -21.7889 2
    endloop
  endfacet
  facet normal 0 0 1
    outer loop
      vertex 34.1167 -22.0084 2
      vertex 33.7509 -21.7889 2
      vertex 33.7114 -21.7854 2
    endloop
  endfacet
  facet normal 0 0 1
    outer loop
      vertex 34.1566 -22.0754 2
      vertex 33.7114 -21.7854 2
      vertex 33.6705 -21.7843 2
    endloop
  endfacet
  facet normal 0 0 1
    outer loop
      vertex 34.1892 -22.1499 2
      vertex 33.6705 -21.7843 2
      vertex 33.095 -22.3188 2
    endloop
  endfacet
  facet normal 0 0 1
    outer loop
      vertex 34.2327 -22.3212 2
      vertex 33.0913 -22.4109 2
      vertex 33.0922 -22.4537 2
    endloop
  endfacet
  facet normal 0 0 1
    outer loop
      vertex 33.6111 -23.5003 2
      vertex 34.2472 -22.755 2
      vertex 33.6443 -23.0707 2
    endloop
  endfacet
  facet normal 0 0 1
    outer loop
      vertex 34.6174 -22.755 2
      vertex 33.6111 -23.5003 2
      vertex 35.2749 -23.5573 2
    endloop
  endfacet
  facet normal 0 0 1
    outer loop
      vertex 35.2749 -23.5573 2
      vertex 33.6111 -23.5003 2
      vertex 38 -25 2
    endloop
  endfacet
  facet normal 0 0 1
    outer loop
      vertex 33.549 -23.4915 2
      vertex 38 -25 2
      vertex 33.6111 -23.5003 2
    endloop
  endfacet
  facet normal 0 0 1
    outer loop
      vertex 24.15 -25 2
      vertex 33.549 -23.4915 2
      vertex 33.489 -23.4798 2
    endloop
  endfacet
  facet normal 0 0 1
    outer loop
      vertex 24.15 -25 2
      vertex 33.489 -23.4798 2
      vertex 33.4312 -23.4653 2
    endloop
  endfacet
  facet normal 0 0 1
    outer loop
      vertex 24.15 -25 2
      vertex 33.4312 -23.4653 2
      vertex 33.3755 -23.4478 2
    endloop
  endfacet
  facet normal 0 0 1
    outer loop
      vertex 32.7414 -22.33 2
      vertex 24.15 -25 2
      vertex 32.7401 -22.4061 2
    endloop
  endfacet
  facet normal 0 0 1
    outer loop
      vertex 32.7401 -22.4061 2
      vertex 24.15 -25 2
      vertex 32.7414 -22.476 2
    endloop
  endfacet
  facet normal 0 0 1
    outer loop
      vertex 32.7414 -22.476 2
      vertex 24.15 -25 2
      vertex 32.7455 -22.5438 2
    endloop
  endfacet
  facet normal 0 0 1
    outer loop
      vertex 32.7455 -22.5438 2
      vertex 24.15 -25 2
      vertex 32.7523 -22.6097 2
    endloop
  endfacet
  facet normal 0 0 1
    outer loop
      vertex 24.15 -25 2
      vertex 31 -11.25 2
      vertex 24.15 25 2
    endloop
  endfacet
  facet normal 0 0 1
    outer loop
      vertex 33.549 -23.4915 2
      vertex 24.15 -25 2
      vertex 38 -25 2
    endloop
  endfacet
  facet normal 0 0 1
    outer loop
      vertex 33.3219 -23.4274 2
      vertex 24.15 -25 2
      vertex 33.3755 -23.4478 2
    endloop
  endfacet
  facet normal 0 0 1
    outer loop
      vertex 33.2705 -23.4041 2
      vertex 24.15 -25 2
      vertex 33.3219 -23.4274 2
    endloop
  endfacet
  facet normal 0 0 1
    outer loop
      vertex 33.2212 -23.3779 2
      vertex 24.15 -25 2
      vertex 33.2705 -23.4041 2
    endloop
  endfacet
  facet normal 0 0 1
    outer loop
      vertex 33.1741 -23.3488 2
      vertex 24.15 -25 2
      vertex 33.2212 -23.3779 2
    endloop
  endfacet
  facet normal 0 0 1
    outer loop
      vertex 33.129 -23.3168 2
      vertex 24.15 -25 2
      vertex 33.1741 -23.3488 2
    endloop
  endfacet
  facet normal 0 0 1
    outer loop
      vertex 33.0862 -23.2819 2
      vertex 24.15 -25 2
      vertex 33.129 -23.3168 2
    endloop
  endfacet
  facet normal 0 0 1
    outer loop
      vertex 33.0454 -23.2441 2
      vertex 24.15 -25 2
      vertex 33.0862 -23.2819 2
    endloop
  endfacet
  facet normal 0 0 1
    outer loop
      vertex 33.0068 -23.2033 2
      vertex 24.15 -25 2
      vertex 33.0454 -23.2441 2
    endloop
  endfacet
  facet normal 0 0 1
    outer loop
      vertex 32.9703 -23.1597 2
      vertex 24.15 -25 2
      vertex 33.0068 -23.2033 2
    endloop
  endfacet
  facet normal 0 0 1
    outer loop
      vertex 32.9362 -23.1136 2
      vertex 24.15 -25 2
      vertex 32.9703 -23.1597 2
    endloop
  endfacet
  facet normal 0 0 1
    outer loop
      vertex 32.9049 -23.0655 2
      vertex 24.15 -25 2
      vertex 32.9362 -23.1136 2
    endloop
  endfacet
  facet normal 0 0 1
    outer loop
      vertex 32.8763 -23.0155 2
      vertex 24.15 -25 2
      vertex 32.9049 -23.0655 2
    endloop
  endfacet
  facet normal 0 0 1
    outer loop
      vertex 32.8504 -22.9635 2
      vertex 24.15 -25 2
      vertex 32.8763 -23.0155 2
    endloop
  endfacet
  facet normal 0 0 1
    outer loop
      vertex 32.8272 -22.9095 2
      vertex 24.15 -25 2
      vertex 32.8504 -22.9635 2
    endloop
  endfacet
  facet normal 0 0 1
    outer loop
      vertex 32.8068 -22.8535 2
      vertex 24.15 -25 2
      vertex 32.8272 -22.9095 2
    endloop
  endfacet
  facet normal 0 0 1
    outer loop
      vertex 32.7891 -22.7955 2
      vertex 24.15 -25 2
      vertex 32.8068 -22.8535 2
    endloop
  endfacet
  facet normal 0 0 1
    outer loop
      vertex 32.7741 -22.7355 2
      vertex 24.15 -25 2
      vertex 32.7891 -22.7955 2
    endloop
  endfacet
  facet normal 0 0 1
    outer loop
      vertex 32.7618 -22.6736 2
      vertex 24.15 -25 2
      vertex 32.7741 -22.7355 2
    endloop
  endfacet
  facet normal 0 0 1
    outer loop
      vertex 32.7523 -22.6097 2
      vertex 24.15 -25 2
      vertex 32.7618 -22.6736 2
    endloop
  endfacet
  facet normal 0 0 1
    outer loop
      vertex 36.134 -17.3736 2
      vertex 38 -11.25 2
      vertex 36.134 -16.749 2
    endloop
  endfacet
  facet normal 0 0 1
    outer loop
      vertex 36.134 -17.796 2
      vertex 38 -11.25 2
      vertex 36.134 -17.3736 2
    endloop
  endfacet
  facet normal 0 0 1
    outer loop
      vertex 38 -25 2
      vertex 36.134 -17.796 2
      vertex 36.134 -18.8569 2
    endloop
  endfacet
  facet normal 0 0 1
    outer loop
      vertex 38 -25 2
      vertex 36.134 -18.8569 2
      vertex 36.134 -19.2794 2
    endloop
  endfacet
  facet normal 0 0 1
    outer loop
      vertex 38 -25 2
      vertex 36.134 -19.2794 2
      vertex 36.134 -20.3403 2
    endloop
  endfacet
  facet normal 0 0 1
    outer loop
      vertex 38 -25 2
      vertex 36.134 -20.3403 2
      vertex 36.134 -20.7652 2
    endloop
  endfacet
  facet normal 0 0 1
    outer loop
      vertex 36.1575 -22.075 2
      vertex 36.134 -20.7652 2
      vertex 36.144 -22.0044 2
    endloop
  endfacet
  facet normal 0 0 1
    outer loop
      vertex 36.134 -20.7652 2
      vertex 36.1274 -21.9368 2
      vertex 36.144 -22.0044 2
    endloop
  endfacet
  facet normal 0 0 1
    outer loop
      vertex 36.134 -20.7652 2
      vertex 36.1079 -21.8722 2
      vertex 36.1274 -21.9368 2
    endloop
  endfacet
  facet normal 0 0 1
    outer loop
      vertex 36.134 -20.7652 2
      vertex 36.0853 -21.8105 2
      vertex 36.1079 -21.8722 2
    endloop
  endfacet
  facet normal 0 0 1
    outer loop
      vertex 36.134 -20.7652 2
      vertex 36.0598 -21.7519 2
      vertex 36.0853 -21.8105 2
    endloop
  endfacet
  facet normal 0 0 1
    outer loop
      vertex 36.134 -20.7652 2
      vertex 36.0312 -21.6962 2
      vertex 36.0598 -21.7519 2
    endloop
  endfacet
  facet normal 0 0 1
    outer loop
      vertex 36.134 -20.7652 2
      vertex 35.9997 -21.6434 2
      vertex 36.0312 -21.6962 2
    endloop
  endfacet
  facet normal 0 0 1
    outer loop
      vertex 36.134 -20.7652 2
      vertex 35.9651 -21.5937 2
      vertex 35.9997 -21.6434 2
    endloop
  endfacet
  facet normal 0 0 1
    outer loop
      vertex 36.134 -20.7652 2
      vertex 35.9276 -21.547 2
      vertex 35.9651 -21.5937 2
    endloop
  endfacet
  facet normal 0 0 1
    outer loop
      vertex 36.134 -20.7652 2
      vertex 35.8873 -21.5034 2
      vertex 35.9276 -21.547 2
    endloop
  endfacet
  facet normal 0 0 1
    outer loop
      vertex 36.134 -20.7652 2
      vertex 35.8445 -21.4634 2
      vertex 35.8873 -21.5034 2
    endloop
  endfacet
  facet normal 0 0 1
    outer loop
      vertex 36.134 -20.7652 2
      vertex 35.7992 -21.4268 2
      vertex 35.8445 -21.4634 2
    endloop
  endfacet
  facet normal 0 0 1
    outer loop
      vertex 36.134 -20.7652 2
      vertex 35.7515 -21.3937 2
      vertex 35.7992 -21.4268 2
    endloop
  endfacet
  facet normal 0 0 1
    outer loop
      vertex 36.134 -20.7652 2
      vertex 35.7013 -21.3641 2
      vertex 35.7515 -21.3937 2
    endloop
  endfacet
  facet normal 0 0 1
    outer loop
      vertex 36.134 -20.7652 2
      vertex 35.6486 -21.338 2
      vertex 35.7013 -21.3641 2
    endloop
  endfacet
  facet normal 0 0 1
    outer loop
      vertex 36.134 -20.7652 2
      vertex 35.5935 -21.3153 2
      vertex 35.6486 -21.338 2
    endloop
  endfacet
  facet normal 0 0 1
    outer loop
      vertex 36.134 -20.7652 2
      vertex 35.5359 -21.2962 2
      vertex 35.5935 -21.3153 2
    endloop
  endfacet
  facet normal 0 0 1
    outer loop
      vertex 36.134 -20.7652 2
      vertex 35.4758 -21.2805 2
      vertex 35.5359 -21.2962 2
    endloop
  endfacet
  facet normal 0 0 1
    outer loop
      vertex 36.134 -20.7652 2
      vertex 35.4133 -21.2683 2
      vertex 35.4758 -21.2805 2
    endloop
  endfacet
  facet normal 0 0 1
    outer loop
      vertex 36.134 -20.7652 2
      vertex 35.3483 -21.2596 2
      vertex 35.4133 -21.2683 2
    endloop
  endfacet
  facet normal 0 0 1
    outer loop
      vertex 36.134 -20.7652 2
      vertex 35.2808 -21.2544 2
      vertex 35.3483 -21.2596 2
    endloop
  endfacet
  facet normal 0 0 1
    outer loop
      vertex 36.134 -20.7652 2
      vertex 35.2108 -21.2526 2
      vertex 35.2808 -21.2544 2
    endloop
  endfacet
  facet normal 0 0 1
    outer loop
      vertex 36.134 -20.7652 2
      vertex 35.1621 -21.2539 2
      vertex 35.2108 -21.2526 2
    endloop
  endfacet
  facet normal -0 0 1
    outer loop
      vertex 34.1143 -20.7652 2
      vertex 35.1621 -21.2539 2
      vertex 36.134 -20.7652 2
    endloop
  endfacet
  facet normal 0 0 1
    outer loop
      vertex 35.1621 -21.2539 2
      vertex 34.1143 -20.7652 2
      vertex 35.1148 -21.2576 2
    endloop
  endfacet
  facet normal 0 0 1
    outer loop
      vertex 35.1148 -21.2576 2
      vertex 34.1143 -20.7652 2
      vertex 35.0687 -21.2638 2
    endloop
  endfacet
  facet normal 0 0 1
    outer loop
      vertex 35.0687 -21.2638 2
      vertex 34.1143 -20.7652 2
      vertex 35.0239 -21.2724 2
    endloop
  endfacet
  facet normal 0 0 1
    outer loop
      vertex 35.0239 -21.2724 2
      vertex 34.1143 -20.7652 2
      vertex 34.9805 -21.2835 2
    endloop
  endfacet
  facet normal 0 0 1
    outer loop
      vertex 34.9805 -21.2835 2
      vertex 34.1143 -20.7652 2
      vertex 34.9383 -21.2971 2
    endloop
  endfacet
  facet normal -0 0 1
    outer loop
      vertex 34.4064 -21.9937 2
      vertex 34.4276 -22.0453 2
      vertex 34.4348 -21.9886 2
    endloop
  endfacet
  facet normal -0 0 1
    outer loop
      vertex 34.3931 -21.944 2
      vertex 34.4348 -21.9886 2
      vertex 34.444 -21.9339 2
    endloop
  endfacet
  facet normal -0 0 1
    outer loop
      vertex 34.3783 -21.8963 2
      vertex 34.444 -21.9339 2
      vertex 34.4553 -21.8811 2
    endloop
  endfacet
  facet normal 0 0 1
    outer loop
      vertex 34.4276 -22.0453 2
      vertex 34.4064 -21.9937 2
      vertex 34.4181 -22.0453 2
    endloop
  endfacet
  facet normal -0 0 1
    outer loop
      vertex 34.362 -21.8504 2
      vertex 34.4553 -21.8811 2
      vertex 34.4686 -21.8303 2
    endloop
  endfacet
  facet normal -0 0 1
    outer loop
      vertex 34.3442 -21.8065 2
      vertex 34.4686 -21.8303 2
      vertex 34.4839 -21.7815 2
    endloop
  endfacet
  facet normal 0 0 1
    outer loop
      vertex 34.4348 -21.9886 2
      vertex 34.3931 -21.944 2
      vertex 34.4064 -21.9937 2
    endloop
  endfacet
  facet normal -0 0 1
    outer loop
      vertex 34.3248 -21.7645 2
      vertex 34.4839 -21.7815 2
      vertex 34.5012 -21.7346 2
    endloop
  endfacet
  facet normal -0 0 1
    outer loop
      vertex 34.3039 -21.7244 2
      vertex 34.5012 -21.7346 2
      vertex 34.5206 -21.6897 2
    endloop
  endfacet
  facet normal -0 0 1
    outer loop
      vertex 34.2814 -21.6863 2
      vertex 34.5206 -21.6897 2
      vertex 34.5419 -21.6467 2
    endloop
  endfacet
  facet normal 0 0 1
    outer loop
      vertex 34.444 -21.9339 2
      vertex 34.3783 -21.8963 2
      vertex 34.3931 -21.944 2
    endloop
  endfacet
  facet normal 0 0 1
    outer loop
      vertex 34.2575 -21.65 2
      vertex 34.5419 -21.6467 2
      vertex 34.5653 -21.6058 2
    endloop
  endfacet
  facet normal 0 0 1
    outer loop
      vertex 34.4553 -21.8811 2
      vertex 34.362 -21.8504 2
      vertex 34.3783 -21.8963 2
    endloop
  endfacet
  facet normal 0 0 1
    outer loop
      vertex 34.232 -21.6157 2
      vertex 34.5653 -21.6058 2
      vertex 34.5907 -21.5668 2
    endloop
  endfacet
  facet normal 0 0 1
    outer loop
      vertex 34.205 -21.5834 2
      vertex 34.5907 -21.5668 2
      vertex 34.6182 -21.5297 2
    endloop
  endfacet
  facet normal 0 0 1
    outer loop
      vertex 34.4686 -21.8303 2
      vertex 34.3442 -21.8065 2
      vertex 34.362 -21.8504 2
    endloop
  endfacet
  facet normal 0 0 1
    outer loop
      vertex 34.1764 -21.5529 2
      vertex 34.6182 -21.5297 2
      vertex 34.6477 -21.4946 2
    endloop
  endfacet
  facet normal 0 0 1
    outer loop
      vertex 34.1147 -21.4979 2
      vertex 34.6477 -21.4946 2
      vertex 34.6791 -21.4615 2
    endloop
  endfacet
  facet normal 0 0 1
    outer loop
      vertex 34.4839 -21.7815 2
      vertex 34.3248 -21.7645 2
      vertex 34.3442 -21.8065 2
    endloop
  endfacet
  facet normal 0 0 1
    outer loop
      vertex 34.1143 -20.7652 2
      vertex 34.6791 -21.4615 2
      vertex 34.7123 -21.4306 2
    endloop
  endfacet
  facet normal 0 0 1
    outer loop
      vertex 34.5012 -21.7346 2
      vertex 34.3039 -21.7244 2
      vertex 34.3248 -21.7645 2
    endloop
  endfacet
  facet normal 0 0 1
    outer loop
      vertex 34.1143 -20.7652 2
      vertex 34.7123 -21.4306 2
      vertex 34.7467 -21.4022 2
    endloop
  endfacet
  facet normal 0 0 1
    outer loop
      vertex 34.5206 -21.6897 2
      vertex 34.2814 -21.6863 2
      vertex 34.3039 -21.7244 2
    endloop
  endfacet
  facet normal 0 0 1
    outer loop
      vertex 34.1143 -20.7652 2
      vertex 34.7467 -21.4022 2
      vertex 34.7824 -21.3762 2
    endloop
  endfacet
  facet normal 0 0 1
    outer loop
      vertex 34.1143 -20.7652 2
      vertex 34.7824 -21.3762 2
      vertex 34.8195 -21.3528 2
    endloop
  endfacet
  facet normal 0 0 1
    outer loop
      vertex 34.5419 -21.6467 2
      vertex 34.2575 -21.65 2
      vertex 34.2814 -21.6863 2
    endloop
  endfacet
  facet normal 0 0 1
    outer loop
      vertex 34.1143 -20.7652 2
      vertex 34.8195 -21.3528 2
      vertex 34.8578 -21.3317 2
    endloop
  endfacet
  facet normal 0 0 1
    outer loop
      vertex 34.5653 -21.6058 2
      vertex 34.232 -21.6157 2
      vertex 34.2575 -21.65 2
    endloop
  endfacet
  facet normal 0 0 1
    outer loop
      vertex 34.1143 -20.7652 2
      vertex 34.8578 -21.3317 2
      vertex 34.8974 -21.3132 2
    endloop
  endfacet
  facet normal 0 0 1
    outer loop
      vertex 34.5907 -21.5668 2
      vertex 34.205 -21.5834 2
      vertex 34.232 -21.6157 2
    endloop
  endfacet
  facet normal 0 0 1
    outer loop
      vertex 34.9383 -21.2971 2
      vertex 34.1143 -20.7652 2
      vertex 34.8974 -21.3132 2
    endloop
  endfacet
  facet normal 0 0 1
    outer loop
      vertex 34.6791 -21.4615 2
      vertex 34.1143 -20.7652 2
      vertex 34.1147 -21.4979 2
    endloop
  endfacet
  facet normal 0 0 1
    outer loop
      vertex 34.6182 -21.5297 2
      vertex 34.1764 -21.5529 2
      vertex 34.205 -21.5834 2
    endloop
  endfacet
  facet normal 0 0 1
    outer loop
      vertex 34.6477 -21.4946 2
      vertex 34.1463 -21.5244 2
      vertex 34.1764 -21.5529 2
    endloop
  endfacet
  facet normal 0 0 1
    outer loop
      vertex 34.6477 -21.4946 2
      vertex 34.1147 -21.4979 2
      vertex 34.1463 -21.5244 2
    endloop
  endfacet
  facet normal 0 0 1
    outer loop
      vertex 34.1143 -20.7652 2
      vertex 34.0818 -21.4735 2
      vertex 34.1147 -21.4979 2
    endloop
  endfacet
  facet normal 0 0 1
    outer loop
      vertex 34.1143 -20.7652 2
      vertex 34.0474 -21.4512 2
      vertex 34.0818 -21.4735 2
    endloop
  endfacet
  facet normal 0 0 1
    outer loop
      vertex 33.9743 -21.413 2
      vertex 34.1143 -20.7652 2
      vertex 34.0473 -20.7653 2
    endloop
  endfacet
  facet normal 0 0 1
    outer loop
      vertex 34.1143 -20.7652 2
      vertex 34.0116 -21.4311 2
      vertex 34.0474 -21.4512 2
    endloop
  endfacet
  facet normal 0 0 1
    outer loop
      vertex 33.9357 -21.3971 2
      vertex 34.0473 -20.7653 2
      vertex 33.9845 -20.7655 2
    endloop
  endfacet
  facet normal 0 0 1
    outer loop
      vertex 34.1143 -20.7652 2
      vertex 33.9743 -21.413 2
      vertex 34.0116 -21.4311 2
    endloop
  endfacet
  facet normal 0 0 1
    outer loop
      vertex 34.0473 -20.7653 2
      vertex 33.9357 -21.3971 2
      vertex 33.9743 -21.413 2
    endloop
  endfacet
  facet normal 0 0 1
    outer loop
      vertex 33.8956 -21.3833 2
      vertex 33.9845 -20.7655 2
      vertex 33.9258 -20.766 2
    endloop
  endfacet
  facet normal 0 0 1
    outer loop
      vertex 33.9845 -20.7655 2
      vertex 33.8956 -21.3833 2
      vertex 33.9357 -21.3971 2
    endloop
  endfacet
  facet normal 0 0 1
    outer loop
      vertex 33.8541 -21.3717 2
      vertex 33.9258 -20.766 2
      vertex 33.8713 -20.7666 2
    endloop
  endfacet
  facet normal 0 0 1
    outer loop
      vertex 33.9258 -20.766 2
      vertex 33.8541 -21.3717 2
      vertex 33.8956 -21.3833 2
    endloop
  endfacet
  facet normal 0 0 1
    outer loop
      vertex 33.8112 -21.3621 2
      vertex 33.8713 -20.7666 2
      vertex 33.8208 -20.7673 2
    endloop
  endfacet
  facet normal 0 0 1
    outer loop
      vertex 33.8713 -20.7666 2
      vertex 33.8112 -21.3621 2
      vertex 33.8541 -21.3717 2
    endloop
  endfacet
  facet normal 0 0 1
    outer loop
      vertex 33.7668 -21.3547 2
      vertex 33.8208 -20.7673 2
      vertex 33.7745 -20.7682 2
    endloop
  endfacet
  facet normal 0 0 1
    outer loop
      vertex 33.8208 -20.7673 2
      vertex 33.7668 -21.3547 2
      vertex 33.8112 -21.3621 2
    endloop
  endfacet
  facet normal 0 0 1
    outer loop
      vertex 33.7211 -21.3494 2
      vertex 33.7745 -20.7682 2
      vertex 33.7323 -20.7693 2
    endloop
  endfacet
  facet normal 0 0 1
    outer loop
      vertex 33.7745 -20.7682 2
      vertex 33.7211 -21.3494 2
      vertex 33.7668 -21.3547 2
    endloop
  endfacet
  facet normal -0 0 1
    outer loop
      vertex 33.6943 -20.7706 2
      vertex 33.7211 -21.3494 2
      vertex 33.7323 -20.7693 2
    endloop
  endfacet
  facet normal 0 0 1
    outer loop
      vertex 33.6943 -20.7706 2
      vertex 33.6739 -21.3462 2
      vertex 33.7211 -21.3494 2
    endloop
  endfacet
  facet normal -0 0 1
    outer loop
      vertex 33.6604 -20.772 2
      vertex 33.6739 -21.3462 2
      vertex 33.6943 -20.7706 2
    endloop
  endfacet
  facet normal -0 0 1
    outer loop
      vertex 33.6306 -20.7736 2
      vertex 33.6739 -21.3462 2
      vertex 33.6604 -20.772 2
    endloop
  endfacet
  facet normal 0 0 1
    outer loop
      vertex 33.6306 -20.7736 2
      vertex 33.6253 -21.3452 2
      vertex 33.6739 -21.3462 2
    endloop
  endfacet
  facet normal -0 0 1
    outer loop
      vertex 33.6049 -20.7754 2
      vertex 33.6253 -21.3452 2
      vertex 33.6306 -20.7736 2
    endloop
  endfacet
  facet normal -0 0 1
    outer loop
      vertex 33.5834 -20.7773 2
      vertex 33.6253 -21.3452 2
      vertex 33.6049 -20.7754 2
    endloop
  endfacet
  facet normal -0 0 1
    outer loop
      vertex 33.566 -20.7794 2
      vertex 33.6253 -21.3452 2
      vertex 33.5834 -20.7773 2
    endloop
  endfacet
  facet normal 0 0 1
    outer loop
      vertex 33.6253 -21.3452 2
      vertex 33.566 -20.7794 2
      vertex 33.5622 -21.3468 2
    endloop
  endfacet
  facet normal 0 0 1
    outer loop
      vertex 33.9502 -20.3584 2
      vertex 34.0051 -20.3498 2
      vertex 33.9641 -20.3284 2
    endloop
  endfacet
  facet normal 0 0 1
    outer loop
      vertex 34.0051 -20.3498 2
      vertex 33.9502 -20.3584 2
      vertex 34.0051 -20.357 2
    endloop
  endfacet
  facet normal 0 0 1
    outer loop
      vertex 33.925 -20.3065 2
      vertex 33.9502 -20.3584 2
      vertex 33.9641 -20.3284 2
    endloop
  endfacet
  facet normal 0 0 1
    outer loop
      vertex 33.925 -20.3065 2
      vertex 33.9011 -20.3598 2
      vertex 33.9502 -20.3584 2
    endloop
  endfacet
  facet normal 0 0 1
    outer loop
      vertex 33.888 -20.2841 2
      vertex 33.9011 -20.3598 2
      vertex 33.925 -20.3065 2
    endloop
  endfacet
  facet normal 0 0 1
    outer loop
      vertex 33.888 -20.2841 2
      vertex 33.8576 -20.3611 2
      vertex 33.9011 -20.3598 2
    endloop
  endfacet
  facet normal 0 0 1
    outer loop
      vertex 33.8529 -20.2613 2
      vertex 33.8576 -20.3611 2
      vertex 33.888 -20.2841 2
    endloop
  endfacet
  facet normal 0 0 1
    outer loop
      vertex 33.8029 -20.3629 2
      vertex 33.8529 -20.2613 2
      vertex 33.8197 -20.238 2
    endloop
  endfacet
  facet normal 0 0 1
    outer loop
      vertex 33.8529 -20.2613 2
      vertex 33.8197 -20.3623 2
      vertex 33.8576 -20.3611 2
    endloop
  endfacet
  facet normal 0 0 1
    outer loop
      vertex 33.8529 -20.2613 2
      vertex 33.8029 -20.3629 2
      vertex 33.8197 -20.3623 2
    endloop
  endfacet
  facet normal 0 0 1
    outer loop
      vertex 33.7611 -20.3647 2
      vertex 33.8197 -20.238 2
      vertex 33.7885 -20.2142 2
    endloop
  endfacet
  facet normal 0 0 1
    outer loop
      vertex 33.8197 -20.238 2
      vertex 33.7736 -20.3641 2
      vertex 33.8029 -20.3629 2
    endloop
  endfacet
  facet normal 0 0 1
    outer loop
      vertex 33.8197 -20.238 2
      vertex 33.7611 -20.3647 2
      vertex 33.7736 -20.3641 2
    endloop
  endfacet
  facet normal 0 0 1
    outer loop
      vertex 33.7593 -20.1899 2
      vertex 33.7611 -20.3647 2
      vertex 33.7885 -20.2142 2
    endloop
  endfacet
  facet normal 0 0 1
    outer loop
      vertex 33.6637 -20.3696 2
      vertex 33.7593 -20.1899 2
      vertex 33.7321 -20.1651 2
    endloop
  endfacet
  facet normal 0 0 1
    outer loop
      vertex 33.615 -20.3719 2
      vertex 33.7321 -20.1651 2
      vertex 33.7068 -20.1399 2
    endloop
  endfacet
  facet normal 0 0 1
    outer loop
      vertex 33.6018 -20.3727 2
      vertex 33.7068 -20.1399 2
      vertex 33.6835 -20.1142 2
    endloop
  endfacet
  facet normal 0 0 1
    outer loop
      vertex 33.7593 -20.1899 2
      vertex 33.6637 -20.3696 2
      vertex 33.7611 -20.3647 2
    endloop
  endfacet
  facet normal 0 0 1
    outer loop
      vertex 33.5681 -20.3756 2
      vertex 33.6835 -20.1142 2
      vertex 33.6622 -20.088 2
    endloop
  endfacet
  facet normal 0 0 1
    outer loop
      vertex 33.566 -20.3759 2
      vertex 33.6622 -20.088 2
      vertex 33.6428 -20.0613 2
    endloop
  endfacet
  facet normal 0 0 1
    outer loop
      vertex 33.566 -20.3759 2
      vertex 33.6428 -20.0613 2
      vertex 33.6254 -20.0342 2
    endloop
  endfacet
  facet normal 0 0 1
    outer loop
      vertex 33.7321 -20.1651 2
      vertex 33.615 -20.3719 2
      vertex 33.6637 -20.3696 2
    endloop
  endfacet
  facet normal 0 0 1
    outer loop
      vertex 33.566 -20.3759 2
      vertex 33.6254 -20.0342 2
      vertex 33.6096 -20.0063 2
    endloop
  endfacet
  facet normal 0 0 1
    outer loop
      vertex 33.7068 -20.1399 2
      vertex 33.6018 -20.3727 2
      vertex 33.615 -20.3719 2
    endloop
  endfacet
  facet normal 0 0 1
    outer loop
      vertex 33.566 -20.3759 2
      vertex 33.6096 -20.0063 2
      vertex 33.595 -19.9775 2
    endloop
  endfacet
  facet normal 0 0 1
    outer loop
      vertex 33.6835 -20.1142 2
      vertex 33.5905 -20.3734 2
      vertex 33.6018 -20.3727 2
    endloop
  endfacet
  facet normal 0 0 1
    outer loop
      vertex 33.566 -20.3759 2
      vertex 33.595 -19.9775 2
      vertex 33.5818 -19.9478 2
    endloop
  endfacet
  facet normal 0 0 1
    outer loop
      vertex 33.6835 -20.1142 2
      vertex 33.5811 -20.3741 2
      vertex 33.5905 -20.3734 2
    endloop
  endfacet
  facet normal 0 0 1
    outer loop
      vertex 33.6835 -20.1142 2
      vertex 33.5771 -20.3745 2
      vertex 33.5811 -20.3741 2
    endloop
  endfacet
  facet normal 0 0 1
    outer loop
      vertex 33.6835 -20.1142 2
      vertex 33.5736 -20.3748 2
      vertex 33.5771 -20.3745 2
    endloop
  endfacet
  facet normal 0 0 1
    outer loop
      vertex 33.6835 -20.1142 2
      vertex 33.5706 -20.3752 2
      vertex 33.5736 -20.3748 2
    endloop
  endfacet
  facet normal 0 0 1
    outer loop
      vertex 33.566 -20.3759 2
      vertex 33.5818 -19.9478 2
      vertex 33.5697 -19.9172 2
    endloop
  endfacet
  facet normal 0 0 1
    outer loop
      vertex 33.6835 -20.1142 2
      vertex 33.5681 -20.3756 2
      vertex 33.5706 -20.3752 2
    endloop
  endfacet
  facet normal 0 0 1
    outer loop
      vertex 33.6622 -20.088 2
      vertex 33.566 -20.3759 2
      vertex 33.5681 -20.3756 2
    endloop
  endfacet
  facet normal 0 0 1
    outer loop
      vertex 33.5012 -21.3518 2
      vertex 33.566 -20.7794 2
      vertex 33.566 -20.3759 2
    endloop
  endfacet
  facet normal 0 0 1
    outer loop
      vertex 33.559 -19.8857 2
      vertex 33.566 -20.3759 2
      vertex 33.5697 -19.9172 2
    endloop
  endfacet
  facet normal 0 0 1
    outer loop
      vertex 33.5495 -19.8532 2
      vertex 33.566 -20.3759 2
      vertex 33.559 -19.8857 2
    endloop
  endfacet
  facet normal 0 0 1
    outer loop
      vertex 33.5413 -19.8197 2
      vertex 33.566 -20.3759 2
      vertex 33.5495 -19.8532 2
    endloop
  endfacet
  facet normal 0 0 1
    outer loop
      vertex 33.5344 -19.7854 2
      vertex 33.566 -20.3759 2
      vertex 33.5413 -19.8197 2
    endloop
  endfacet
  facet normal 0 0 1
    outer loop
      vertex 33.5287 -19.7502 2
      vertex 33.566 -20.3759 2
      vertex 33.5344 -19.7854 2
    endloop
  endfacet
  facet normal 0 0 1
    outer loop
      vertex 33.566 -20.3759 2
      vertex 33.5287 -19.7502 2
      vertex 33.5012 -21.3518 2
    endloop
  endfacet
  facet normal 0 0 1
    outer loop
      vertex 33.5012 -21.3518 2
      vertex 33.5287 -19.7502 2
      vertex 33.5242 -19.714 2
    endloop
  endfacet
  facet normal 0 0 1
    outer loop
      vertex 33.5012 -21.3518 2
      vertex 33.5242 -19.714 2
      vertex 33.5211 -19.6768 2
    endloop
  endfacet
  facet normal 0 0 1
    outer loop
      vertex 33.5012 -21.3518 2
      vertex 33.5211 -19.6768 2
      vertex 33.5192 -19.6388 2
    endloop
  endfacet
  facet normal 0 0 1
    outer loop
      vertex 33.566 -20.7794 2
      vertex 33.5012 -21.3518 2
      vertex 33.5622 -21.3468 2
    endloop
  endfacet
  facet normal 0 0 1
    outer loop
      vertex 33.5012 -21.3518 2
      vertex 33.5192 -19.6388 2
      vertex 33.5186 -19.5998 2
    endloop
  endfacet
  facet normal 0 0 1
    outer loop
      vertex 33.095 -22.3188 2
      vertex 33.6705 -21.7843 2
      vertex 33.6299 -21.7852 2
    endloop
  endfacet
  facet normal 0 0 1
    outer loop
      vertex 34.2436 -22.4181 2
      vertex 33.0947 -22.4952 2
      vertex 33.099 -22.5355 2
    endloop
  endfacet
  facet normal 0 0 1
    outer loop
      vertex 33.0996 -22.2755 2
      vertex 33.6299 -21.7852 2
      vertex 33.5906 -21.788 2
    endloop
  endfacet
  facet normal 0 0 1
    outer loop
      vertex 34.2463 -22.4693 2
      vertex 33.099 -22.5355 2
      vertex 33.5291 -23.0498 2
    endloop
  endfacet
  facet normal 0 0 1
    outer loop
      vertex 33.106 -22.234 2
      vertex 33.5906 -21.788 2
      vertex 33.5527 -21.7927 2
    endloop
  endfacet
  facet normal 0 0 1
    outer loop
      vertex 34.239 -22.3687 2
      vertex 33.0922 -22.4537 2
      vertex 33.0947 -22.4952 2
    endloop
  endfacet
  facet normal 0 0 1
    outer loop
      vertex 33.1143 -22.1944 2
      vertex 33.5527 -21.7927 2
      vertex 33.5161 -21.7992 2
    endloop
  endfacet
  facet normal 0 0 1
    outer loop
      vertex 34.2472 -22.5224 2
      vertex 33.6443 -23.0707 2
      vertex 34.2472 -22.755 2
    endloop
  endfacet
  facet normal 0 0 1
    outer loop
      vertex 33.1143 -22.1944 2
      vertex 33.5161 -21.7992 2
      vertex 33.4808 -21.8076 2
    endloop
  endfacet
  facet normal 0 0 1
    outer loop
      vertex 34.2472 -22.5224 2
      vertex 33.6045 -23.0654 2
      vertex 33.6443 -23.0707 2
    endloop
  endfacet
  facet normal 0 0 1
    outer loop
      vertex 33.1244 -22.1565 2
      vertex 33.4808 -21.8076 2
      vertex 33.4469 -21.8179 2
    endloop
  endfacet
  facet normal 0 0 1
    outer loop
      vertex 34.2463 -22.4693 2
      vertex 33.5661 -23.0585 2
      vertex 33.6045 -23.0654 2
    endloop
  endfacet
  facet normal 0 0 1
    outer loop
      vertex 33.1244 -22.1565 2
      vertex 33.4469 -21.8179 2
      vertex 33.4143 -21.83 2
    endloop
  endfacet
  facet normal 0 0 1
    outer loop
      vertex 34.2463 -22.4693 2
      vertex 33.5291 -23.0498 2
      vertex 33.5661 -23.0585 2
    endloop
  endfacet
  facet normal 0 0 1
    outer loop
      vertex 33.1364 -22.1204 2
      vertex 33.4143 -21.83 2
      vertex 33.3831 -21.8441 2
    endloop
  endfacet
  facet normal 0 0 1
    outer loop
      vertex 33.5291 -23.0498 2
      vertex 33.099 -22.5355 2
      vertex 33.4934 -23.0393 2
    endloop
  endfacet
  facet normal 0 0 1
    outer loop
      vertex 33.1364 -22.1204 2
      vertex 33.3831 -21.8441 2
      vertex 33.3531 -21.8599 2
    endloop
  endfacet
  facet normal 0 0 1
    outer loop
      vertex 33.4934 -23.0393 2
      vertex 33.099 -22.5355 2
      vertex 33.4592 -23.0272 2
    endloop
  endfacet
  facet normal 0 0 1
    outer loop
      vertex 33.1364 -22.1204 2
      vertex 33.3531 -21.8599 2
      vertex 33.3245 -21.8777 2
    endloop
  endfacet
  facet normal 0 0 1
    outer loop
      vertex 33.4592 -23.0272 2
      vertex 33.099 -22.5355 2
      vertex 33.4264 -23.0133 2
    endloop
  endfacet
  facet normal 0 0 1
    outer loop
      vertex 33.1364 -22.1204 2
      vertex 33.3245 -21.8777 2
      vertex 33.2973 -21.8973 2
    endloop
  endfacet
  facet normal 0 0 1
    outer loop
      vertex 33.4264 -23.0133 2
      vertex 33.099 -22.5355 2
      vertex 33.395 -22.9977 2
    endloop
  endfacet
  facet normal 0 0 1
    outer loop
      vertex 33.1364 -22.1204 2
      vertex 33.2973 -21.8973 2
      vertex 33.2714 -21.9188 2
    endloop
  endfacet
  facet normal 0 0 1
    outer loop
      vertex 33.395 -22.9977 2
      vertex 33.099 -22.5355 2
      vertex 33.365 -22.9803 2
    endloop
  endfacet
  facet normal 0 0 1
    outer loop
      vertex 33.1364 -22.1204 2
      vertex 33.2714 -21.9188 2
      vertex 33.2468 -21.9421 2
    endloop
  endfacet
  facet normal 0 0 1
    outer loop
      vertex 33.365 -22.9803 2
      vertex 33.099 -22.5355 2
      vertex 33.3364 -22.9613 2
    endloop
  endfacet
  facet normal 0 0 1
    outer loop
      vertex 33.1364 -22.1204 2
      vertex 33.2468 -21.9421 2
      vertex 33.2238 -21.9673 2
    endloop
  endfacet
  facet normal 0 0 1
    outer loop
      vertex 33.3364 -22.9613 2
      vertex 33.099 -22.5355 2
      vertex 33.3092 -22.9405 2
    endloop
  endfacet
  facet normal 0 0 1
    outer loop
      vertex 33.1364 -22.1204 2
      vertex 33.2238 -21.9673 2
      vertex 33.2026 -21.9943 2
    endloop
  endfacet
  facet normal 0 0 1
    outer loop
      vertex 34.2245 -22.2756 2
      vertex 33.0922 -22.3639 2
      vertex 33.0913 -22.4109 2
    endloop
  endfacet
  facet normal 0 0 1
    outer loop
      vertex 33.1364 -22.1204 2
      vertex 33.2026 -21.9943 2
      vertex 33.1833 -22.0231 2
    endloop
  endfacet
  facet normal 0 0 1
    outer loop
      vertex 33.3092 -22.9405 2
      vertex 33.099 -22.5355 2
      vertex 33.2835 -22.918 2
    endloop
  endfacet
  facet normal 0 0 1
    outer loop
      vertex 33.1502 -22.0862 2
      vertex 33.1833 -22.0231 2
      vertex 33.1658 -22.0537 2
    endloop
  endfacet
  facet normal 0 0 1
    outer loop
      vertex 33.2835 -22.918 2
      vertex 33.099 -22.5355 2
      vertex 33.2591 -22.8937 2
    endloop
  endfacet
  facet normal 0 0 1
    outer loop
      vertex 33.1364 -22.1204 2
      vertex 33.1833 -22.0231 2
      vertex 33.1502 -22.0862 2
    endloop
  endfacet
  facet normal 0 0 1
    outer loop
      vertex 33.2591 -22.8937 2
      vertex 33.099 -22.5355 2
      vertex 33.2361 -22.8678 2
    endloop
  endfacet
  facet normal 0 0 1
    outer loop
      vertex 33.4143 -21.83 2
      vertex 33.1364 -22.1204 2
      vertex 33.1244 -22.1565 2
    endloop
  endfacet
  facet normal 0 0 1
    outer loop
      vertex 33.2361 -22.8678 2
      vertex 33.099 -22.5355 2
      vertex 33.2147 -22.8403 2
    endloop
  endfacet
  facet normal 0 0 1
    outer loop
      vertex 33.4808 -21.8076 2
      vertex 33.1244 -22.1565 2
      vertex 33.1143 -22.1944 2
    endloop
  endfacet
  facet normal 0 0 1
    outer loop
      vertex 33.6299 -21.7852 2
      vertex 33.0996 -22.2755 2
      vertex 33.095 -22.3188 2
    endloop
  endfacet
  facet normal 0 0 1
    outer loop
      vertex 33.5527 -21.7927 2
      vertex 33.1143 -22.1944 2
      vertex 33.106 -22.234 2
    endloop
  endfacet
  facet normal 0 0 1
    outer loop
      vertex 33.5906 -21.788 2
      vertex 33.106 -22.234 2
      vertex 33.0996 -22.2755 2
    endloop
  endfacet
  facet normal 0 0 1
    outer loop
      vertex 34.2146 -22.2318 2
      vertex 33.095 -22.3188 2
      vertex 33.0922 -22.3639 2
    endloop
  endfacet
  facet normal 0 0 1
    outer loop
      vertex 33.1333 -22.6837 2
      vertex 33.1127 -22.6122 2
      vertex 33.1221 -22.6486 2
    endloop
  endfacet
  facet normal 0 0 1
    outer loop
      vertex 33.1333 -22.6837 2
      vertex 33.105 -22.5744 2
      vertex 33.1127 -22.6122 2
    endloop
  endfacet
  facet normal 0 0 1
    outer loop
      vertex 33.1333 -22.6837 2
      vertex 33.099 -22.5355 2
      vertex 33.105 -22.5744 2
    endloop
  endfacet
  facet normal 0 0 1
    outer loop
      vertex 33.2147 -22.8403 2
      vertex 33.099 -22.5355 2
      vertex 33.195 -22.8115 2
    endloop
  endfacet
  facet normal 0 0 1
    outer loop
      vertex 33.1461 -22.7176 2
      vertex 33.099 -22.5355 2
      vertex 33.1333 -22.6837 2
    endloop
  endfacet
  facet normal 0 0 1
    outer loop
      vertex 33.177 -22.7815 2
      vertex 33.099 -22.5355 2
      vertex 33.1607 -22.7502 2
    endloop
  endfacet
  facet normal 0 0 1
    outer loop
      vertex 33.1607 -22.7502 2
      vertex 33.099 -22.5355 2
      vertex 33.1461 -22.7176 2
    endloop
  endfacet
  facet normal 0 0 1
    outer loop
      vertex 33.195 -22.8115 2
      vertex 33.099 -22.5355 2
      vertex 33.177 -22.7815 2
    endloop
  endfacet
  facet normal 0 0 1
    outer loop
      vertex 34.0051 -18.8949 2
      vertex 33.9668 -18.9129 2
      vertex 34.0051 -18.9021 2
    endloop
  endfacet
  facet normal 0 0 1
    outer loop
      vertex 33.9662 -18.8741 2
      vertex 33.9668 -18.9129 2
      vertex 34.0051 -18.8949 2
    endloop
  endfacet
  facet normal 0 0 1
    outer loop
      vertex 33.9662 -18.8741 2
      vertex 33.9302 -18.925 2
      vertex 33.9668 -18.9129 2
    endloop
  endfacet
  facet normal 0 0 1
    outer loop
      vertex 33.9289 -18.8527 2
      vertex 33.9302 -18.925 2
      vertex 33.9662 -18.8741 2
    endloop
  endfacet
  facet normal 0 0 1
    outer loop
      vertex 33.9289 -18.8527 2
      vertex 33.8952 -18.9382 2
      vertex 33.9302 -18.925 2
    endloop
  endfacet
  facet normal 0 0 1
    outer loop
      vertex 33.8934 -18.8306 2
      vertex 33.8952 -18.9382 2
      vertex 33.9289 -18.8527 2
    endloop
  endfacet
  facet normal 0 0 1
    outer loop
      vertex 33.8934 -18.8306 2
      vertex 33.8618 -18.9527 2
      vertex 33.8952 -18.9382 2
    endloop
  endfacet
  facet normal 0 0 1
    outer loop
      vertex 33.8596 -18.8079 2
      vertex 33.8618 -18.9527 2
      vertex 33.8934 -18.8306 2
    endloop
  endfacet
  facet normal 0 0 1
    outer loop
      vertex 33.8596 -18.8079 2
      vertex 33.8301 -18.9685 2
      vertex 33.8618 -18.9527 2
    endloop
  endfacet
  facet normal 0 0 1
    outer loop
      vertex 33.8275 -18.7844 2
      vertex 33.8301 -18.9685 2
      vertex 33.8596 -18.8079 2
    endloop
  endfacet
  facet normal 0 0 1
    outer loop
      vertex 33.8275 -18.7844 2
      vertex 33.8 -18.9854 2
      vertex 33.8301 -18.9685 2
    endloop
  endfacet
  facet normal 0 0 1
    outer loop
      vertex 33.7971 -18.7604 2
      vertex 33.8 -18.9854 2
      vertex 33.8275 -18.7844 2
    endloop
  endfacet
  facet normal 0 0 1
    outer loop
      vertex 33.7971 -18.7604 2
      vertex 33.7715 -19.0036 2
      vertex 33.8 -18.9854 2
    endloop
  endfacet
  facet normal 0 0 1
    outer loop
      vertex 33.7685 -18.7356 2
      vertex 33.7715 -19.0036 2
      vertex 33.7971 -18.7604 2
    endloop
  endfacet
  facet normal 0 0 1
    outer loop
      vertex 33.7685 -18.7356 2
      vertex 33.7447 -19.023 2
      vertex 33.7715 -19.0036 2
    endloop
  endfacet
  facet normal 0 0 1
    outer loop
      vertex 33.7415 -18.7102 2
      vertex 33.7447 -19.023 2
      vertex 33.7685 -18.7356 2
    endloop
  endfacet
  facet normal 0 0 1
    outer loop
      vertex 33.7415 -18.7102 2
      vertex 33.7195 -19.0436 2
      vertex 33.7447 -19.023 2
    endloop
  endfacet
  facet normal 0 0 1
    outer loop
      vertex 33.7163 -18.6842 2
      vertex 33.7195 -19.0436 2
      vertex 33.7415 -18.7102 2
    endloop
  endfacet
  facet normal 0 0 1
    outer loop
      vertex 33.7163 -18.6842 2
      vertex 33.6959 -19.0654 2
      vertex 33.7195 -19.0436 2
    endloop
  endfacet
  facet normal 0 0 1
    outer loop
      vertex 33.6928 -18.6575 2
      vertex 33.6959 -19.0654 2
      vertex 33.7163 -18.6842 2
    endloop
  endfacet
  facet normal 0 0 1
    outer loop
      vertex 33.6928 -18.6575 2
      vertex 33.6739 -19.0885 2
      vertex 33.6959 -19.0654 2
    endloop
  endfacet
  facet normal 0 0 1
    outer loop
      vertex 33.671 -18.6301 2
      vertex 33.6739 -19.0885 2
      vertex 33.6928 -18.6575 2
    endloop
  endfacet
  facet normal 0 0 1
    outer loop
      vertex 33.671 -18.6301 2
      vertex 33.6536 -19.1127 2
      vertex 33.6739 -19.0885 2
    endloop
  endfacet
  facet normal 0 0 1
    outer loop
      vertex 33.6509 -18.602 2
      vertex 33.6536 -19.1127 2
      vertex 33.671 -18.6301 2
    endloop
  endfacet
  facet normal 0 0 1
    outer loop
      vertex 33.6509 -18.602 2
      vertex 33.6349 -19.1382 2
      vertex 33.6536 -19.1127 2
    endloop
  endfacet
  facet normal 0 0 1
    outer loop
      vertex 33.6325 -18.5733 2
      vertex 33.6349 -19.1382 2
      vertex 33.6509 -18.602 2
    endloop
  endfacet
  facet normal 0 0 1
    outer loop
      vertex 33.6325 -18.5733 2
      vertex 33.6177 -19.1651 2
      vertex 33.6349 -19.1382 2
    endloop
  endfacet
  facet normal 0 0 1
    outer loop
      vertex 33.6156 -18.5438 2
      vertex 33.6177 -19.1651 2
      vertex 33.6325 -18.5733 2
    endloop
  endfacet
  facet normal 0 0 1
    outer loop
      vertex 33.6156 -18.5438 2
      vertex 33.6018 -19.1933 2
      vertex 33.6177 -19.1651 2
    endloop
  endfacet
  facet normal 0 0 1
    outer loop
      vertex 33.6001 -18.5134 2
      vertex 33.6018 -19.1933 2
      vertex 33.6156 -18.5438 2
    endloop
  endfacet
  facet normal 0 0 1
    outer loop
      vertex 33.6001 -18.5134 2
      vertex 33.5874 -19.2231 2
      vertex 33.6018 -19.1933 2
    endloop
  endfacet
  facet normal 0 0 1
    outer loop
      vertex 33.586 -18.482 2
      vertex 33.5874 -19.2231 2
      vertex 33.6001 -18.5134 2
    endloop
  endfacet
  facet normal 0 0 1
    outer loop
      vertex 33.586 -18.482 2
      vertex 33.5743 -19.2542 2
      vertex 33.5874 -19.2231 2
    endloop
  endfacet
  facet normal 0 0 1
    outer loop
      vertex 33.5732 -18.4497 2
      vertex 33.5743 -19.2542 2
      vertex 33.586 -18.482 2
    endloop
  endfacet
  facet normal 0 0 1
    outer loop
      vertex 33.5732 -18.4497 2
      vertex 33.5626 -19.2868 2
      vertex 33.5743 -19.2542 2
    endloop
  endfacet
  facet normal 0 0 1
    outer loop
      vertex 33.5617 -18.4164 2
      vertex 33.5626 -19.2868 2
      vertex 33.5732 -18.4497 2
    endloop
  endfacet
  facet normal 0 0 1
    outer loop
      vertex 33.5617 -18.4164 2
      vertex 33.5523 -19.3209 2
      vertex 33.5626 -19.2868 2
    endloop
  endfacet
  facet normal 0 0 1
    outer loop
      vertex 33.5516 -18.3822 2
      vertex 33.5523 -19.3209 2
      vertex 33.5617 -18.4164 2
    endloop
  endfacet
  facet normal 0 0 1
    outer loop
      vertex 33.5516 -18.3822 2
      vertex 33.5433 -19.3564 2
      vertex 33.5523 -19.3209 2
    endloop
  endfacet
  facet normal 0 0 1
    outer loop
      vertex 33.5428 -18.3471 2
      vertex 33.5433 -19.3564 2
      vertex 33.5516 -18.3822 2
    endloop
  endfacet
  facet normal 0 0 1
    outer loop
      vertex 33.5428 -18.3471 2
      vertex 33.5358 -19.3934 2
      vertex 33.5433 -19.3564 2
    endloop
  endfacet
  facet normal 0 0 1
    outer loop
      vertex 33.5354 -18.311 2
      vertex 33.5358 -19.3934 2
      vertex 33.5428 -18.3471 2
    endloop
  endfacet
  facet normal 0 0 1
    outer loop
      vertex 32.7899 -16.749 2
      vertex 33.5358 -19.3934 2
      vertex 33.5354 -18.311 2
    endloop
  endfacet
  facet normal 0 0 1
    outer loop
      vertex 32.7899 -16.749 2
      vertex 33.5354 -18.311 2
      vertex 33.5293 -18.274 2
    endloop
  endfacet
  facet normal 0 0 1
    outer loop
      vertex 33.5358 -19.3934 2
      vertex 32.7899 -16.749 2
      vertex 33.5296 -19.4318 2
    endloop
  endfacet
  facet normal 0 0 1
    outer loop
      vertex 32.7899 -16.749 2
      vertex 33.5293 -18.274 2
      vertex 33.5246 -18.236 2
    endloop
  endfacet
  facet normal 0 0 1
    outer loop
      vertex 33.5296 -19.4318 2
      vertex 32.7899 -16.749 2
      vertex 33.5247 -19.4716 2
    endloop
  endfacet
  facet normal 0 0 1
    outer loop
      vertex 32.7899 -16.749 2
      vertex 33.5246 -18.236 2
      vertex 33.5213 -18.1971 2
    endloop
  endfacet
  facet normal 0 0 1
    outer loop
      vertex 33.5247 -19.4716 2
      vertex 32.7899 -16.749 2
      vertex 33.5213 -19.5129 2
    endloop
  endfacet
  facet normal 0 0 1
    outer loop
      vertex 32.7899 -16.749 2
      vertex 33.5213 -18.1971 2
      vertex 33.5192 -18.1572 2
    endloop
  endfacet
  facet normal 0 0 1
    outer loop
      vertex 32.7899 -16.749 2
      vertex 33.5192 -18.1572 2
      vertex 33.5186 -18.1165 2
    endloop
  endfacet
  facet normal 0 0 1
    outer loop
      vertex 33.5213 -19.5129 2
      vertex 32.7899 -16.749 2
      vertex 33.5192 -19.5556 2
    endloop
  endfacet
  facet normal -0 0 1
    outer loop
      vertex 2.85 25 2
      vertex 22.15 -25 2
      vertex 22.15 25 2
    endloop
  endfacet
  facet normal 0 0 1
    outer loop
      vertex 22.15 -25 2
      vertex 2.85 25 2
      vertex 2.85 -25 2
    endloop
  endfacet
  facet normal -1 0 0
    outer loop
      vertex -3 8.923 11.8253
      vertex -3 13 18.45
      vertex -3 13 3.2
    endloop
  endfacet
  facet normal -1 0 0
    outer loop
      vertex -3 13 18.45
      vertex -3 8.98073 12.4114
      vertex -3 9 13
    endloop
  endfacet
  facet normal -1 0 0
    outer loop
      vertex -3 13 18.45
      vertex -3 8.923 11.8253
      vertex -3 8.98073 12.4114
    endloop
  endfacet
  facet normal -1 0 0
    outer loop
      vertex -3 13 3.2
      vertex -3 8.82707 11.2442
      vertex -3 8.923 11.8253
    endloop
  endfacet
  facet normal -1 0 0
    outer loop
      vertex -3 13 3.2
      vertex -3 8.69333 10.6706
      vertex -3 8.82707 11.2442
    endloop
  endfacet
  facet normal -1 0 0
    outer loop
      vertex -3 13 3.2
      vertex -3 8.52237 10.107
      vertex -3 8.69333 10.6706
    endloop
  endfacet
  facet normal -1 0 0
    outer loop
      vertex -3 13 3.2
      vertex -3 8.31492 9.55585
      vertex -3 8.52237 10.107
    endloop
  endfacet
  facet normal -1 0 0
    outer loop
      vertex -3 13 3.2
      vertex -3 8.07185 9.0194
      vertex -3 8.31492 9.55585
    endloop
  endfacet
  facet normal -1 0 0
    outer loop
      vertex -3 13 3.2
      vertex -3 7.79423 8.5
      vertex -3 8.07185 9.0194
    endloop
  endfacet
  facet normal -1 0 0
    outer loop
      vertex -3 13 3.2
      vertex -3 7.48323 7.99987
      vertex -3 7.79423 8.5
    endloop
  endfacet
  facet normal -1 0 0
    outer loop
      vertex -3 13 3.2
      vertex -3 7.14018 7.52115
      vertex -3 7.48323 7.99987
    endloop
  endfacet
  facet normal -1 0 0
    outer loop
      vertex -3 13 3.2
      vertex -3 6.76656 7.06589
      vertex -3 7.14018 7.52115
    endloop
  endfacet
  facet normal -1 0 0
    outer loop
      vertex -3 13 3.2
      vertex -3 6.36396 6.63604
      vertex -3 6.76656 7.06589
    endloop
  endfacet
  facet normal -1 0 0
    outer loop
      vertex -3 13 3.2
      vertex -3 5.93411 6.23344
      vertex -3 6.36396 6.63604
    endloop
  endfacet
  facet normal -1 0 0
    outer loop
      vertex -3 13 3.2
      vertex -3 5.47885 5.85982
      vertex -3 5.93411 6.23344
    endloop
  endfacet
  facet normal -1 0 0
    outer loop
      vertex -3 13 3.2
      vertex -3 5.00013 5.51677
      vertex -3 5.47885 5.85982
    endloop
  endfacet
  facet normal -1 0 0
    outer loop
      vertex -3 13 3.2
      vertex -3 4.5 5.20577
      vertex -3 5.00013 5.51677
    endloop
  endfacet
  facet normal -1 0 0
    outer loop
      vertex -3 13 3.2
      vertex -3 3.9806 4.92814
      vertex -3 4.5 5.20577
    endloop
  endfacet
  facet normal -1 0 0
    outer loop
      vertex -3 13 3.2
      vertex -3 3.44415 4.68508
      vertex -3 3.9806 4.92814
    endloop
  endfacet
  facet normal -1 0 0
    outer loop
      vertex -3 13 3.2
      vertex -3 2.89295 4.47763
      vertex -3 3.44415 4.68508
    endloop
  endfacet
  facet normal -1 0 0
    outer loop
      vertex -3 13 3.2
      vertex -3 2.32937 4.30667
      vertex -3 2.89295 4.47763
    endloop
  endfacet
  facet normal -1 0 0
    outer loop
      vertex -3 13 3.2
      vertex -3 1.75581 4.17293
      vertex -3 2.32937 4.30667
    endloop
  endfacet
  facet normal -1 0 0
    outer loop
      vertex -3 13 3.2
      vertex -3 1.17474 4.077
      vertex -3 1.75581 4.17293
    endloop
  endfacet
  facet normal -1 0 0
    outer loop
      vertex -3 13 3.2
      vertex -3 0.588628 4.01927
      vertex -3 1.17474 4.077
    endloop
  endfacet
  facet normal -1 0 0
    outer loop
      vertex -3 13 3.2
      vertex -3 0 4
      vertex -3 0.588628 4.01927
    endloop
  endfacet
  facet normal -1 0 0
    outer loop
      vertex -3 -13 3.2
      vertex -3 0 4
      vertex -3 13 3.2
    endloop
  endfacet
  facet normal -1 -0 0
    outer loop
      vertex -3 0 4
      vertex -3 -13 3.2
      vertex -3 -0.588628 4.01927
    endloop
  endfacet
  facet normal -1 0 0
    outer loop
      vertex -3 -13 3.2
      vertex -3 -1.17474 4.077
      vertex -3 -0.588628 4.01927
    endloop
  endfacet
  facet normal -1 0 0
    outer loop
      vertex -3 -13 3.2
      vertex -3 -1.75581 4.17293
      vertex -3 -1.17474 4.077
    endloop
  endfacet
  facet normal -1 0 0
    outer loop
      vertex -3 -13 3.2
      vertex -3 -2.32937 4.30667
      vertex -3 -1.75581 4.17293
    endloop
  endfacet
  facet normal -1 0 0
    outer loop
      vertex -3 -13 3.2
      vertex -3 -2.89295 4.47763
      vertex -3 -2.32937 4.30667
    endloop
  endfacet
  facet normal -1 0 0
    outer loop
      vertex -3 -13 3.2
      vertex -3 -3.44415 4.68508
      vertex -3 -2.89295 4.47763
    endloop
  endfacet
  facet normal -1 0 0
    outer loop
      vertex -3 -13 3.2
      vertex -3 -3.9806 4.92814
      vertex -3 -3.44415 4.68508
    endloop
  endfacet
  facet normal -1 0 0
    outer loop
      vertex -3 -13 3.2
      vertex -3 -4.5 5.20577
      vertex -3 -3.9806 4.92814
    endloop
  endfacet
  facet normal -1 0 0
    outer loop
      vertex -3 -13 3.2
      vertex -3 -5.00013 5.51677
      vertex -3 -4.5 5.20577
    endloop
  endfacet
  facet normal -1 0 0
    outer loop
      vertex -3 -13 3.2
      vertex -3 -5.47885 5.85982
      vertex -3 -5.00013 5.51677
    endloop
  endfacet
  facet normal -1 0 0
    outer loop
      vertex -3 -13 3.2
      vertex -3 -5.93411 6.23344
      vertex -3 -5.47885 5.85982
    endloop
  endfacet
  facet normal -1 0 0
    outer loop
      vertex -3 -13 3.2
      vertex -3 -6.36396 6.63604
      vertex -3 -5.93411 6.23344
    endloop
  endfacet
  facet normal -1 0 0
    outer loop
      vertex -3 -13 3.2
      vertex -3 -6.76656 7.06589
      vertex -3 -6.36396 6.63604
    endloop
  endfacet
  facet normal -1 0 0
    outer loop
      vertex -3 -13 3.2
      vertex -3 -7.14018 7.52115
      vertex -3 -6.76656 7.06589
    endloop
  endfacet
  facet normal -1 0 0
    outer loop
      vertex -3 -13 3.2
      vertex -3 -7.48323 7.99987
      vertex -3 -7.14018 7.52115
    endloop
  endfacet
  facet normal -1 0 0
    outer loop
      vertex -3 -13 3.2
      vertex -3 -7.79423 8.5
      vertex -3 -7.48323 7.99987
    endloop
  endfacet
  facet normal -1 0 0
    outer loop
      vertex -3 -13 3.2
      vertex -3 -8.07185 9.0194
      vertex -3 -7.79423 8.5
    endloop
  endfacet
  facet normal -1 0 0
    outer loop
      vertex -3 -13 3.2
      vertex -3 -8.31492 9.55585
      vertex -3 -8.07185 9.0194
    endloop
  endfacet
  facet normal -1 0 0
    outer loop
      vertex -3 -13 3.2
      vertex -3 -8.52237 10.107
      vertex -3 -8.31492 9.55585
    endloop
  endfacet
  facet normal -1 0 0
    outer loop
      vertex -3 -13 3.2
      vertex -3 -8.69333 10.6706
      vertex -3 -8.52237 10.107
    endloop
  endfacet
  facet normal -1 0 0
    outer loop
      vertex -3 -13 3.2
      vertex -3 -8.82707 11.2442
      vertex -3 -8.69333 10.6706
    endloop
  endfacet
  facet normal -1 0 0
    outer loop
      vertex -3 -13 3.2
      vertex -3 -8.923 11.8253
      vertex -3 -8.82707 11.2442
    endloop
  endfacet
  facet normal -1 0 0
    outer loop
      vertex -3 -13 18.45
      vertex -3 -8.923 11.8253
      vertex -3 -13 3.2
    endloop
  endfacet
  facet normal -1 0 0
    outer loop
      vertex -3 -8.923 11.8253
      vertex -3 -13 18.45
      vertex -3 -8.98073 12.4114
    endloop
  endfacet
  facet normal -1 0 0
    outer loop
      vertex -3 -8.98073 12.4114
      vertex -3 -13 18.45
      vertex -3 -9 13
    endloop
  endfacet
  facet normal -1 0 0
    outer loop
      vertex -3 -9 13
      vertex -3 -13 18.45
      vertex -3 -9 18.45
    endloop
  endfacet
  facet normal -1 -0 0
    outer loop
      vertex -3 13 18.45
      vertex -3 9 13
      vertex -3 9 18.45
    endloop
  endfacet
  facet normal 1 -0 0
    outer loop
      vertex -3 13 3.2
      vertex -3 25 2
      vertex -3 25 3.2
    endloop
  endfacet
  facet normal 1 0 0
    outer loop
      vertex -3 25 2
      vertex -3 13 3.2
      vertex -3 13 2
    endloop
  endfacet
  facet normal 1 -0 0
    outer loop
      vertex -3 -25 3.2
      vertex -3 -13 2
      vertex -3 -13 3.2
    endloop
  endfacet
  facet normal 1 0 0
    outer loop
      vertex -3 -13 2
      vertex -3 -25 3.2
      vertex -3 -25 2
    endloop
  endfacet
  facet normal 0 -1 0
    outer loop
      vertex 24.15 25 2
      vertex 38 25 3.2
      vertex 24.15 25 3.2
    endloop
  endfacet
  facet normal 0 -1 -0
    outer loop
      vertex 38 25 3.2
      vertex 24.15 25 2
      vertex 38 25 2
    endloop
  endfacet
  facet normal 0 -1 0
    outer loop
      vertex -3 25 2
      vertex 0.849999 25 3.2
      vertex -3 25 3.2
    endloop
  endfacet
  facet normal 0 -1 -0
    outer loop
      vertex 0.849999 25 3.2
      vertex -3 25 2
      vertex 0.849999 25 2
    endloop
  endfacet
  facet normal 0 -1 0
    outer loop
      vertex 2.85 25 2
      vertex 22.15 25 3.2
      vertex 2.85 25 3.2
    endloop
  endfacet
  facet normal 0 -1 -0
    outer loop
      vertex 22.15 25 3.2
      vertex 2.85 25 2
      vertex 22.15 25 2
    endloop
  endfacet
  facet normal 0 1 -0
    outer loop
      vertex 38 -25 2
      vertex 24.15 -25 3.2
      vertex 38 -25 3.2
    endloop
  endfacet
  facet normal 0 1 0
    outer loop
      vertex 24.15 -25 3.2
      vertex 38 -25 2
      vertex 24.15 -25 2
    endloop
  endfacet
  facet normal 0 1 -0
    outer loop
      vertex 0.849999 -25 2
      vertex -3 -25 3.2
      vertex 0.849999 -25 3.2
    endloop
  endfacet
  facet normal 0 1 0
    outer loop
      vertex -3 -25 3.2
      vertex 0.849999 -25 2
      vertex -3 -25 2
    endloop
  endfacet
  facet normal 0 1 -0
    outer loop
      vertex 22.15 -25 2
      vertex 2.85 -25 3.2
      vertex 22.15 -25 3.2
    endloop
  endfacet
  facet normal 0 1 0
    outer loop
      vertex 2.85 -25 3.2
      vertex 22.15 -25 2
      vertex 2.85 -25 2
    endloop
  endfacet
  facet normal -0 0 1
    outer loop
      vertex 0.849999 -23.45 25
      vertex 1.85 -27 25
      vertex 1.85 -23.45 25
    endloop
  endfacet
  facet normal 0 0 1
    outer loop
      vertex 1.85 -27 25
      vertex 0.849999 -23.45 25
      vertex 0.849999 -27 25
    endloop
  endfacet
  facet normal -0 0 1
    outer loop
      vertex 0.849999 27 25
      vertex 1.85 23.45 25
      vertex 1.85 27 25
    endloop
  endfacet
  facet normal 0 0 1
    outer loop
      vertex 1.85 23.45 25
      vertex 0.849999 27 25
      vertex 0.849999 23.45 25
    endloop
  endfacet
  facet normal -0 0 1
    outer loop
      vertex 0.849999 21.05 25
      vertex 1.85 9 25
      vertex 1.85 21.05 25
    endloop
  endfacet
  facet normal 0 0 1
    outer loop
      vertex 1.85 9 25
      vertex 0.849999 21.05 25
      vertex 0.849999 9 25
    endloop
  endfacet
  facet normal -0 0 1
    outer loop
      vertex 0.849999 -9 25
      vertex 1.85 -21.05 25
      vertex 1.85 -9 25
    endloop
  endfacet
  facet normal 0 0 1
    outer loop
      vertex 1.85 -21.05 25
      vertex 0.849999 -9 25
      vertex 0.849999 -21.05 25
    endloop
  endfacet
  facet normal -1 0 0
    outer loop
      vertex 0.849999 -25 3.2
      vertex 0.849999 -13 13
      vertex 0.849999 -13 2
    endloop
  endfacet
  facet normal -1 0 0
    outer loop
      vertex 0.849999 -13 13
      vertex 0.849999 -22.25 23.8
      vertex 0.849999 -21.05 25
    endloop
  endfacet
  facet normal -1 -0 0
    outer loop
      vertex 0.849999 -13 13
      vertex 0.849999 -25 3.2
      vertex 0.849999 -22.25 23.8
    endloop
  endfacet
  facet normal -1 0 0
    outer loop
      vertex 0.849999 -25 3.2
      vertex 0.849999 -13 2
      vertex 0.849999 -25 2
    endloop
  endfacet
  facet normal -1 0 0
    outer loop
      vertex 0.849999 -27 3.2
      vertex 0.849999 -22.25 23.8
      vertex 0.849999 -25 3.2
    endloop
  endfacet
  facet normal -1 -0 0
    outer loop
      vertex 0.849999 -22.25 23.8
      vertex 0.849999 -27 3.2
      vertex 0.849999 -27 25
    endloop
  endfacet
  facet normal -1 0 0
    outer loop
      vertex 0.849999 -22.25 23.8
      vertex 0.849999 -27 25
      vertex 0.849999 -23.45 25
    endloop
  endfacet
  facet normal -1 0 0
    outer loop
      vertex 0.849999 -13 13
      vertex 0.849999 -9 25
      vertex 0.849999 -9 13
    endloop
  endfacet
  facet normal -1 -0 0
    outer loop
      vertex 0.849999 -9 25
      vertex 0.849999 -13 13
      vertex 0.849999 -21.05 25
    endloop
  endfacet
  facet normal -1 0 0
    outer loop
      vertex 0.849999 13 2
      vertex 0.849999 25 3.2
      vertex 0.849999 25 2
    endloop
  endfacet
  facet normal -1 0 0
    outer loop
      vertex 0.849999 25 3.2
      vertex 0.849999 22.25 23.8
      vertex 0.849999 23.45 25
    endloop
  endfacet
  facet normal -1 0 0
    outer loop
      vertex 0.849999 25 3.2
      vertex 0.849999 13 13
      vertex 0.849999 22.25 23.8
    endloop
  endfacet
  facet normal -1 -0 0
    outer loop
      vertex 0.849999 25 3.2
      vertex 0.849999 13 2
      vertex 0.849999 13 13
    endloop
  endfacet
  facet normal -1 -0 0
    outer loop
      vertex 0.849999 22.25 23.8
      vertex 0.849999 13 13
      vertex 0.849999 21.05 25
    endloop
  endfacet
  facet normal -1 0 0
    outer loop
      vertex 0.849999 9 25
      vertex 0.849999 13 13
      vertex 0.849999 9 13
    endloop
  endfacet
  facet normal -1 0 0
    outer loop
      vertex 0.849999 13 13
      vertex 0.849999 9 25
      vertex 0.849999 21.05 25
    endloop
  endfacet
  facet normal -1 0 0
    outer loop
      vertex 0.849999 25 3.2
      vertex 0.849999 27 25
      vertex 0.849999 27 3.2
    endloop
  endfacet
  facet normal -1 -0 0
    outer loop
      vertex 0.849999 27 25
      vertex 0.849999 25 3.2
      vertex 0.849999 23.45 25
    endloop
  endfacet
  facet normal 1 0 0
    outer loop
      vertex 2.85 -9 24
      vertex 2.85 -22.05 24
      vertex 2.85 -9 13
    endloop
  endfacet
  facet normal 1 0 0
    outer loop
      vertex 2.85 27 24
      vertex 2.85 25 3.2
      vertex 2.85 27 3.2
    endloop
  endfacet
  facet normal 1 0 0
    outer loop
      vertex 2.85 22.25 23.8
      vertex 2.85 27 24
      vertex 2.85 22.45 24
    endloop
  endfacet
  facet normal 1 0 0
    outer loop
      vertex 2.85 27 24
      vertex 2.85 22.25 23.8
      vertex 2.85 25 3.2
    endloop
  endfacet
  facet normal 1 -0 0
    outer loop
      vertex 2.85 9 13
      vertex 2.85 25 3.2
      vertex 2.85 22.25 23.8
    endloop
  endfacet
  facet normal 1 0 0
    outer loop
      vertex 2.85 9 13
      vertex 2.85 22.25 23.8
      vertex 2.85 22.05 24
    endloop
  endfacet
  facet normal 1 0 0
    outer loop
      vertex 2.85 9 13
      vertex 2.85 22.05 24
      vertex 2.85 9 24
    endloop
  endfacet
  facet normal 1 -0 0
    outer loop
      vertex 2.85 8.98073 12.4114
      vertex 2.85 25 3.2
      vertex 2.85 9 13
    endloop
  endfacet
  facet normal 1 -0 0
    outer loop
      vertex 2.85 8.923 11.8253
      vertex 2.85 25 3.2
      vertex 2.85 8.98073 12.4114
    endloop
  endfacet
  facet normal 1 -0 0
    outer loop
      vertex 2.85 8.82707 11.2442
      vertex 2.85 25 3.2
      vertex 2.85 8.923 11.8253
    endloop
  endfacet
  facet normal 1 -0 0
    outer loop
      vertex 2.85 8.69333 10.6706
      vertex 2.85 25 3.2
      vertex 2.85 8.82707 11.2442
    endloop
  endfacet
  facet normal 1 -0 0
    outer loop
      vertex 2.85 8.52237 10.107
      vertex 2.85 25 3.2
      vertex 2.85 8.69333 10.6706
    endloop
  endfacet
  facet normal 1 -0 0
    outer loop
      vertex 2.85 8.31492 9.55585
      vertex 2.85 25 3.2
      vertex 2.85 8.52237 10.107
    endloop
  endfacet
  facet normal 1 -0 0
    outer loop
      vertex 2.85 8.07185 9.0194
      vertex 2.85 25 3.2
      vertex 2.85 8.31492 9.55585
    endloop
  endfacet
  facet normal 1 -0 0
    outer loop
      vertex 2.85 7.79423 8.5
      vertex 2.85 25 3.2
      vertex 2.85 8.07185 9.0194
    endloop
  endfacet
  facet normal 1 -0 0
    outer loop
      vertex 2.85 7.48323 7.99987
      vertex 2.85 25 3.2
      vertex 2.85 7.79423 8.5
    endloop
  endfacet
  facet normal 1 0 0
    outer loop
      vertex 2.85 25 3.2
      vertex 2.85 7.48323 7.99987
      vertex 2.85 25 2
    endloop
  endfacet
  facet normal 1 -0 0
    outer loop
      vertex 2.85 7.14018 7.52115
      vertex 2.85 25 2
      vertex 2.85 7.48323 7.99987
    endloop
  endfacet
  facet normal 1 -0 0
    outer loop
      vertex 2.85 6.76656 7.06589
      vertex 2.85 25 2
      vertex 2.85 7.14018 7.52115
    endloop
  endfacet
  facet normal 1 -0 0
    outer loop
      vertex 2.85 6.36396 6.63604
      vertex 2.85 25 2
      vertex 2.85 6.76656 7.06589
    endloop
  endfacet
  facet normal 1 -0 0
    outer loop
      vertex 2.85 5.93411 6.23344
      vertex 2.85 25 2
      vertex 2.85 6.36396 6.63604
    endloop
  endfacet
  facet normal 1 -0 0
    outer loop
      vertex 2.85 5.47885 5.85982
      vertex 2.85 25 2
      vertex 2.85 5.93411 6.23344
    endloop
  endfacet
  facet normal 1 -0 0
    outer loop
      vertex 2.85 5.00013 5.51677
      vertex 2.85 25 2
      vertex 2.85 5.47885 5.85982
    endloop
  endfacet
  facet normal 1 -0 0
    outer loop
      vertex 2.85 4.5 5.20577
      vertex 2.85 25 2
      vertex 2.85 5.00013 5.51677
    endloop
  endfacet
  facet normal 1 -0 0
    outer loop
      vertex 2.85 3.9806 4.92814
      vertex 2.85 25 2
      vertex 2.85 4.5 5.20577
    endloop
  endfacet
  facet normal 1 -0 0
    outer loop
      vertex 2.85 3.44415 4.68508
      vertex 2.85 25 2
      vertex 2.85 3.9806 4.92814
    endloop
  endfacet
  facet normal 1 -0 0
    outer loop
      vertex 2.85 2.89295 4.47763
      vertex 2.85 25 2
      vertex 2.85 3.44415 4.68508
    endloop
  endfacet
  facet normal 1 -0 0
    outer loop
      vertex 2.85 2.32937 4.30667
      vertex 2.85 25 2
      vertex 2.85 2.89295 4.47763
    endloop
  endfacet
  facet normal 1 -0 0
    outer loop
      vertex 2.85 1.75581 4.17293
      vertex 2.85 25 2
      vertex 2.85 2.32937 4.30667
    endloop
  endfacet
  facet normal 1 -0 0
    outer loop
      vertex 2.85 1.17474 4.077
      vertex 2.85 25 2
      vertex 2.85 1.75581 4.17293
    endloop
  endfacet
  facet normal 1 -0 0
    outer loop
      vertex 2.85 0.588628 4.01927
      vertex 2.85 25 2
      vertex 2.85 1.17474 4.077
    endloop
  endfacet
  facet normal 1 -0 0
    outer loop
      vertex 2.85 0 4
      vertex 2.85 25 2
      vertex 2.85 0.588628 4.01927
    endloop
  endfacet
  facet normal 1 0 0
    outer loop
      vertex 2.85 -25 2
      vertex 2.85 0 4
      vertex 2.85 -0.588628 4.01927
    endloop
  endfacet
  facet normal 1 -0 0
    outer loop
      vertex 2.85 -22.25 23.8
      vertex 2.85 -9 13
      vertex 2.85 -22.05 24
    endloop
  endfacet
  facet normal 1 0 0
    outer loop
      vertex 2.85 -25 3.2
      vertex 2.85 -9 13
      vertex 2.85 -22.25 23.8
    endloop
  endfacet
  facet normal 1 0 0
    outer loop
      vertex 2.85 -9 13
      vertex 2.85 -25 3.2
      vertex 2.85 -8.98073 12.4114
    endloop
  endfacet
  facet normal 1 0 0
    outer loop
      vertex 2.85 -8.98073 12.4114
      vertex 2.85 -25 3.2
      vertex 2.85 -8.923 11.8253
    endloop
  endfacet
  facet normal 1 0 0
    outer loop
      vertex 2.85 -8.923 11.8253
      vertex 2.85 -25 3.2
      vertex 2.85 -8.82707 11.2442
    endloop
  endfacet
  facet normal 1 0 0
    outer loop
      vertex 2.85 -8.82707 11.2442
      vertex 2.85 -25 3.2
      vertex 2.85 -8.69333 10.6706
    endloop
  endfacet
  facet normal 1 0 0
    outer loop
      vertex 2.85 -8.69333 10.6706
      vertex 2.85 -25 3.2
      vertex 2.85 -8.52237 10.107
    endloop
  endfacet
  facet normal 1 0 0
    outer loop
      vertex 2.85 -8.52237 10.107
      vertex 2.85 -25 3.2
      vertex 2.85 -8.31492 9.55585
    endloop
  endfacet
  facet normal 1 0 0
    outer loop
      vertex 2.85 -8.31492 9.55585
      vertex 2.85 -25 3.2
      vertex 2.85 -8.07185 9.0194
    endloop
  endfacet
  facet normal 1 0 0
    outer loop
      vertex 2.85 -8.07185 9.0194
      vertex 2.85 -25 3.2
      vertex 2.85 -7.79423 8.5
    endloop
  endfacet
  facet normal 1 0 0
    outer loop
      vertex 2.85 -7.79423 8.5
      vertex 2.85 -25 3.2
      vertex 2.85 -7.48323 7.99987
    endloop
  endfacet
  facet normal 1 0 0
    outer loop
      vertex 2.85 -25 2
      vertex 2.85 -7.48323 7.99987
      vertex 2.85 -25 3.2
    endloop
  endfacet
  facet normal 1 -0 0
    outer loop
      vertex 2.85 -27 24
      vertex 2.85 -22.25 23.8
      vertex 2.85 -22.45 24
    endloop
  endfacet
  facet normal 1 0 0
    outer loop
      vertex 2.85 -7.48323 7.99987
      vertex 2.85 -25 2
      vertex 2.85 -7.14018 7.52115
    endloop
  endfacet
  facet normal 1 0 0
    outer loop
      vertex 2.85 -7.14018 7.52115
      vertex 2.85 -25 2
      vertex 2.85 -6.76656 7.06589
    endloop
  endfacet
  facet normal 1 0 0
    outer loop
      vertex 2.85 -6.76656 7.06589
      vertex 2.85 -25 2
      vertex 2.85 -6.36396 6.63604
    endloop
  endfacet
  facet normal 1 0 0
    outer loop
      vertex 2.85 -6.36396 6.63604
      vertex 2.85 -25 2
      vertex 2.85 -5.93411 6.23344
    endloop
  endfacet
  facet normal 1 0 0
    outer loop
      vertex 2.85 -5.93411 6.23344
      vertex 2.85 -25 2
      vertex 2.85 -5.47885 5.85982
    endloop
  endfacet
  facet normal 1 0 0
    outer loop
      vertex 2.85 -5.47885 5.85982
      vertex 2.85 -25 2
      vertex 2.85 -5.00013 5.51677
    endloop
  endfacet
  facet normal 1 0 0
    outer loop
      vertex 2.85 -5.00013 5.51677
      vertex 2.85 -25 2
      vertex 2.85 -4.5 5.20577
    endloop
  endfacet
  facet normal 1 0 0
    outer loop
      vertex 2.85 -4.5 5.20577
      vertex 2.85 -25 2
      vertex 2.85 -3.9806 4.92814
    endloop
  endfacet
  facet normal 1 0 0
    outer loop
      vertex 2.85 -3.9806 4.92814
      vertex 2.85 -25 2
      vertex 2.85 -3.44415 4.68508
    endloop
  endfacet
  facet normal 1 0 0
    outer loop
      vertex 2.85 -3.44415 4.68508
      vertex 2.85 -25 2
      vertex 2.85 -2.89295 4.47763
    endloop
  endfacet
  facet normal 1 0 0
    outer loop
      vertex 2.85 -2.89295 4.47763
      vertex 2.85 -25 2
      vertex 2.85 -2.32937 4.30667
    endloop
  endfacet
  facet normal 1 0 0
    outer loop
      vertex 2.85 -2.32937 4.30667
      vertex 2.85 -25 2
      vertex 2.85 -1.75581 4.17293
    endloop
  endfacet
  facet normal 1 0 0
    outer loop
      vertex 2.85 -1.75581 4.17293
      vertex 2.85 -25 2
      vertex 2.85 -1.17474 4.077
    endloop
  endfacet
  facet normal 1 0 0
    outer loop
      vertex 2.85 -1.17474 4.077
      vertex 2.85 -25 2
      vertex 2.85 -0.588628 4.01927
    endloop
  endfacet
  facet normal 1 0 0
    outer loop
      vertex 2.85 0 4
      vertex 2.85 -25 2
      vertex 2.85 25 2
    endloop
  endfacet
  facet normal 1 0 0
    outer loop
      vertex 2.85 -22.25 23.8
      vertex 2.85 -27 24
      vertex 2.85 -25 3.2
    endloop
  endfacet
  facet normal 1 0 0
    outer loop
      vertex 2.85 -25 3.2
      vertex 2.85 -27 24
      vertex 2.85 -27 3.2
    endloop
  endfacet
  facet normal 0.707107 0 0.707107
    outer loop
      vertex 2.85 -27 24
      vertex 1.85 -23.45 25
      vertex 1.85 -27 25
    endloop
  endfacet
  facet normal 0.707107 0 0.707107
    outer loop
      vertex 1.85 -23.45 25
      vertex 2.85 -27 24
      vertex 2.85 -22.45 24
    endloop
  endfacet
  facet normal 0.707107 -0 0.707107
    outer loop
      vertex 1.85 23.45 25
      vertex 2.85 27 24
      vertex 1.85 27 25
    endloop
  endfacet
  facet normal 0.707107 0 0.707107
    outer loop
      vertex 2.85 27 24
      vertex 1.85 23.45 25
      vertex 2.85 22.45 24
    endloop
  endfacet
  facet normal 0.707107 0 0.707107
    outer loop
      vertex 2.85 9 24
      vertex 1.85 21.05 25
      vertex 1.85 9 25
    endloop
  endfacet
  facet normal 0.707107 0 0.707107
    outer loop
      vertex 1.85 21.05 25
      vertex 2.85 9 24
      vertex 2.85 22.05 24
    endloop
  endfacet
  facet normal 0.707107 -0 0.707107
    outer loop
      vertex 1.85 -21.05 25
      vertex 2.85 -9 24
      vertex 1.85 -9 25
    endloop
  endfacet
  facet normal 0.707107 0 0.707107
    outer loop
      vertex 2.85 -9 24
      vertex 1.85 -21.05 25
      vertex 2.85 -22.05 24
    endloop
  endfacet
  facet normal 1 0 0
    outer loop
      vertex 24.15 -9 25
      vertex 24.15 -21.05 25
      vertex 24.15 -9 13
    endloop
  endfacet
  facet normal 1 -0 0
    outer loop
      vertex 24.15 22.25 23.8
      vertex 24.15 27 3.2
      vertex 24.15 27 25
    endloop
  endfacet
  facet normal 1 0 0
    outer loop
      vertex 24.15 22.25 23.8
      vertex 24.15 27 25
      vertex 24.15 23.45 25
    endloop
  endfacet
  facet normal 1 0 0
    outer loop
      vertex 24.15 27 3.2
      vertex 24.15 22.25 23.8
      vertex 24.15 25 3.2
    endloop
  endfacet
  facet normal 1 -0 0
    outer loop
      vertex 24.15 9 13
      vertex 24.15 25 3.2
      vertex 24.15 22.25 23.8
    endloop
  endfacet
  facet normal 1 0 0
    outer loop
      vertex 24.15 9 13
      vertex 24.15 22.25 23.8
      vertex 24.15 21.05 25
    endloop
  endfacet
  facet normal 1 0 0
    outer loop
      vertex 24.15 9 13
      vertex 24.15 21.05 25
      vertex 24.15 9 25
    endloop
  endfacet
  facet normal 1 -0 0
    outer loop
      vertex 24.15 8.98073 12.4114
      vertex 24.15 25 3.2
      vertex 24.15 9 13
    endloop
  endfacet
  facet normal 1 -0 0
    outer loop
      vertex 24.15 8.923 11.8253
      vertex 24.15 25 3.2
      vertex 24.15 8.98073 12.4114
    endloop
  endfacet
  facet normal 1 -0 0
    outer loop
      vertex 24.15 8.82707 11.2442
      vertex 24.15 25 3.2
      vertex 24.15 8.923 11.8253
    endloop
  endfacet
  facet normal 1 -0 0
    outer loop
      vertex 24.15 8.69333 10.6706
      vertex 24.15 25 3.2
      vertex 24.15 8.82707 11.2442
    endloop
  endfacet
  facet normal 1 -0 0
    outer loop
      vertex 24.15 8.52237 10.107
      vertex 24.15 25 3.2
      vertex 24.15 8.69333 10.6706
    endloop
  endfacet
  facet normal 1 -0 0
    outer loop
      vertex 24.15 8.31492 9.55585
      vertex 24.15 25 3.2
      vertex 24.15 8.52237 10.107
    endloop
  endfacet
  facet normal 1 -0 0
    outer loop
      vertex 24.15 8.07185 9.0194
      vertex 24.15 25 3.2
      vertex 24.15 8.31492 9.55585
    endloop
  endfacet
  facet normal 1 -0 0
    outer loop
      vertex 24.15 7.79423 8.5
      vertex 24.15 25 3.2
      vertex 24.15 8.07185 9.0194
    endloop
  endfacet
  facet normal 1 -0 0
    outer loop
      vertex 24.15 7.48323 7.99987
      vertex 24.15 25 3.2
      vertex 24.15 7.79423 8.5
    endloop
  endfacet
  facet normal 1 0 0
    outer loop
      vertex 24.15 25 3.2
      vertex 24.15 7.48323 7.99987
      vertex 24.15 25 2
    endloop
  endfacet
  facet normal 1 -0 0
    outer loop
      vertex 24.15 7.14018 7.52115
      vertex 24.15 25 2
      vertex 24.15 7.48323 7.99987
    endloop
  endfacet
  facet normal 1 -0 0
    outer loop
      vertex 24.15 6.76656 7.06589
      vertex 24.15 25 2
      vertex 24.15 7.14018 7.52115
    endloop
  endfacet
  facet normal 1 -0 0
    outer loop
      vertex 24.15 6.36396 6.63604
      vertex 24.15 25 2
      vertex 24.15 6.76656 7.06589
    endloop
  endfacet
  facet normal 1 -0 0
    outer loop
      vertex 24.15 5.93411 6.23344
      vertex 24.15 25 2
      vertex 24.15 6.36396 6.63604
    endloop
  endfacet
  facet normal 1 -0 0
    outer loop
      vertex 24.15 5.47885 5.85982
      vertex 24.15 25 2
      vertex 24.15 5.93411 6.23344
    endloop
  endfacet
  facet normal 1 -0 0
    outer loop
      vertex 24.15 5.00013 5.51677
      vertex 24.15 25 2
      vertex 24.15 5.47885 5.85982
    endloop
  endfacet
  facet normal 1 -0 0
    outer loop
      vertex 24.15 4.5 5.20577
      vertex 24.15 25 2
      vertex 24.15 5.00013 5.51677
    endloop
  endfacet
  facet normal 1 -0 0
    outer loop
      vertex 24.15 3.9806 4.92814
      vertex 24.15 25 2
      vertex 24.15 4.5 5.20577
    endloop
  endfacet
  facet normal 1 -0 0
    outer loop
      vertex 24.15 3.44415 4.68508
      vertex 24.15 25 2
      vertex 24.15 3.9806 4.92814
    endloop
  endfacet
  facet normal 1 -0 0
    outer loop
      vertex 24.15 2.89295 4.47763
      vertex 24.15 25 2
      vertex 24.15 3.44415 4.68508
    endloop
  endfacet
  facet normal 1 -0 0
    outer loop
      vertex 24.15 2.32937 4.30667
      vertex 24.15 25 2
      vertex 24.15 2.89295 4.47763
    endloop
  endfacet
  facet normal 1 -0 0
    outer loop
      vertex 24.15 1.75581 4.17293
      vertex 24.15 25 2
      vertex 24.15 2.32937 4.30667
    endloop
  endfacet
  facet normal 1 -0 0
    outer loop
      vertex 24.15 1.17474 4.077
      vertex 24.15 25 2
      vertex 24.15 1.75581 4.17293
    endloop
  endfacet
  facet normal 1 -0 0
    outer loop
      vertex 24.15 0.588628 4.01927
      vertex 24.15 25 2
      vertex 24.15 1.17474 4.077
    endloop
  endfacet
  facet normal 1 -0 0
    outer loop
      vertex 24.15 0 4
      vertex 24.15 25 2
      vertex 24.15 0.588628 4.01927
    endloop
  endfacet
  facet normal 1 0 0
    outer loop
      vertex 24.15 -25 2
      vertex 24.15 0 4
      vertex 24.15 -0.588628 4.01927
    endloop
  endfacet
  facet normal 1 -0 0
    outer loop
      vertex 24.15 -22.25 23.8
      vertex 24.15 -9 13
      vertex 24.15 -21.05 25
    endloop
  endfacet
  facet normal 1 0 0
    outer loop
      vertex 24.15 -25 3.2
      vertex 24.15 -9 13
      vertex 24.15 -22.25 23.8
    endloop
  endfacet
  facet normal 1 0 0
    outer loop
      vertex 24.15 -9 13
      vertex 24.15 -25 3.2
      vertex 24.15 -8.98073 12.4114
    endloop
  endfacet
  facet normal 1 0 0
    outer loop
      vertex 24.15 -8.98073 12.4114
      vertex 24.15 -25 3.2
      vertex 24.15 -8.923 11.8253
    endloop
  endfacet
  facet normal 1 0 0
    outer loop
      vertex 24.15 -8.923 11.8253
      vertex 24.15 -25 3.2
      vertex 24.15 -8.82707 11.2442
    endloop
  endfacet
  facet normal 1 0 0
    outer loop
      vertex 24.15 -8.82707 11.2442
      vertex 24.15 -25 3.2
      vertex 24.15 -8.69333 10.6706
    endloop
  endfacet
  facet normal 1 0 0
    outer loop
      vertex 24.15 -8.69333 10.6706
      vertex 24.15 -25 3.2
      vertex 24.15 -8.52237 10.107
    endloop
  endfacet
  facet normal 1 0 0
    outer loop
      vertex 24.15 -8.52237 10.107
      vertex 24.15 -25 3.2
      vertex 24.15 -8.31492 9.55585
    endloop
  endfacet
  facet normal 1 0 0
    outer loop
      vertex 24.15 -8.31492 9.55585
      vertex 24.15 -25 3.2
      vertex 24.15 -8.07185 9.0194
    endloop
  endfacet
  facet normal 1 0 0
    outer loop
      vertex 24.15 -8.07185 9.0194
      vertex 24.15 -25 3.2
      vertex 24.15 -7.79423 8.5
    endloop
  endfacet
  facet normal 1 0 0
    outer loop
      vertex 24.15 -7.79423 8.5
      vertex 24.15 -25 3.2
      vertex 24.15 -7.48323 7.99987
    endloop
  endfacet
  facet normal 1 0 0
    outer loop
      vertex 24.15 -25 2
      vertex 24.15 -7.48323 7.99987
      vertex 24.15 -25 3.2
    endloop
  endfacet
  facet normal 1 -0 0
    outer loop
      vertex 24.15 -27 25
      vertex 24.15 -22.25 23.8
      vertex 24.15 -23.45 25
    endloop
  endfacet
  facet normal 1 0 0
    outer loop
      vertex 24.15 -7.48323 7.99987
      vertex 24.15 -25 2
      vertex 24.15 -7.14018 7.52115
    endloop
  endfacet
  facet normal 1 0 0
    outer loop
      vertex 24.15 -7.14018 7.52115
      vertex 24.15 -25 2
      vertex 24.15 -6.76656 7.06589
    endloop
  endfacet
  facet normal 1 0 0
    outer loop
      vertex 24.15 -6.76656 7.06589
      vertex 24.15 -25 2
      vertex 24.15 -6.36396 6.63604
    endloop
  endfacet
  facet normal 1 0 0
    outer loop
      vertex 24.15 -6.36396 6.63604
      vertex 24.15 -25 2
      vertex 24.15 -5.93411 6.23344
    endloop
  endfacet
  facet normal 1 0 0
    outer loop
      vertex 24.15 -5.93411 6.23344
      vertex 24.15 -25 2
      vertex 24.15 -5.47885 5.85982
    endloop
  endfacet
  facet normal 1 0 0
    outer loop
      vertex 24.15 -5.47885 5.85982
      vertex 24.15 -25 2
      vertex 24.15 -5.00013 5.51677
    endloop
  endfacet
  facet normal 1 0 0
    outer loop
      vertex 24.15 -5.00013 5.51677
      vertex 24.15 -25 2
      vertex 24.15 -4.5 5.20577
    endloop
  endfacet
  facet normal 1 0 0
    outer loop
      vertex 24.15 -4.5 5.20577
      vertex 24.15 -25 2
      vertex 24.15 -3.9806 4.92814
    endloop
  endfacet
  facet normal 1 0 0
    outer loop
      vertex 24.15 -3.9806 4.92814
      vertex 24.15 -25 2
      vertex 24.15 -3.44415 4.68508
    endloop
  endfacet
  facet normal 1 0 0
    outer loop
      vertex 24.15 -3.44415 4.68508
      vertex 24.15 -25 2
      vertex 24.15 -2.89295 4.47763
    endloop
  endfacet
  facet normal 1 0 0
    outer loop
      vertex 24.15 -2.89295 4.47763
      vertex 24.15 -25 2
      vertex 24.15 -2.32937 4.30667
    endloop
  endfacet
  facet normal 1 0 0
    outer loop
      vertex 24.15 -2.32937 4.30667
      vertex 24.15 -25 2
      vertex 24.15 -1.75581 4.17293
    endloop
  endfacet
  facet normal 1 0 0
    outer loop
      vertex 24.15 -1.75581 4.17293
      vertex 24.15 -25 2
      vertex 24.15 -1.17474 4.077
    endloop
  endfacet
  facet normal 1 0 0
    outer loop
      vertex 24.15 -1.17474 4.077
      vertex 24.15 -25 2
      vertex 24.15 -0.588628 4.01927
    endloop
  endfacet
  facet normal 1 0 0
    outer loop
      vertex 24.15 0 4
      vertex 24.15 -25 2
      vertex 24.15 25 2
    endloop
  endfacet
  facet normal 1 0 0
    outer loop
      vertex 24.15 -27 3.2
      vertex 24.15 -22.25 23.8
      vertex 24.15 -27 25
    endloop
  endfacet
  facet normal 1 0 0
    outer loop
      vertex 24.15 -22.25 23.8
      vertex 24.15 -27 3.2
      vertex 24.15 -25 3.2
    endloop
  endfacet
  facet normal -0 0 1
    outer loop
      vertex 23.15 -23.45 25
      vertex 24.15 -27 25
      vertex 24.15 -23.45 25
    endloop
  endfacet
  facet normal 0 0 1
    outer loop
      vertex 24.15 -27 25
      vertex 23.15 -23.45 25
      vertex 23.15 -27 25
    endloop
  endfacet
  facet normal -0 0 1
    outer loop
      vertex 23.15 27 25
      vertex 24.15 23.45 25
      vertex 24.15 27 25
    endloop
  endfacet
  facet normal 0 0 1
    outer loop
      vertex 24.15 23.45 25
      vertex 23.15 27 25
      vertex 23.15 23.45 25
    endloop
  endfacet
  facet normal -0 0 1
    outer loop
      vertex 23.15 21.05 25
      vertex 24.15 9 25
      vertex 24.15 21.05 25
    endloop
  endfacet
  facet normal 0 0 1
    outer loop
      vertex 24.15 9 25
      vertex 23.15 21.05 25
      vertex 23.15 9 25
    endloop
  endfacet
  facet normal -0 0 1
    outer loop
      vertex 23.15 -9 25
      vertex 24.15 -21.05 25
      vertex 24.15 -9 25
    endloop
  endfacet
  facet normal 0 0 1
    outer loop
      vertex 24.15 -21.05 25
      vertex 23.15 -9 25
      vertex 23.15 -21.05 25
    endloop
  endfacet
  facet normal -0.707107 0 0.707107
    outer loop
      vertex 22.15 27 24
      vertex 23.15 23.45 25
      vertex 23.15 27 25
    endloop
  endfacet
  facet normal -0.707107 0 0.707107
    outer loop
      vertex 23.15 23.45 25
      vertex 22.15 27 24
      vertex 22.15 22.45 24
    endloop
  endfacet
  facet normal -0.707107 0 0.707107
    outer loop
      vertex 22.15 -27 24
      vertex 23.15 -23.45 25
      vertex 22.15 -22.45 24
    endloop
  endfacet
  facet normal -0.707107 0 0.707107
    outer loop
      vertex 23.15 -23.45 25
      vertex 22.15 -27 24
      vertex 23.15 -27 25
    endloop
  endfacet
  facet normal -0.707107 0 0.707107
    outer loop
      vertex 22.15 9 24
      vertex 23.15 21.05 25
      vertex 22.15 22.05 24
    endloop
  endfacet
  facet normal -0.707107 0 0.707107
    outer loop
      vertex 23.15 21.05 25
      vertex 22.15 9 24
      vertex 23.15 9 25
    endloop
  endfacet
  facet normal -0.707107 0 0.707107
    outer loop
      vertex 22.15 -9 24
      vertex 23.15 -21.05 25
      vertex 23.15 -9 25
    endloop
  endfacet
  facet normal -0.707107 0 0.707107
    outer loop
      vertex 23.15 -21.05 25
      vertex 22.15 -9 24
      vertex 22.15 -22.05 24
    endloop
  endfacet
  facet normal -1 0 0
    outer loop
      vertex 22.15 7.48323 7.99987
      vertex 22.15 25 3.2
      vertex 22.15 25 2
    endloop
  endfacet
  facet normal -1 0 0
    outer loop
      vertex 22.15 25 3.2
      vertex 22.15 22.25 23.8
      vertex 22.15 22.45 24
    endloop
  endfacet
  facet normal -1 0 0
    outer loop
      vertex 22.15 25 3.2
      vertex 22.15 9 13
      vertex 22.15 22.25 23.8
    endloop
  endfacet
  facet normal -1 -0 0
    outer loop
      vertex 22.15 22.25 23.8
      vertex 22.15 9 13
      vertex 22.15 22.05 24
    endloop
  endfacet
  facet normal -1 0 0
    outer loop
      vertex 22.15 25 3.2
      vertex 22.15 8.98073 12.4114
      vertex 22.15 9 13
    endloop
  endfacet
  facet normal -1 0 0
    outer loop
      vertex 22.15 25 3.2
      vertex 22.15 8.923 11.8253
      vertex 22.15 8.98073 12.4114
    endloop
  endfacet
  facet normal -1 0 0
    outer loop
      vertex 22.15 25 3.2
      vertex 22.15 8.82707 11.2442
      vertex 22.15 8.923 11.8253
    endloop
  endfacet
  facet normal -1 0 0
    outer loop
      vertex 22.15 25 3.2
      vertex 22.15 8.69333 10.6706
      vertex 22.15 8.82707 11.2442
    endloop
  endfacet
  facet normal -1 0 0
    outer loop
      vertex 22.15 25 3.2
      vertex 22.15 8.52237 10.107
      vertex 22.15 8.69333 10.6706
    endloop
  endfacet
  facet normal -1 0 0
    outer loop
      vertex 22.15 25 3.2
      vertex 22.15 8.31492 9.55585
      vertex 22.15 8.52237 10.107
    endloop
  endfacet
  facet normal -1 0 0
    outer loop
      vertex 22.15 25 3.2
      vertex 22.15 8.07185 9.0194
      vertex 22.15 8.31492 9.55585
    endloop
  endfacet
  facet normal -1 0 0
    outer loop
      vertex 22.15 25 3.2
      vertex 22.15 7.79423 8.5
      vertex 22.15 8.07185 9.0194
    endloop
  endfacet
  facet normal -1 0 0
    outer loop
      vertex 22.15 25 3.2
      vertex 22.15 7.48323 7.99987
      vertex 22.15 7.79423 8.5
    endloop
  endfacet
  facet normal -1 0 0
    outer loop
      vertex 22.15 25 2
      vertex 22.15 7.14018 7.52115
      vertex 22.15 7.48323 7.99987
    endloop
  endfacet
  facet normal -1 0 0
    outer loop
      vertex 22.15 25 2
      vertex 22.15 6.76656 7.06589
      vertex 22.15 7.14018 7.52115
    endloop
  endfacet
  facet normal -1 0 0
    outer loop
      vertex 22.15 25 2
      vertex 22.15 6.36396 6.63604
      vertex 22.15 6.76656 7.06589
    endloop
  endfacet
  facet normal -1 0 0
    outer loop
      vertex 22.15 25 2
      vertex 22.15 5.93411 6.23344
      vertex 22.15 6.36396 6.63604
    endloop
  endfacet
  facet normal -1 0 0
    outer loop
      vertex 22.15 25 2
      vertex 22.15 5.47885 5.85982
      vertex 22.15 5.93411 6.23344
    endloop
  endfacet
  facet normal -1 0 0
    outer loop
      vertex 22.15 25 2
      vertex 22.15 5.00013 5.51677
      vertex 22.15 5.47885 5.85982
    endloop
  endfacet
  facet normal -1 0 0
    outer loop
      vertex 22.15 25 2
      vertex 22.15 4.5 5.20577
      vertex 22.15 5.00013 5.51677
    endloop
  endfacet
  facet normal -1 0 0
    outer loop
      vertex 22.15 25 2
      vertex 22.15 3.9806 4.92814
      vertex 22.15 4.5 5.20577
    endloop
  endfacet
  facet normal -1 0 0
    outer loop
      vertex 22.15 25 2
      vertex 22.15 3.44415 4.68508
      vertex 22.15 3.9806 4.92814
    endloop
  endfacet
  facet normal -1 0 0
    outer loop
      vertex 22.15 25 2
      vertex 22.15 2.89295 4.47763
      vertex 22.15 3.44415 4.68508
    endloop
  endfacet
  facet normal -1 0 0
    outer loop
      vertex 22.15 25 2
      vertex 22.15 2.32937 4.30667
      vertex 22.15 2.89295 4.47763
    endloop
  endfacet
  facet normal -1 0 0
    outer loop
      vertex 22.15 25 2
      vertex 22.15 1.75581 4.17293
      vertex 22.15 2.32937 4.30667
    endloop
  endfacet
  facet normal -1 0 0
    outer loop
      vertex 22.15 25 2
      vertex 22.15 1.17474 4.077
      vertex 22.15 1.75581 4.17293
    endloop
  endfacet
  facet normal -1 0 0
    outer loop
      vertex 22.15 25 2
      vertex 22.15 0.588628 4.01927
      vertex 22.15 1.17474 4.077
    endloop
  endfacet
  facet normal -1 0 0
    outer loop
      vertex 22.15 25 2
      vertex 22.15 0 4
      vertex 22.15 0.588628 4.01927
    endloop
  endfacet
  facet normal -1 0 0
    outer loop
      vertex 22.15 -25 2
      vertex 22.15 0 4
      vertex 22.15 25 2
    endloop
  endfacet
  facet normal -1 0 0
    outer loop
      vertex 22.15 -9 13
      vertex 22.15 -22.05 24
      vertex 22.15 -9 24
    endloop
  endfacet
  facet normal -1 0 0
    outer loop
      vertex 22.15 -25 3.2
      vertex 22.15 -9 13
      vertex 22.15 -8.98073 12.4114
    endloop
  endfacet
  facet normal -1 0 0
    outer loop
      vertex 22.15 -25 3.2
      vertex 22.15 -8.98073 12.4114
      vertex 22.15 -8.923 11.8253
    endloop
  endfacet
  facet normal -1 0 0
    outer loop
      vertex 22.15 -25 3.2
      vertex 22.15 -8.923 11.8253
      vertex 22.15 -8.82707 11.2442
    endloop
  endfacet
  facet normal -1 0 0
    outer loop
      vertex 22.15 -25 3.2
      vertex 22.15 -8.82707 11.2442
      vertex 22.15 -8.69333 10.6706
    endloop
  endfacet
  facet normal -1 0 0
    outer loop
      vertex 22.15 -25 3.2
      vertex 22.15 -8.69333 10.6706
      vertex 22.15 -8.52237 10.107
    endloop
  endfacet
  facet normal -1 0 0
    outer loop
      vertex 22.15 -25 3.2
      vertex 22.15 -8.52237 10.107
      vertex 22.15 -8.31492 9.55585
    endloop
  endfacet
  facet normal -1 0 0
    outer loop
      vertex 22.15 -25 3.2
      vertex 22.15 -8.31492 9.55585
      vertex 22.15 -8.07185 9.0194
    endloop
  endfacet
  facet normal -1 0 0
    outer loop
      vertex 22.15 -25 3.2
      vertex 22.15 -8.07185 9.0194
      vertex 22.15 -7.79423 8.5
    endloop
  endfacet
  facet normal -1 0 0
    outer loop
      vertex 22.15 -25 3.2
      vertex 22.15 -7.79423 8.5
      vertex 22.15 -7.48323 7.99987
    endloop
  endfacet
  facet normal -1 0 0
    outer loop
      vertex 22.15 -25 2
      vertex 22.15 -7.48323 7.99987
      vertex 22.15 -7.14018 7.52115
    endloop
  endfacet
  facet normal -1 0 0
    outer loop
      vertex 22.15 -25 2
      vertex 22.15 -7.14018 7.52115
      vertex 22.15 -6.76656 7.06589
    endloop
  endfacet
  facet normal -1 0 0
    outer loop
      vertex 22.15 -9 13
      vertex 22.15 -22.25 23.8
      vertex 22.15 -22.05 24
    endloop
  endfacet
  facet normal -1 -0 0
    outer loop
      vertex 22.15 -9 13
      vertex 22.15 -25 3.2
      vertex 22.15 -22.25 23.8
    endloop
  endfacet
  facet normal -1 -0 0
    outer loop
      vertex 22.15 0 4
      vertex 22.15 -25 2
      vertex 22.15 -0.588628 4.01927
    endloop
  endfacet
  facet normal -1 0 0
    outer loop
      vertex 22.15 -25 2
      vertex 22.15 -1.17474 4.077
      vertex 22.15 -0.588628 4.01927
    endloop
  endfacet
  facet normal -1 0 0
    outer loop
      vertex 22.15 -25 2
      vertex 22.15 -1.75581 4.17293
      vertex 22.15 -1.17474 4.077
    endloop
  endfacet
  facet normal -1 0 0
    outer loop
      vertex 22.15 -25 2
      vertex 22.15 -2.32937 4.30667
      vertex 22.15 -1.75581 4.17293
    endloop
  endfacet
  facet normal -1 0 0
    outer loop
      vertex 22.15 -25 2
      vertex 22.15 -2.89295 4.47763
      vertex 22.15 -2.32937 4.30667
    endloop
  endfacet
  facet normal -1 0 0
    outer loop
      vertex 22.15 -25 2
      vertex 22.15 -3.44415 4.68508
      vertex 22.15 -2.89295 4.47763
    endloop
  endfacet
  facet normal -1 0 0
    outer loop
      vertex 22.15 -25 2
      vertex 22.15 -3.9806 4.92814
      vertex 22.15 -3.44415 4.68508
    endloop
  endfacet
  facet normal -1 0 0
    outer loop
      vertex 22.15 -25 2
      vertex 22.15 -4.5 5.20577
      vertex 22.15 -3.9806 4.92814
    endloop
  endfacet
  facet normal -1 0 0
    outer loop
      vertex 22.15 -25 2
      vertex 22.15 -5.00013 5.51677
      vertex 22.15 -4.5 5.20577
    endloop
  endfacet
  facet normal -1 0 0
    outer loop
      vertex 22.15 -25 2
      vertex 22.15 -5.47885 5.85982
      vertex 22.15 -5.00013 5.51677
    endloop
  endfacet
  facet normal -1 0 0
    outer loop
      vertex 22.15 -25 2
      vertex 22.15 -5.93411 6.23344
      vertex 22.15 -5.47885 5.85982
    endloop
  endfacet
  facet normal -1 0 0
    outer loop
      vertex 22.15 -25 2
      vertex 22.15 -6.36396 6.63604
      vertex 22.15 -5.93411 6.23344
    endloop
  endfacet
  facet normal -1 0 0
    outer loop
      vertex 22.15 -25 2
      vertex 22.15 -6.76656 7.06589
      vertex 22.15 -6.36396 6.63604
    endloop
  endfacet
  facet normal -1 0 0
    outer loop
      vertex 22.15 -7.48323 7.99987
      vertex 22.15 -25 2
      vertex 22.15 -25 3.2
    endloop
  endfacet
  facet normal -1 0 0
    outer loop
      vertex 22.15 -27 24
      vertex 22.15 -22.25 23.8
      vertex 22.15 -25 3.2
    endloop
  endfacet
  facet normal -1 0 0
    outer loop
      vertex 22.15 -27 24
      vertex 22.15 -25 3.2
      vertex 22.15 -27 3.2
    endloop
  endfacet
  facet normal -1 0 0
    outer loop
      vertex 22.15 -22.25 23.8
      vertex 22.15 -27 24
      vertex 22.15 -22.45 24
    endloop
  endfacet
  facet normal -1 0 0
    outer loop
      vertex 22.15 25 3.2
      vertex 22.15 27 24
      vertex 22.15 27 3.2
    endloop
  endfacet
  facet normal -1 -0 0
    outer loop
      vertex 22.15 27 24
      vertex 22.15 25 3.2
      vertex 22.15 22.45 24
    endloop
  endfacet
  facet normal -1 -0 0
    outer loop
      vertex 22.15 22.05 24
      vertex 22.15 9 13
      vertex 22.15 9 24
    endloop
  endfacet
  facet normal 1 -0 0
    outer loop
      vertex 0.00999928 9 18.45
      vertex 0.00999928 13 13
      vertex 0.00999928 13 18.45
    endloop
  endfacet
  facet normal 1 0 0
    outer loop
      vertex 0.00999928 13 13
      vertex 0.00999928 9 18.45
      vertex 0.00999928 9 13
    endloop
  endfacet
  facet normal 1 -0 0
    outer loop
      vertex 0.00999928 -13 18.45
      vertex 0.00999928 -9 13
      vertex 0.00999928 -9 18.45
    endloop
  endfacet
  facet normal 1 0 0
    outer loop
      vertex 0.00999928 -9 13
      vertex 0.00999928 -13 18.45
      vertex 0.00999928 -13 13
    endloop
  endfacet
  facet normal -0 0 1
    outer loop
      vertex -3 13 18.45
      vertex 0.00999928 9 18.45
      vertex 0.00999928 13 18.45
    endloop
  endfacet
  facet normal 0 0 1
    outer loop
      vertex 0.00999928 9 18.45
      vertex -3 13 18.45
      vertex -3 9 18.45
    endloop
  endfacet
  facet normal 0 0 1
    outer loop
      vertex 0.00999928 -9 18.45
      vertex -0.566254 -11.076 18.45
      vertex 0.00999928 -13 18.45
    endloop
  endfacet
  facet normal 0 0 1
    outer loop
      vertex 0.00999928 -9 18.45
      vertex -0.777832 -11.076 18.45
      vertex -0.566254 -11.076 18.45
    endloop
  endfacet
  facet normal 0 0 1
    outer loop
      vertex -0.777832 -11.076 18.45
      vertex -1.44376 -11.213 18.45
      vertex -0.777832 -12.3224 18.45
    endloop
  endfacet
  facet normal 0 0 1
    outer loop
      vertex 0.00999928 -9 18.45
      vertex -1.44376 -11.213 18.45
      vertex -0.777832 -11.076 18.45
    endloop
  endfacet
  facet normal -0 0 1
    outer loop
      vertex -3 -9 18.45
      vertex -1.44376 -11.213 18.45
      vertex 0.00999928 -9 18.45
    endloop
  endfacet
  facet normal 0 0 1
    outer loop
      vertex -2.26562 -12.3224 18.45
      vertex -1.6526 -11.213 18.45
      vertex -2.26562 -11.1317 18.45
    endloop
  endfacet
  facet normal 0 0 1
    outer loop
      vertex -1.44376 -11.213 18.45
      vertex -3 -9 18.45
      vertex -1.6526 -11.213 18.45
    endloop
  endfacet
  facet normal 0 0 1
    outer loop
      vertex -1.6526 -11.213 18.45
      vertex -3 -9 18.45
      vertex -2.26562 -11.1317 18.45
    endloop
  endfacet
  facet normal 0 0 1
    outer loop
      vertex -3 -13 18.45
      vertex -2.4772 -11.1317 18.45
      vertex -3 -9 18.45
    endloop
  endfacet
  facet normal 0 0 1
    outer loop
      vertex -2.26562 -11.1317 18.45
      vertex -3 -9 18.45
      vertex -2.4772 -11.1317 18.45
    endloop
  endfacet
  facet normal -0 0 1
    outer loop
      vertex -0.566254 -12.5815 18.45
      vertex 0.00999928 -13 18.45
      vertex -0.566254 -11.076 18.45
    endloop
  endfacet
  facet normal 0 0 1
    outer loop
      vertex -0.566254 -12.5815 18.45
      vertex -0.776242 -13 18.45
      vertex 0.00999928 -13 18.45
    endloop
  endfacet
  facet normal 0 0 1
    outer loop
      vertex -0.566254 -12.5815 18.45
      vertex -0.784866 -12.9926 18.45
      vertex -0.776242 -13 18.45
    endloop
  endfacet
  facet normal 0 0 1
    outer loop
      vertex -0.566254 -12.5815 18.45
      vertex -0.813538 -12.9718 18.45
      vertex -0.784866 -12.9926 18.45
    endloop
  endfacet
  facet normal 0 0 1
    outer loop
      vertex -0.566254 -12.5815 18.45
      vertex -0.843643 -12.9535 18.45
      vertex -0.813538 -12.9718 18.45
    endloop
  endfacet
  facet normal 0 0 1
    outer loop
      vertex -0.566254 -12.5815 18.45
      vertex -0.875137 -12.9376 18.45
      vertex -0.843643 -12.9535 18.45
    endloop
  endfacet
  facet normal 0 0 1
    outer loop
      vertex -0.566254 -12.5815 18.45
      vertex -0.908066 -12.9241 18.45
      vertex -0.875137 -12.9376 18.45
    endloop
  endfacet
  facet normal 0 0 1
    outer loop
      vertex -0.566254 -12.5815 18.45
      vertex -0.942398 -12.9131 18.45
      vertex -0.908066 -12.9241 18.45
    endloop
  endfacet
  facet normal 0 0 1
    outer loop
      vertex -0.566254 -12.5815 18.45
      vertex -0.978134 -12.9045 18.45
      vertex -0.942398 -12.9131 18.45
    endloop
  endfacet
  facet normal 0 0 1
    outer loop
      vertex -0.566254 -12.5815 18.45
      vertex -1.01529 -12.8984 18.45
      vertex -0.978134 -12.9045 18.45
    endloop
  endfacet
  facet normal 0 0 1
    outer loop
      vertex -0.566254 -12.5815 18.45
      vertex -1.05386 -12.8947 18.45
      vertex -1.01529 -12.8984 18.45
    endloop
  endfacet
  facet normal 0 0 1
    outer loop
      vertex -0.566254 -12.5815 18.45
      vertex -1.09384 -12.8935 18.45
      vertex -1.05386 -12.8947 18.45
    endloop
  endfacet
  facet normal 0 0 1
    outer loop
      vertex -0.566254 -12.5815 18.45
      vertex -1.10974 -12.8937 18.45
      vertex -1.09384 -12.8935 18.45
    endloop
  endfacet
  facet normal 0 0 1
    outer loop
      vertex -0.566254 -12.5815 18.45
      vertex -1.12534 -12.8942 18.45
      vertex -1.10974 -12.8937 18.45
    endloop
  endfacet
  facet normal 0 0 1
    outer loop
      vertex -0.566254 -12.5815 18.45
      vertex -1.14059 -12.8951 18.45
      vertex -1.12534 -12.8942 18.45
    endloop
  endfacet
  facet normal 0 0 1
    outer loop
      vertex -0.566254 -12.5815 18.45
      vertex -1.15553 -12.8963 18.45
      vertex -1.14059 -12.8951 18.45
    endloop
  endfacet
  facet normal 0 0 1
    outer loop
      vertex -0.566254 -12.5815 18.45
      vertex -1.17017 -12.8978 18.45
      vertex -1.15553 -12.8963 18.45
    endloop
  endfacet
  facet normal 0 0 1
    outer loop
      vertex -0.566254 -12.5815 18.45
      vertex -1.18446 -12.8997 18.45
      vertex -1.17017 -12.8978 18.45
    endloop
  endfacet
  facet normal 0 0 1
    outer loop
      vertex -0.566254 -12.5815 18.45
      vertex -1.19844 -12.902 18.45
      vertex -1.18446 -12.8997 18.45
    endloop
  endfacet
  facet normal 0 0 1
    outer loop
      vertex -0.566254 -12.5815 18.45
      vertex -1.2121 -12.9045 18.45
      vertex -1.19844 -12.902 18.45
    endloop
  endfacet
  facet normal 0 0 1
    outer loop
      vertex -0.566254 -12.5815 18.45
      vertex -1.22543 -12.9075 18.45
      vertex -1.2121 -12.9045 18.45
    endloop
  endfacet
  facet normal -0 0 1
    outer loop
      vertex -2.4772 -12.5815 18.45
      vertex -1.22543 -12.9075 18.45
      vertex -0.566254 -12.5815 18.45
    endloop
  endfacet
  facet normal 0 0 1
    outer loop
      vertex -1.22543 -12.9075 18.45
      vertex -2.4772 -12.5815 18.45
      vertex -1.23845 -12.9108 18.45
    endloop
  endfacet
  facet normal 0 0 1
    outer loop
      vertex -1.23845 -12.9108 18.45
      vertex -2.4772 -12.5815 18.45
      vertex -1.25114 -12.9144 18.45
    endloop
  endfacet
  facet normal 0 0 1
    outer loop
      vertex -1.25114 -12.9144 18.45
      vertex -2.4772 -12.5815 18.45
      vertex -1.26352 -12.9184 18.45
    endloop
  endfacet
  facet normal 0 0 1
    outer loop
      vertex -1.26352 -12.9184 18.45
      vertex -2.4772 -12.5815 18.45
      vertex -1.27557 -12.9227 18.45
    endloop
  endfacet
  facet normal 0 0 1
    outer loop
      vertex -1.27557 -12.9227 18.45
      vertex -2.4772 -12.5815 18.45
      vertex -1.28735 -12.9273 18.45
    endloop
  endfacet
  facet normal 0 0 1
    outer loop
      vertex -1.28735 -12.9273 18.45
      vertex -2.4772 -12.5815 18.45
      vertex -1.29887 -12.9322 18.45
    endloop
  endfacet
  facet normal 0 0 1
    outer loop
      vertex -2.06627 -12.9383 18.45
      vertex -1.406 -13 18.45
      vertex -1.40096 -12.9956 18.45
    endloop
  endfacet
  facet normal 0 0 1
    outer loop
      vertex -2.06627 -12.9383 18.45
      vertex -1.40096 -12.9956 18.45
      vertex -1.39183 -12.988 18.45
    endloop
  endfacet
  facet normal 0 0 1
    outer loop
      vertex -2.06627 -12.9383 18.45
      vertex -1.39183 -12.988 18.45
      vertex -1.38246 -12.9808 18.45
    endloop
  endfacet
  facet normal 0 0 1
    outer loop
      vertex -2.06627 -12.9383 18.45
      vertex -1.38246 -12.9808 18.45
      vertex -1.37286 -12.9738 18.45
    endloop
  endfacet
  facet normal 0 0 1
    outer loop
      vertex -2.06627 -12.9383 18.45
      vertex -1.37286 -12.9738 18.45
      vertex -1.36301 -12.967 18.45
    endloop
  endfacet
  facet normal 0 0 1
    outer loop
      vertex -2.06627 -12.9383 18.45
      vertex -1.36301 -12.967 18.45
      vertex -1.35292 -12.9606 18.45
    endloop
  endfacet
  facet normal 0 0 1
    outer loop
      vertex -2.06627 -12.9383 18.45
      vertex -1.35292 -12.9606 18.45
      vertex -1.34261 -12.9543 18.45
    endloop
  endfacet
  facet normal 0 0 1
    outer loop
      vertex -2.06627 -12.9383 18.45
      vertex -1.34261 -12.9543 18.45
      vertex -1.33203 -12.9484 18.45
    endloop
  endfacet
  facet normal 0 0 1
    outer loop
      vertex -2.06627 -12.9383 18.45
      vertex -1.33203 -12.9484 18.45
      vertex -1.32123 -12.9427 18.45
    endloop
  endfacet
  facet normal -0 0 1
    outer loop
      vertex -2.06627 -12.9383 18.45
      vertex -1.32123 -12.9427 18.45
      vertex -1.31017 -12.9373 18.45
    endloop
  endfacet
  facet normal 0 0 1
    outer loop
      vertex -1.29887 -12.9322 18.45
      vertex -2.4772 -12.5815 18.45
      vertex -1.31017 -12.9373 18.45
    endloop
  endfacet
  facet normal 0 0 1
    outer loop
      vertex -1.406 -13 18.45
      vertex -2.06627 -12.9383 18.45
      vertex -2.05543 -13 18.45
    endloop
  endfacet
  facet normal 0 0 1
    outer loop
      vertex -1.31017 -12.9373 18.45
      vertex -2.4772 -12.5815 18.45
      vertex -2.06627 -12.9383 18.45
    endloop
  endfacet
  facet normal 0 0 1
    outer loop
      vertex -2.4772 -12.5815 18.45
      vertex -2.10236 -12.9495 18.45
      vertex -2.06627 -12.9383 18.45
    endloop
  endfacet
  facet normal 0 0 1
    outer loop
      vertex -2.4772 -12.5815 18.45
      vertex -2.1368 -12.962 18.45
      vertex -2.10236 -12.9495 18.45
    endloop
  endfacet
  facet normal 0 0 1
    outer loop
      vertex -2.4772 -12.5815 18.45
      vertex -2.16957 -12.9757 18.45
      vertex -2.1368 -12.962 18.45
    endloop
  endfacet
  facet normal 0 0 1
    outer loop
      vertex -2.4772 -12.5815 18.45
      vertex -2.20068 -12.9906 18.45
      vertex -2.16957 -12.9757 18.45
    endloop
  endfacet
  facet normal 0 0 1
    outer loop
      vertex -2.4772 -12.5815 18.45
      vertex -2.21785 -13 18.45
      vertex -2.20068 -12.9906 18.45
    endloop
  endfacet
  facet normal 0 0 1
    outer loop
      vertex -2.4772 -12.5815 18.45
      vertex -3 -13 18.45
      vertex -2.21785 -13 18.45
    endloop
  endfacet
  facet normal 0 0 1
    outer loop
      vertex -2.4772 -11.1317 18.45
      vertex -3 -13 18.45
      vertex -2.4772 -12.5815 18.45
    endloop
  endfacet
  facet normal 0 0 1
    outer loop
      vertex -0.777832 -12.3224 18.45
      vertex -1.44376 -11.213 18.45
      vertex -1.44376 -12.3224 18.45
    endloop
  endfacet
  facet normal 0 0 1
    outer loop
      vertex -1.6526 -11.213 18.45
      vertex -2.26562 -12.3224 18.45
      vertex -1.6526 -12.3224 18.45
    endloop
  endfacet
  facet normal 0 1 0
    outer loop
      vertex 0.849999 13 13
      vertex -3 13 3.2
      vertex 0.00999928 13 13
    endloop
  endfacet
  facet normal 0 1 -0
    outer loop
      vertex 0.849999 13 2
      vertex -3 13 3.2
      vertex 0.849999 13 13
    endloop
  endfacet
  facet normal 0 1 0
    outer loop
      vertex -3 13 3.2
      vertex 0.849999 13 2
      vertex -3 13 2
    endloop
  endfacet
  facet normal 0 1 -0
    outer loop
      vertex 0.00999928 13 13
      vertex -3 13 18.45
      vertex 0.00999928 13 18.45
    endloop
  endfacet
  facet normal 0 1 0
    outer loop
      vertex -3 13 18.45
      vertex 0.00999928 13 13
      vertex -3 13 3.2
    endloop
  endfacet
  facet normal 0 -1 0
    outer loop
      vertex -3 -13 18.45
      vertex -2.21785 -13 18.05
      vertex -2.21785 -13 18.45
    endloop
  endfacet
  facet normal 0 -1 0
    outer loop
      vertex 0.00999928 -13 13
      vertex -2.05543 -13 18.05
      vertex -2.21785 -13 18.05
    endloop
  endfacet
  facet normal 0 -1 0
    outer loop
      vertex -2.05543 -13 18.05
      vertex 0.00999928 -13 13
      vertex -1.406 -13 18.05
    endloop
  endfacet
  facet normal 0 -1 0
    outer loop
      vertex -1.406 -13 18.05
      vertex 0.00999928 -13 13
      vertex -0.776242 -13 18.05
    endloop
  endfacet
  facet normal 0 -1 0
    outer loop
      vertex -3 -13 18.45
      vertex 0.00999928 -13 13
      vertex -2.21785 -13 18.05
    endloop
  endfacet
  facet normal 0 -1 0
    outer loop
      vertex -3 -13 3.2
      vertex 0.00999928 -13 13
      vertex -3 -13 18.45
    endloop
  endfacet
  facet normal 0 -1 0
    outer loop
      vertex -3 -13 3.2
      vertex 0.849999 -13 13
      vertex 0.00999928 -13 13
    endloop
  endfacet
  facet normal 0 -1 0
    outer loop
      vertex 0.849999 -13 2
      vertex -3 -13 3.2
      vertex -3 -13 2
    endloop
  endfacet
  facet normal 0 -1 0
    outer loop
      vertex -3 -13 3.2
      vertex 0.849999 -13 2
      vertex 0.849999 -13 13
    endloop
  endfacet
  facet normal 0 -1 0
    outer loop
      vertex -2.05543 -13 18.05
      vertex -1.406 -13 18.45
      vertex -2.05543 -13 18.45
    endloop
  endfacet
  facet normal 0 -1 -0
    outer loop
      vertex -1.406 -13 18.45
      vertex -2.05543 -13 18.05
      vertex -1.406 -13 18.05
    endloop
  endfacet
  facet normal 0 -1 0
    outer loop
      vertex -0.776242 -13 18.05
      vertex 0.00999928 -13 18.45
      vertex -0.776242 -13 18.45
    endloop
  endfacet
  facet normal 0 -1 -0
    outer loop
      vertex 0.00999928 -13 18.45
      vertex -0.776242 -13 18.05
      vertex 0.00999928 -13 13
    endloop
  endfacet
  facet normal -0 0 1
    outer loop
      vertex 0.00999928 13 13
      vertex 0.849999 9 13
      vertex 0.849999 13 13
    endloop
  endfacet
  facet normal 0 0 1
    outer loop
      vertex 0.849999 9 13
      vertex 0.00999928 13 13
      vertex 0.00999928 9 13
    endloop
  endfacet
  facet normal -0 0 1
    outer loop
      vertex 0.00999928 -9 13
      vertex 0.849999 -13 13
      vertex 0.849999 -9 13
    endloop
  endfacet
  facet normal 0 0 1
    outer loop
      vertex 0.849999 -13 13
      vertex 0.00999928 -9 13
      vertex 0.00999928 -13 13
    endloop
  endfacet
  facet normal 0 0 1
    outer loop
      vertex 38 11.25 13
      vertex 32 9 13
      vertex 38 7.25 13
    endloop
  endfacet
  facet normal -0 0 1
    outer loop
      vertex 31 11.25 13
      vertex 32 9 13
      vertex 38 11.25 13
    endloop
  endfacet
  facet normal 0 0 1
    outer loop
      vertex 32 9 13
      vertex 31 11.25 13
      vertex 31 9 13
    endloop
  endfacet
  facet normal 0 0 1
    outer loop
      vertex 38 7.25 13
      vertex 32 9 13
      vertex 32 7.25 13
    endloop
  endfacet
  facet normal 0 0 1
    outer loop
      vertex 32 -9 13
      vertex 38 -7.25 13
      vertex 32 -7.25 13
    endloop
  endfacet
  facet normal 0 0 1
    outer loop
      vertex 38 -7.25 13
      vertex 32 -9 13
      vertex 38 -11.25 13
    endloop
  endfacet
  facet normal 0 0 1
    outer loop
      vertex 31 -11.25 13
      vertex 32 -9 13
      vertex 31 -9 13
    endloop
  endfacet
  facet normal 0 0 1
    outer loop
      vertex 32 -9 13
      vertex 31 -11.25 13
      vertex 38 -11.25 13
    endloop
  endfacet
  facet normal -1 0 0
    outer loop
      vertex 31 8.31492 9.55585
      vertex 31 11.25 13
      vertex 31 11.25 2
    endloop
  endfacet
  facet normal -1 -0 0
    outer loop
      vertex 31 11.25 13
      vertex 31 8.98073 12.4114
      vertex 31 9 13
    endloop
  endfacet
  facet normal -1 0 0
    outer loop
      vertex 31 11.25 13
      vertex 31 8.923 11.8253
      vertex 31 8.98073 12.4114
    endloop
  endfacet
  facet normal -1 0 0
    outer loop
      vertex 31 11.25 13
      vertex 31 8.82707 11.2442
      vertex 31 8.923 11.8253
    endloop
  endfacet
  facet normal -1 0 0
    outer loop
      vertex 31 11.25 13
      vertex 31 8.69333 10.6706
      vertex 31 8.82707 11.2442
    endloop
  endfacet
  facet normal -1 0 0
    outer loop
      vertex 31 11.25 13
      vertex 31 8.52237 10.107
      vertex 31 8.69333 10.6706
    endloop
  endfacet
  facet normal -1 0 0
    outer loop
      vertex 31 11.25 13
      vertex 31 8.31492 9.55585
      vertex 31 8.52237 10.107
    endloop
  endfacet
  facet normal -1 0 0
    outer loop
      vertex 31 11.25 2
      vertex 31 8.07185 9.0194
      vertex 31 8.31492 9.55585
    endloop
  endfacet
  facet normal -1 0 0
    outer loop
      vertex 31 11.25 2
      vertex 31 7.79423 8.5
      vertex 31 8.07185 9.0194
    endloop
  endfacet
  facet normal -1 0 0
    outer loop
      vertex 31 11.25 2
      vertex 31 7.48323 7.99987
      vertex 31 7.79423 8.5
    endloop
  endfacet
  facet normal -1 0 0
    outer loop
      vertex 31 11.25 2
      vertex 31 7.14018 7.52115
      vertex 31 7.48323 7.99987
    endloop
  endfacet
  facet normal -1 0 0
    outer loop
      vertex 31 11.25 2
      vertex 31 6.76656 7.06589
      vertex 31 7.14018 7.52115
    endloop
  endfacet
  facet normal -1 0 0
    outer loop
      vertex 31 11.25 2
      vertex 31 6.36396 6.63604
      vertex 31 6.76656 7.06589
    endloop
  endfacet
  facet normal -1 0 0
    outer loop
      vertex 31 11.25 2
      vertex 31 5.93411 6.23344
      vertex 31 6.36396 6.63604
    endloop
  endfacet
  facet normal -1 0 0
    outer loop
      vertex 31 11.25 2
      vertex 31 5.47885 5.85982
      vertex 31 5.93411 6.23344
    endloop
  endfacet
  facet normal -1 0 0
    outer loop
      vertex 31 11.25 2
      vertex 31 5.00013 5.51677
      vertex 31 5.47885 5.85982
    endloop
  endfacet
  facet normal -1 0 0
    outer loop
      vertex 31 11.25 2
      vertex 31 4.5 5.20577
      vertex 31 5.00013 5.51677
    endloop
  endfacet
  facet normal -1 0 0
    outer loop
      vertex 31 11.25 2
      vertex 31 3.9806 4.92814
      vertex 31 4.5 5.20577
    endloop
  endfacet
  facet normal -1 0 0
    outer loop
      vertex 31 11.25 2
      vertex 31 3.44415 4.68508
      vertex 31 3.9806 4.92814
    endloop
  endfacet
  facet normal -1 0 0
    outer loop
      vertex 31 11.25 2
      vertex 31 2.89295 4.47763
      vertex 31 3.44415 4.68508
    endloop
  endfacet
  facet normal -1 0 0
    outer loop
      vertex 31 11.25 2
      vertex 31 2.32937 4.30667
      vertex 31 2.89295 4.47763
    endloop
  endfacet
  facet normal -1 0 0
    outer loop
      vertex 31 11.25 2
      vertex 31 1.75581 4.17293
      vertex 31 2.32937 4.30667
    endloop
  endfacet
  facet normal -1 0 0
    outer loop
      vertex 31 11.25 2
      vertex 31 1.17474 4.077
      vertex 31 1.75581 4.17293
    endloop
  endfacet
  facet normal -1 0 0
    outer loop
      vertex 31 11.25 2
      vertex 31 0.588628 4.01927
      vertex 31 1.17474 4.077
    endloop
  endfacet
  facet normal -1 0 0
    outer loop
      vertex 31 11.25 2
      vertex 31 0 4
      vertex 31 0.588628 4.01927
    endloop
  endfacet
  facet normal -1 0 0
    outer loop
      vertex 31 -11.25 2
      vertex 31 0 4
      vertex 31 11.25 2
    endloop
  endfacet
  facet normal -1 -0 0
    outer loop
      vertex 31 0 4
      vertex 31 -11.25 2
      vertex 31 -0.588628 4.01927
    endloop
  endfacet
  facet normal -1 -0 0
    outer loop
      vertex 31 -0.588628 4.01927
      vertex 31 -11.25 2
      vertex 31 -1.17474 4.077
    endloop
  endfacet
  facet normal -1 -0 0
    outer loop
      vertex 31 -1.17474 4.077
      vertex 31 -11.25 2
      vertex 31 -1.75581 4.17293
    endloop
  endfacet
  facet normal -1 0 0
    outer loop
      vertex 31 -11.25 2
      vertex 31 -2.32937 4.30667
      vertex 31 -1.75581 4.17293
    endloop
  endfacet
  facet normal -1 0 0
    outer loop
      vertex 31 -11.25 2
      vertex 31 -2.89295 4.47763
      vertex 31 -2.32937 4.30667
    endloop
  endfacet
  facet normal -1 0 0
    outer loop
      vertex 31 -11.25 2
      vertex 31 -3.44415 4.68508
      vertex 31 -2.89295 4.47763
    endloop
  endfacet
  facet normal -1 0 0
    outer loop
      vertex 31 -11.25 2
      vertex 31 -3.9806 4.92814
      vertex 31 -3.44415 4.68508
    endloop
  endfacet
  facet normal -1 0 0
    outer loop
      vertex 31 -11.25 2
      vertex 31 -4.5 5.20577
      vertex 31 -3.9806 4.92814
    endloop
  endfacet
  facet normal -1 0 0
    outer loop
      vertex 31 -11.25 2
      vertex 31 -5.00013 5.51677
      vertex 31 -4.5 5.20577
    endloop
  endfacet
  facet normal -1 0 0
    outer loop
      vertex 31 -11.25 2
      vertex 31 -5.47885 5.85982
      vertex 31 -5.00013 5.51677
    endloop
  endfacet
  facet normal -1 0 0
    outer loop
      vertex 31 -11.25 2
      vertex 31 -5.93411 6.23344
      vertex 31 -5.47885 5.85982
    endloop
  endfacet
  facet normal -1 0 0
    outer loop
      vertex 31 -11.25 2
      vertex 31 -6.36396 6.63604
      vertex 31 -5.93411 6.23344
    endloop
  endfacet
  facet normal -1 0 0
    outer loop
      vertex 31 -11.25 2
      vertex 31 -6.76656 7.06589
      vertex 31 -6.36396 6.63604
    endloop
  endfacet
  facet normal -1 0 0
    outer loop
      vertex 31 -11.25 2
      vertex 31 -7.14018 7.52115
      vertex 31 -6.76656 7.06589
    endloop
  endfacet
  facet normal -1 0 0
    outer loop
      vertex 31 -11.25 2
      vertex 31 -7.48323 7.99987
      vertex 31 -7.14018 7.52115
    endloop
  endfacet
  facet normal -1 0 0
    outer loop
      vertex 31 -11.25 2
      vertex 31 -7.79423 8.5
      vertex 31 -7.48323 7.99987
    endloop
  endfacet
  facet normal -1 0 0
    outer loop
      vertex 31 -11.25 2
      vertex 31 -8.07185 9.0194
      vertex 31 -7.79423 8.5
    endloop
  endfacet
  facet normal -1 0 0
    outer loop
      vertex 31 -11.25 2
      vertex 31 -8.31492 9.55585
      vertex 31 -8.07185 9.0194
    endloop
  endfacet
  facet normal -1 0 0
    outer loop
      vertex 31 -11.25 13
      vertex 31 -8.31492 9.55585
      vertex 31 -11.25 2
    endloop
  endfacet
  facet normal -1 0 0
    outer loop
      vertex 31 -8.31492 9.55585
      vertex 31 -11.25 13
      vertex 31 -8.52237 10.107
    endloop
  endfacet
  facet normal -1 0 0
    outer loop
      vertex 31 -8.52237 10.107
      vertex 31 -11.25 13
      vertex 31 -8.69333 10.6706
    endloop
  endfacet
  facet normal -1 0 0
    outer loop
      vertex 31 -8.69333 10.6706
      vertex 31 -11.25 13
      vertex 31 -8.82707 11.2442
    endloop
  endfacet
  facet normal -1 0 0
    outer loop
      vertex 31 -8.82707 11.2442
      vertex 31 -11.25 13
      vertex 31 -8.923 11.8253
    endloop
  endfacet
  facet normal -1 0 0
    outer loop
      vertex 31 -8.923 11.8253
      vertex 31 -11.25 13
      vertex 31 -8.98073 12.4114
    endloop
  endfacet
  facet normal -1 0 0
    outer loop
      vertex 31 -8.98073 12.4114
      vertex 31 -11.25 13
      vertex 31 -9 13
    endloop
  endfacet
  facet normal 0 1 -0
    outer loop
      vertex 38 11.25 3.2
      vertex 31 11.25 13
      vertex 38 11.25 13
    endloop
  endfacet
  facet normal 0 1 0
    outer loop
      vertex 31 11.25 2
      vertex 38 11.25 3.2
      vertex 38 11.25 2
    endloop
  endfacet
  facet normal 0 1 0
    outer loop
      vertex 38 11.25 3.2
      vertex 31 11.25 2
      vertex 31 11.25 13
    endloop
  endfacet
  facet normal 0 -1 0
    outer loop
      vertex 31 -11.25 13
      vertex 38 -11.25 3.2
      vertex 38 -11.25 13
    endloop
  endfacet
  facet normal 0 -1 0
    outer loop
      vertex 31 -11.25 2
      vertex 38 -11.25 3.2
      vertex 31 -11.25 13
    endloop
  endfacet
  facet normal 0 -1 -0
    outer loop
      vertex 38 -11.25 3.2
      vertex 31 -11.25 2
      vertex 38 -11.25 2
    endloop
  endfacet
  facet normal 0 -0.162887 0.986645
    outer loop
      vertex 31 1.75581 4.17293
      vertex 32 1.17474 4.077
      vertex 32 1.75581 4.17293
    endloop
  endfacet
  facet normal 0 -0.162887 0.986645
    outer loop
      vertex 32 1.17474 4.077
      vertex 31 1.75581 4.17293
      vertex 31 1.17474 4.077
    endloop
  endfacet
  facet normal 0 -0.162887 0.986645
    outer loop
      vertex -3 1.75581 4.17293
      vertex 2.85 1.17474 4.077
      vertex 2.85 1.75581 4.17293
    endloop
  endfacet
  facet normal 0 -0.162887 0.986645
    outer loop
      vertex 2.85 1.17474 4.077
      vertex -3 1.75581 4.17293
      vertex -3 1.17474 4.077
    endloop
  endfacet
  facet normal 0 -0.162887 0.986645
    outer loop
      vertex 22.15 1.75581 4.17293
      vertex 24.15 1.17474 4.077
      vertex 24.15 1.75581 4.17293
    endloop
  endfacet
  facet normal 0 -0.162887 0.986645
    outer loop
      vertex 24.15 1.17474 4.077
      vertex 22.15 1.75581 4.17293
      vertex 22.15 1.17474 4.077
    endloop
  endfacet
  facet normal 0 -0.528067 0.849203
    outer loop
      vertex 31 5.00013 5.51677
      vertex 32 4.5 5.20577
      vertex 32 5.00013 5.51677
    endloop
  endfacet
  facet normal 0 -0.528067 0.849203
    outer loop
      vertex 32 4.5 5.20577
      vertex 31 5.00013 5.51677
      vertex 31 4.5 5.20577
    endloop
  endfacet
  facet normal 0 -0.528067 0.849203
    outer loop
      vertex -3 5.00013 5.51677
      vertex 2.85 4.5 5.20577
      vertex 2.85 5.00013 5.51677
    endloop
  endfacet
  facet normal 0 -0.528067 0.849203
    outer loop
      vertex 2.85 4.5 5.20577
      vertex -3 5.00013 5.51677
      vertex -3 4.5 5.20577
    endloop
  endfacet
  facet normal 0 -0.528067 0.849203
    outer loop
      vertex 22.15 5.00013 5.51677
      vertex 24.15 4.5 5.20577
      vertex 24.15 5.00013 5.51677
    endloop
  endfacet
  facet normal 0 -0.528067 0.849203
    outer loop
      vertex 24.15 4.5 5.20577
      vertex 22.15 5.00013 5.51677
      vertex 22.15 4.5 5.20577
    endloop
  endfacet
  facet normal -0 0.0980222 0.995184
    outer loop
      vertex 31 -0.588628 4.01927
      vertex 32 -1.17474 4.077
      vertex 32 -0.588628 4.01927
    endloop
  endfacet
  facet normal 0 0.0980222 0.995184
    outer loop
      vertex 32 -1.17474 4.077
      vertex 31 -0.588628 4.01927
      vertex 31 -1.17474 4.077
    endloop
  endfacet
  facet normal -0 0.0980222 0.995184
    outer loop
      vertex -3 -0.588628 4.01927
      vertex 2.85 -1.17474 4.077
      vertex 2.85 -0.588628 4.01927
    endloop
  endfacet
  facet normal 0 0.0980222 0.995184
    outer loop
      vertex 2.85 -1.17474 4.077
      vertex -3 -0.588628 4.01927
      vertex -3 -1.17474 4.077
    endloop
  endfacet
  facet normal -0 0.0980222 0.995184
    outer loop
      vertex 22.15 -0.588628 4.01927
      vertex 24.15 -1.17474 4.077
      vertex 24.15 -0.588628 4.01927
    endloop
  endfacet
  facet normal 0 0.0980222 0.995184
    outer loop
      vertex 24.15 -1.17474 4.077
      vertex 22.15 -0.588628 4.01927
      vertex 22.15 -1.17474 4.077
    endloop
  endfacet
  facet normal -0 0.634391 0.773012
    outer loop
      vertex 31 -5.47885 5.85982
      vertex 32 -5.93411 6.23344
      vertex 32 -5.47885 5.85982
    endloop
  endfacet
  facet normal 0 0.634391 0.773012
    outer loop
      vertex 32 -5.93411 6.23344
      vertex 31 -5.47885 5.85982
      vertex 31 -5.93411 6.23344
    endloop
  endfacet
  facet normal -0 0.634391 0.773012
    outer loop
      vertex -3 -5.47885 5.85982
      vertex 2.85 -5.93411 6.23344
      vertex 2.85 -5.47885 5.85982
    endloop
  endfacet
  facet normal 0 0.634391 0.773012
    outer loop
      vertex 2.85 -5.93411 6.23344
      vertex -3 -5.47885 5.85982
      vertex -3 -5.93411 6.23344
    endloop
  endfacet
  facet normal -0 0.634391 0.773012
    outer loop
      vertex 22.15 -5.47885 5.85982
      vertex 24.15 -5.93411 6.23344
      vertex 24.15 -5.47885 5.85982
    endloop
  endfacet
  facet normal 0 0.634391 0.773012
    outer loop
      vertex 24.15 -5.93411 6.23344
      vertex 22.15 -5.47885 5.85982
      vertex 22.15 -5.93411 6.23344
    endloop
  endfacet
  facet normal 0 0.910859 0.412718
    outer loop
      vertex 32 -8.07185 9.0194
      vertex 31 -8.31492 9.55585
      vertex 32 -8.31492 9.55585
    endloop
  endfacet
  facet normal 0 0.910859 0.412718
    outer loop
      vertex 31 -8.31492 9.55585
      vertex 32 -8.07185 9.0194
      vertex 31 -8.07185 9.0194
    endloop
  endfacet
  facet normal 0 0.910859 0.412718
    outer loop
      vertex 2.85 -8.07185 9.0194
      vertex -3 -8.31492 9.55585
      vertex 2.85 -8.31492 9.55585
    endloop
  endfacet
  facet normal 0 0.910859 0.412718
    outer loop
      vertex -3 -8.31492 9.55585
      vertex 2.85 -8.07185 9.0194
      vertex -3 -8.07185 9.0194
    endloop
  endfacet
  facet normal 0 0.910859 0.412718
    outer loop
      vertex 24.15 -8.07185 9.0194
      vertex 22.15 -8.31492 9.55585
      vertex 24.15 -8.31492 9.55585
    endloop
  endfacet
  facet normal 0 0.910859 0.412718
    outer loop
      vertex 22.15 -8.31492 9.55585
      vertex 24.15 -8.07185 9.0194
      vertex 22.15 -8.07185 9.0194
    endloop
  endfacet
  facet normal 0 -0.227084 0.973875
    outer loop
      vertex 31 2.32937 4.30667
      vertex 32 1.75581 4.17293
      vertex 32 2.32937 4.30667
    endloop
  endfacet
  facet normal 0 -0.227084 0.973875
    outer loop
      vertex 32 1.75581 4.17293
      vertex 31 2.32937 4.30667
      vertex 31 1.75581 4.17293
    endloop
  endfacet
  facet normal 0 -0.227084 0.973875
    outer loop
      vertex -3 2.32937 4.30667
      vertex 2.85 1.75581 4.17293
      vertex 2.85 2.32937 4.30667
    endloop
  endfacet
  facet normal 0 -0.227084 0.973875
    outer loop
      vertex 2.85 1.75581 4.17293
      vertex -3 2.32937 4.30667
      vertex -3 1.75581 4.17293
    endloop
  endfacet
  facet normal 0 -0.227084 0.973875
    outer loop
      vertex 22.15 2.32937 4.30667
      vertex 24.15 1.75581 4.17293
      vertex 24.15 2.32937 4.30667
    endloop
  endfacet
  facet normal 0 -0.227084 0.973875
    outer loop
      vertex 24.15 1.75581 4.17293
      vertex 22.15 2.32937 4.30667
      vertex 22.15 1.75581 4.17293
    endloop
  endfacet
  facet normal 0 -0.0327196 0.999465
    outer loop
      vertex 31 0.588628 4.01927
      vertex 32 0 4
      vertex 32 0.588628 4.01927
    endloop
  endfacet
  facet normal 0 -0.0327196 0.999465
    outer loop
      vertex 32 0 4
      vertex 31 0.588628 4.01927
      vertex 31 0 4
    endloop
  endfacet
  facet normal 0 -0.0327196 0.999465
    outer loop
      vertex -3 0.588628 4.01927
      vertex 2.85 0 4
      vertex 2.85 0.588628 4.01927
    endloop
  endfacet
  facet normal 0 -0.0327196 0.999465
    outer loop
      vertex 2.85 0 4
      vertex -3 0.588628 4.01927
      vertex -3 0 4
    endloop
  endfacet
  facet normal 0 -0.0327196 0.999465
    outer loop
      vertex 22.15 0.588628 4.01927
      vertex 24.15 0 4
      vertex 24.15 0.588628 4.01927
    endloop
  endfacet
  facet normal 0 -0.0327196 0.999465
    outer loop
      vertex 24.15 0 4
      vertex 22.15 0.588628 4.01927
      vertex 22.15 0 4
    endloop
  endfacet
  facet normal 0 -0.999465 0.0327212
    outer loop
      vertex 31 8.98073 12.4114
      vertex 32 9 13
      vertex 31 9 13
    endloop
  endfacet
  facet normal 0 -0.999465 0.0327212
    outer loop
      vertex 32 9 13
      vertex 31 8.98073 12.4114
      vertex 32 8.98073 12.4114
    endloop
  endfacet
  facet normal 0 -0.999465 0.0327212
    outer loop
      vertex -3 8.98073 12.4114
      vertex 0.00999928 9 13
      vertex -3 9 13
    endloop
  endfacet
  facet normal 0 -0.999465 0.0327212
    outer loop
      vertex 2.85 8.98073 12.4114
      vertex 0.00999928 9 13
      vertex -3 8.98073 12.4114
    endloop
  endfacet
  facet normal 0 -0.999465 0.0327212
    outer loop
      vertex 0.00999928 9 13
      vertex 2.85 8.98073 12.4114
      vertex 0.849999 9 13
    endloop
  endfacet
  facet normal 0 -0.999465 0.0327212
    outer loop
      vertex 0.849999 9 13
      vertex 2.85 8.98073 12.4114
      vertex 2.85 9 13
    endloop
  endfacet
  facet normal 0 -0.999465 0.0327212
    outer loop
      vertex 22.15 8.98073 12.4114
      vertex 24.15 9 13
      vertex 22.15 9 13
    endloop
  endfacet
  facet normal 0 -0.999465 0.0327212
    outer loop
      vertex 24.15 9 13
      vertex 22.15 8.98073 12.4114
      vertex 24.15 8.98073 12.4114
    endloop
  endfacet
  facet normal 0 -0.471403 0.881918
    outer loop
      vertex 31 4.5 5.20577
      vertex 32 3.9806 4.92814
      vertex 32 4.5 5.20577
    endloop
  endfacet
  facet normal 0 -0.471403 0.881918
    outer loop
      vertex 32 3.9806 4.92814
      vertex 31 4.5 5.20577
      vertex 31 3.9806 4.92814
    endloop
  endfacet
  facet normal 0 -0.471403 0.881918
    outer loop
      vertex -3 4.5 5.20577
      vertex 2.85 3.9806 4.92814
      vertex 2.85 4.5 5.20577
    endloop
  endfacet
  facet normal 0 -0.471403 0.881918
    outer loop
      vertex 2.85 3.9806 4.92814
      vertex -3 4.5 5.20577
      vertex -3 3.9806 4.92814
    endloop
  endfacet
  facet normal 0 -0.471403 0.881918
    outer loop
      vertex 22.15 4.5 5.20577
      vertex 24.15 3.9806 4.92814
      vertex 24.15 4.5 5.20577
    endloop
  endfacet
  facet normal 0 -0.471403 0.881918
    outer loop
      vertex 24.15 3.9806 4.92814
      vertex 22.15 4.5 5.20577
      vertex 22.15 3.9806 4.92814
    endloop
  endfacet
  facet normal -0 0.0327196 0.999465
    outer loop
      vertex 31 0 4
      vertex 32 -0.588628 4.01927
      vertex 32 0 4
    endloop
  endfacet
  facet normal 0 0.0327196 0.999465
    outer loop
      vertex 32 -0.588628 4.01927
      vertex 31 0 4
      vertex 31 -0.588628 4.01927
    endloop
  endfacet
  facet normal -0 0.0327196 0.999465
    outer loop
      vertex -3 0 4
      vertex 2.85 -0.588628 4.01927
      vertex 2.85 0 4
    endloop
  endfacet
  facet normal 0 0.0327196 0.999465
    outer loop
      vertex 2.85 -0.588628 4.01927
      vertex -3 0 4
      vertex -3 -0.588628 4.01927
    endloop
  endfacet
  facet normal -0 0.0327196 0.999465
    outer loop
      vertex 22.15 0 4
      vertex 24.15 -0.588628 4.01927
      vertex 24.15 0 4
    endloop
  endfacet
  facet normal 0 0.0327196 0.999465
    outer loop
      vertex 24.15 -0.588628 4.01927
      vertex 22.15 0 4
      vertex 22.15 -0.588628 4.01927
    endloop
  endfacet
  facet normal 0 -0.290284 0.95694
    outer loop
      vertex 31 2.89295 4.47763
      vertex 32 2.32937 4.30667
      vertex 32 2.89295 4.47763
    endloop
  endfacet
  facet normal 0 -0.290284 0.95694
    outer loop
      vertex 32 2.32937 4.30667
      vertex 31 2.89295 4.47763
      vertex 31 2.32937 4.30667
    endloop
  endfacet
  facet normal 0 -0.290284 0.95694
    outer loop
      vertex -3 2.89295 4.47763
      vertex 2.85 2.32937 4.30667
      vertex 2.85 2.89295 4.47763
    endloop
  endfacet
  facet normal 0 -0.290284 0.95694
    outer loop
      vertex 2.85 2.32937 4.30667
      vertex -3 2.89295 4.47763
      vertex -3 2.32937 4.30667
    endloop
  endfacet
  facet normal 0 -0.290284 0.95694
    outer loop
      vertex 22.15 2.89295 4.47763
      vertex 24.15 2.32937 4.30667
      vertex 24.15 2.89295 4.47763
    endloop
  endfacet
  facet normal 0 -0.290284 0.95694
    outer loop
      vertex 24.15 2.32937 4.30667
      vertex 22.15 2.89295 4.47763
      vertex 22.15 2.32937 4.30667
    endloop
  endfacet
  facet normal 0 -0.910859 0.412718
    outer loop
      vertex 31 8.07185 9.0194
      vertex 32 8.31492 9.55585
      vertex 31 8.31492 9.55585
    endloop
  endfacet
  facet normal 0 -0.910859 0.412718
    outer loop
      vertex 32 8.31492 9.55585
      vertex 31 8.07185 9.0194
      vertex 32 8.07185 9.0194
    endloop
  endfacet
  facet normal 0 -0.910859 0.412718
    outer loop
      vertex -3 8.07185 9.0194
      vertex 2.85 8.31492 9.55585
      vertex -3 8.31492 9.55585
    endloop
  endfacet
  facet normal 0 -0.910859 0.412718
    outer loop
      vertex 2.85 8.31492 9.55585
      vertex -3 8.07185 9.0194
      vertex 2.85 8.07185 9.0194
    endloop
  endfacet
  facet normal 0 -0.910859 0.412718
    outer loop
      vertex 22.15 8.07185 9.0194
      vertex 24.15 8.31492 9.55585
      vertex 22.15 8.31492 9.55585
    endloop
  endfacet
  facet normal 0 -0.910859 0.412718
    outer loop
      vertex 24.15 8.31492 9.55585
      vertex 22.15 8.07185 9.0194
      vertex 24.15 8.07185 9.0194
    endloop
  endfacet
  facet normal 0 0.995184 0.0980242
    outer loop
      vertex 32 -8.923 11.8253
      vertex 31 -8.98073 12.4114
      vertex 32 -8.98073 12.4114
    endloop
  endfacet
  facet normal 0 0.995184 0.0980242
    outer loop
      vertex 31 -8.98073 12.4114
      vertex 32 -8.923 11.8253
      vertex 31 -8.923 11.8253
    endloop
  endfacet
  facet normal 0 0.995184 0.0980242
    outer loop
      vertex 2.85 -8.923 11.8253
      vertex -3 -8.98073 12.4114
      vertex 2.85 -8.98073 12.4114
    endloop
  endfacet
  facet normal 0 0.995184 0.0980242
    outer loop
      vertex -3 -8.98073 12.4114
      vertex 2.85 -8.923 11.8253
      vertex -3 -8.923 11.8253
    endloop
  endfacet
  facet normal 0 0.995184 0.0980242
    outer loop
      vertex 24.15 -8.923 11.8253
      vertex 22.15 -8.98073 12.4114
      vertex 24.15 -8.98073 12.4114
    endloop
  endfacet
  facet normal 0 0.995184 0.0980242
    outer loop
      vertex 22.15 -8.98073 12.4114
      vertex 24.15 -8.923 11.8253
      vertex 22.15 -8.923 11.8253
    endloop
  endfacet
  facet normal 0 -0.881925 0.47139
    outer loop
      vertex 31 7.79423 8.5
      vertex 32 8.07185 9.0194
      vertex 31 8.07185 9.0194
    endloop
  endfacet
  facet normal 0 -0.881925 0.47139
    outer loop
      vertex 32 8.07185 9.0194
      vertex 31 7.79423 8.5
      vertex 32 7.79423 8.5
    endloop
  endfacet
  facet normal 0 -0.881925 0.47139
    outer loop
      vertex -3 7.79423 8.5
      vertex 2.85 8.07185 9.0194
      vertex -3 8.07185 9.0194
    endloop
  endfacet
  facet normal 0 -0.881925 0.47139
    outer loop
      vertex 2.85 8.07185 9.0194
      vertex -3 7.79423 8.5
      vertex 2.85 7.79423 8.5
    endloop
  endfacet
  facet normal 0 -0.881925 0.47139
    outer loop
      vertex 22.15 7.79423 8.5
      vertex 24.15 8.07185 9.0194
      vertex 22.15 8.07185 9.0194
    endloop
  endfacet
  facet normal 0 -0.881925 0.47139
    outer loop
      vertex 24.15 8.07185 9.0194
      vertex 22.15 7.79423 8.5
      vertex 24.15 7.79423 8.5
    endloop
  endfacet
  facet normal -0 0.582482 0.812843
    outer loop
      vertex 31 -5.00013 5.51677
      vertex 32 -5.47885 5.85982
      vertex 32 -5.00013 5.51677
    endloop
  endfacet
  facet normal 0 0.582482 0.812843
    outer loop
      vertex 32 -5.47885 5.85982
      vertex 31 -5.00013 5.51677
      vertex 31 -5.47885 5.85982
    endloop
  endfacet
  facet normal -0 0.582482 0.812843
    outer loop
      vertex -3 -5.00013 5.51677
      vertex 2.85 -5.47885 5.85982
      vertex 2.85 -5.00013 5.51677
    endloop
  endfacet
  facet normal 0 0.582482 0.812843
    outer loop
      vertex 2.85 -5.47885 5.85982
      vertex -3 -5.00013 5.51677
      vertex -3 -5.47885 5.85982
    endloop
  endfacet
  facet normal -0 0.582482 0.812843
    outer loop
      vertex 22.15 -5.00013 5.51677
      vertex 24.15 -5.47885 5.85982
      vertex 24.15 -5.00013 5.51677
    endloop
  endfacet
  facet normal 0 0.582482 0.812843
    outer loop
      vertex 24.15 -5.47885 5.85982
      vertex 22.15 -5.00013 5.51677
      vertex 22.15 -5.47885 5.85982
    endloop
  endfacet
  facet normal 0 -0.773012 0.634391
    outer loop
      vertex 31 6.76656 7.06589
      vertex 32 7.14018 7.52115
      vertex 31 7.14018 7.52115
    endloop
  endfacet
  facet normal 0 -0.773012 0.634391
    outer loop
      vertex 32 7.14018 7.52115
      vertex 31 6.76656 7.06589
      vertex 32 6.76656 7.06589
    endloop
  endfacet
  facet normal 0 -0.773012 0.634391
    outer loop
      vertex -3 6.76656 7.06589
      vertex 2.85 7.14018 7.52115
      vertex -3 7.14018 7.52115
    endloop
  endfacet
  facet normal 0 -0.773012 0.634391
    outer loop
      vertex 2.85 7.14018 7.52115
      vertex -3 6.76656 7.06589
      vertex 2.85 6.76656 7.06589
    endloop
  endfacet
  facet normal 0 -0.773012 0.634391
    outer loop
      vertex 22.15 6.76656 7.06589
      vertex 24.15 7.14018 7.52115
      vertex 22.15 7.14018 7.52115
    endloop
  endfacet
  facet normal 0 -0.773012 0.634391
    outer loop
      vertex 24.15 7.14018 7.52115
      vertex 22.15 6.76656 7.06589
      vertex 24.15 6.76656 7.06589
    endloop
  endfacet
  facet normal 0 0.973879 0.227069
    outer loop
      vertex 32 -8.69333 10.6706
      vertex 31 -8.82707 11.2442
      vertex 32 -8.82707 11.2442
    endloop
  endfacet
  facet normal 0 0.973879 0.227069
    outer loop
      vertex 31 -8.82707 11.2442
      vertex 32 -8.69333 10.6706
      vertex 31 -8.69333 10.6706
    endloop
  endfacet
  facet normal 0 0.973879 0.227069
    outer loop
      vertex 2.85 -8.69333 10.6706
      vertex -3 -8.82707 11.2442
      vertex 2.85 -8.82707 11.2442
    endloop
  endfacet
  facet normal 0 0.973879 0.227069
    outer loop
      vertex -3 -8.82707 11.2442
      vertex 2.85 -8.69333 10.6706
      vertex -3 -8.69333 10.6706
    endloop
  endfacet
  facet normal 0 0.973879 0.227069
    outer loop
      vertex 24.15 -8.69333 10.6706
      vertex 22.15 -8.82707 11.2442
      vertex 24.15 -8.82707 11.2442
    endloop
  endfacet
  facet normal 0 0.973879 0.227069
    outer loop
      vertex 22.15 -8.82707 11.2442
      vertex 24.15 -8.69333 10.6706
      vertex 22.15 -8.69333 10.6706
    endloop
  endfacet
  facet normal 0 -0.35224 0.93591
    outer loop
      vertex 31 3.44415 4.68508
      vertex 32 2.89295 4.47763
      vertex 32 3.44415 4.68508
    endloop
  endfacet
  facet normal 0 -0.35224 0.93591
    outer loop
      vertex 32 2.89295 4.47763
      vertex 31 3.44415 4.68508
      vertex 31 2.89295 4.47763
    endloop
  endfacet
  facet normal 0 -0.35224 0.93591
    outer loop
      vertex -3 3.44415 4.68508
      vertex 2.85 2.89295 4.47763
      vertex 2.85 3.44415 4.68508
    endloop
  endfacet
  facet normal 0 -0.35224 0.93591
    outer loop
      vertex 2.85 2.89295 4.47763
      vertex -3 3.44415 4.68508
      vertex -3 2.89295 4.47763
    endloop
  endfacet
  facet normal 0 -0.35224 0.93591
    outer loop
      vertex 22.15 3.44415 4.68508
      vertex 24.15 2.89295 4.47763
      vertex 24.15 3.44415 4.68508
    endloop
  endfacet
  facet normal 0 -0.35224 0.93591
    outer loop
      vertex 24.15 2.89295 4.47763
      vertex 22.15 3.44415 4.68508
      vertex 22.15 2.89295 4.47763
    endloop
  endfacet
  facet normal 0 0.999465 0.0327212
    outer loop
      vertex 32 -8.98073 12.4114
      vertex 31 -9 13
      vertex 32 -9 13
    endloop
  endfacet
  facet normal 0 0.999465 0.0327212
    outer loop
      vertex 31 -9 13
      vertex 32 -8.98073 12.4114
      vertex 31 -8.98073 12.4114
    endloop
  endfacet
  facet normal 0 0.999465 0.0327212
    outer loop
      vertex 2.85 -8.98073 12.4114
      vertex 0.849999 -9 13
      vertex 2.85 -9 13
    endloop
  endfacet
  facet normal 0 0.999465 0.0327212
    outer loop
      vertex 0.849999 -9 13
      vertex 2.85 -8.98073 12.4114
      vertex 0.00999928 -9 13
    endloop
  endfacet
  facet normal -0 0.999465 0.0327212
    outer loop
      vertex -3 -8.98073 12.4114
      vertex 0.00999928 -9 13
      vertex 2.85 -8.98073 12.4114
    endloop
  endfacet
  facet normal 0 0.999465 0.0327212
    outer loop
      vertex 0.00999928 -9 13
      vertex -3 -8.98073 12.4114
      vertex -3 -9 13
    endloop
  endfacet
  facet normal 0 0.999465 0.0327212
    outer loop
      vertex 24.15 -8.98073 12.4114
      vertex 22.15 -9 13
      vertex 24.15 -9 13
    endloop
  endfacet
  facet normal 0 0.999465 0.0327212
    outer loop
      vertex 22.15 -9 13
      vertex 24.15 -8.98073 12.4114
      vertex 22.15 -8.98073 12.4114
    endloop
  endfacet
  facet normal 0 -0.812843 0.582482
    outer loop
      vertex 31 7.14018 7.52115
      vertex 32 7.48323 7.99987
      vertex 31 7.48323 7.99987
    endloop
  endfacet
  facet normal 0 -0.812843 0.582482
    outer loop
      vertex 32 7.48323 7.99987
      vertex 31 7.14018 7.52115
      vertex 32 7.14018 7.52115
    endloop
  endfacet
  facet normal 0 -0.812843 0.582482
    outer loop
      vertex -3 7.14018 7.52115
      vertex 2.85 7.48323 7.99987
      vertex -3 7.48323 7.99987
    endloop
  endfacet
  facet normal 0 -0.812843 0.582482
    outer loop
      vertex 2.85 7.48323 7.99987
      vertex -3 7.14018 7.52115
      vertex 2.85 7.14018 7.52115
    endloop
  endfacet
  facet normal 0 -0.812843 0.582482
    outer loop
      vertex 22.15 7.14018 7.52115
      vertex 24.15 7.48323 7.99987
      vertex 22.15 7.48323 7.99987
    endloop
  endfacet
  facet normal 0 -0.812843 0.582482
    outer loop
      vertex 24.15 7.48323 7.99987
      vertex 22.15 7.14018 7.52115
      vertex 24.15 7.14018 7.52115
    endloop
  endfacet
  facet normal 0 -0.683594 0.729863
    outer loop
      vertex 31 6.36396 6.63604
      vertex 32 5.93411 6.23344
      vertex 32 6.36396 6.63604
    endloop
  endfacet
  facet normal 0 -0.683594 0.729863
    outer loop
      vertex 32 5.93411 6.23344
      vertex 31 6.36396 6.63604
      vertex 31 5.93411 6.23344
    endloop
  endfacet
  facet normal 0 -0.683594 0.729863
    outer loop
      vertex -3 6.36396 6.63604
      vertex 2.85 5.93411 6.23344
      vertex 2.85 6.36396 6.63604
    endloop
  endfacet
  facet normal 0 -0.683594 0.729863
    outer loop
      vertex 2.85 5.93411 6.23344
      vertex -3 6.36396 6.63604
      vertex -3 5.93411 6.23344
    endloop
  endfacet
  facet normal 0 -0.683594 0.729863
    outer loop
      vertex 22.15 6.36396 6.63604
      vertex 24.15 5.93411 6.23344
      vertex 24.15 6.36396 6.63604
    endloop
  endfacet
  facet normal 0 -0.683594 0.729863
    outer loop
      vertex 24.15 5.93411 6.23344
      vertex 22.15 6.36396 6.63604
      vertex 22.15 5.93411 6.23344
    endloop
  endfacet
  facet normal 0 -0.412704 0.910865
    outer loop
      vertex 31 3.9806 4.92814
      vertex 32 3.44415 4.68508
      vertex 32 3.9806 4.92814
    endloop
  endfacet
  facet normal 0 -0.412704 0.910865
    outer loop
      vertex 32 3.44415 4.68508
      vertex 31 3.9806 4.92814
      vertex 31 3.44415 4.68508
    endloop
  endfacet
  facet normal 0 -0.412704 0.910865
    outer loop
      vertex -3 3.9806 4.92814
      vertex 2.85 3.44415 4.68508
      vertex 2.85 3.9806 4.92814
    endloop
  endfacet
  facet normal 0 -0.412704 0.910865
    outer loop
      vertex 2.85 3.44415 4.68508
      vertex -3 3.9806 4.92814
      vertex -3 3.44415 4.68508
    endloop
  endfacet
  facet normal 0 -0.412704 0.910865
    outer loop
      vertex 22.15 3.9806 4.92814
      vertex 24.15 3.44415 4.68508
      vertex 24.15 3.9806 4.92814
    endloop
  endfacet
  facet normal 0 -0.412704 0.910865
    outer loop
      vertex 24.15 3.44415 4.68508
      vertex 22.15 3.9806 4.92814
      vertex 22.15 3.44415 4.68508
    endloop
  endfacet
  facet normal 0 -0.0980222 0.995184
    outer loop
      vertex 31 1.17474 4.077
      vertex 32 0.588628 4.01927
      vertex 32 1.17474 4.077
    endloop
  endfacet
  facet normal 0 -0.0980222 0.995184
    outer loop
      vertex 32 0.588628 4.01927
      vertex 31 1.17474 4.077
      vertex 31 0.588628 4.01927
    endloop
  endfacet
  facet normal 0 -0.0980222 0.995184
    outer loop
      vertex -3 1.17474 4.077
      vertex 2.85 0.588628 4.01927
      vertex 2.85 1.17474 4.077
    endloop
  endfacet
  facet normal 0 -0.0980222 0.995184
    outer loop
      vertex 2.85 0.588628 4.01927
      vertex -3 1.17474 4.077
      vertex -3 0.588628 4.01927
    endloop
  endfacet
  facet normal 0 -0.0980222 0.995184
    outer loop
      vertex 22.15 1.17474 4.077
      vertex 24.15 0.588628 4.01927
      vertex 24.15 1.17474 4.077
    endloop
  endfacet
  facet normal 0 -0.0980222 0.995184
    outer loop
      vertex 24.15 0.588628 4.01927
      vertex 22.15 1.17474 4.077
      vertex 22.15 0.588628 4.01927
    endloop
  endfacet
  facet normal 0 0.881925 0.47139
    outer loop
      vertex 32 -7.79423 8.5
      vertex 31 -8.07185 9.0194
      vertex 32 -8.07185 9.0194
    endloop
  endfacet
  facet normal 0 0.881925 0.47139
    outer loop
      vertex 31 -8.07185 9.0194
      vertex 32 -7.79423 8.5
      vertex 31 -7.79423 8.5
    endloop
  endfacet
  facet normal 0 0.881925 0.47139
    outer loop
      vertex 2.85 -7.79423 8.5
      vertex -3 -8.07185 9.0194
      vertex 2.85 -8.07185 9.0194
    endloop
  endfacet
  facet normal 0 0.881925 0.47139
    outer loop
      vertex -3 -8.07185 9.0194
      vertex 2.85 -7.79423 8.5
      vertex -3 -7.79423 8.5
    endloop
  endfacet
  facet normal 0 0.881925 0.47139
    outer loop
      vertex 24.15 -7.79423 8.5
      vertex 22.15 -8.07185 9.0194
      vertex 24.15 -8.07185 9.0194
    endloop
  endfacet
  facet normal 0 0.881925 0.47139
    outer loop
      vertex 22.15 -8.07185 9.0194
      vertex 24.15 -7.79423 8.5
      vertex 22.15 -7.79423 8.5
    endloop
  endfacet
  facet normal -0 0.290284 0.95694
    outer loop
      vertex 31 -2.32937 4.30667
      vertex 32 -2.89295 4.47763
      vertex 32 -2.32937 4.30667
    endloop
  endfacet
  facet normal 0 0.290284 0.95694
    outer loop
      vertex 32 -2.89295 4.47763
      vertex 31 -2.32937 4.30667
      vertex 31 -2.89295 4.47763
    endloop
  endfacet
  facet normal -0 0.290284 0.95694
    outer loop
      vertex -3 -2.32937 4.30667
      vertex 2.85 -2.89295 4.47763
      vertex 2.85 -2.32937 4.30667
    endloop
  endfacet
  facet normal 0 0.290284 0.95694
    outer loop
      vertex 2.85 -2.89295 4.47763
      vertex -3 -2.32937 4.30667
      vertex -3 -2.89295 4.47763
    endloop
  endfacet
  facet normal -0 0.290284 0.95694
    outer loop
      vertex 22.15 -2.32937 4.30667
      vertex 24.15 -2.89295 4.47763
      vertex 24.15 -2.32937 4.30667
    endloop
  endfacet
  facet normal 0 0.290284 0.95694
    outer loop
      vertex 24.15 -2.89295 4.47763
      vertex 22.15 -2.32937 4.30667
      vertex 22.15 -2.89295 4.47763
    endloop
  endfacet
  facet normal 0 0.849203 0.528067
    outer loop
      vertex 32 -7.48323 7.99987
      vertex 31 -7.79423 8.5
      vertex 32 -7.79423 8.5
    endloop
  endfacet
  facet normal 0 0.849203 0.528067
    outer loop
      vertex 31 -7.79423 8.5
      vertex 32 -7.48323 7.99987
      vertex 31 -7.48323 7.99987
    endloop
  endfacet
  facet normal 0 0.849203 0.528067
    outer loop
      vertex 2.85 -7.48323 7.99987
      vertex -3 -7.79423 8.5
      vertex 2.85 -7.79423 8.5
    endloop
  endfacet
  facet normal 0 0.849203 0.528067
    outer loop
      vertex -3 -7.79423 8.5
      vertex 2.85 -7.48323 7.99987
      vertex -3 -7.48323 7.99987
    endloop
  endfacet
  facet normal 0 0.849203 0.528067
    outer loop
      vertex 24.15 -7.48323 7.99987
      vertex 22.15 -7.79423 8.5
      vertex 24.15 -7.79423 8.5
    endloop
  endfacet
  facet normal 0 0.849203 0.528067
    outer loop
      vertex 22.15 -7.79423 8.5
      vertex 24.15 -7.48323 7.99987
      vertex 22.15 -7.48323 7.99987
    endloop
  endfacet
  facet normal -0 0.471403 0.881918
    outer loop
      vertex 31 -3.9806 4.92814
      vertex 32 -4.5 5.20577
      vertex 32 -3.9806 4.92814
    endloop
  endfacet
  facet normal 0 0.471403 0.881918
    outer loop
      vertex 32 -4.5 5.20577
      vertex 31 -3.9806 4.92814
      vertex 31 -4.5 5.20577
    endloop
  endfacet
  facet normal -0 0.471403 0.881918
    outer loop
      vertex -3 -3.9806 4.92814
      vertex 2.85 -4.5 5.20577
      vertex 2.85 -3.9806 4.92814
    endloop
  endfacet
  facet normal 0 0.471403 0.881918
    outer loop
      vertex 2.85 -4.5 5.20577
      vertex -3 -3.9806 4.92814
      vertex -3 -4.5 5.20577
    endloop
  endfacet
  facet normal -0 0.471403 0.881918
    outer loop
      vertex 22.15 -3.9806 4.92814
      vertex 24.15 -4.5 5.20577
      vertex 24.15 -3.9806 4.92814
    endloop
  endfacet
  facet normal 0 0.471403 0.881918
    outer loop
      vertex 24.15 -4.5 5.20577
      vertex 22.15 -3.9806 4.92814
      vertex 22.15 -4.5 5.20577
    endloop
  endfacet
  facet normal 0 -0.582482 0.812843
    outer loop
      vertex 31 5.47885 5.85982
      vertex 32 5.00013 5.51677
      vertex 32 5.47885 5.85982
    endloop
  endfacet
  facet normal 0 -0.582482 0.812843
    outer loop
      vertex 32 5.00013 5.51677
      vertex 31 5.47885 5.85982
      vertex 31 5.00013 5.51677
    endloop
  endfacet
  facet normal 0 -0.582482 0.812843
    outer loop
      vertex -3 5.47885 5.85982
      vertex 2.85 5.00013 5.51677
      vertex 2.85 5.47885 5.85982
    endloop
  endfacet
  facet normal 0 -0.582482 0.812843
    outer loop
      vertex 2.85 5.00013 5.51677
      vertex -3 5.47885 5.85982
      vertex -3 5.00013 5.51677
    endloop
  endfacet
  facet normal 0 -0.582482 0.812843
    outer loop
      vertex 22.15 5.47885 5.85982
      vertex 24.15 5.00013 5.51677
      vertex 24.15 5.47885 5.85982
    endloop
  endfacet
  facet normal 0 -0.582482 0.812843
    outer loop
      vertex 24.15 5.00013 5.51677
      vertex 22.15 5.47885 5.85982
      vertex 22.15 5.00013 5.51677
    endloop
  endfacet
  facet normal 0 0.812843 0.582482
    outer loop
      vertex 32 -7.14018 7.52115
      vertex 31 -7.48323 7.99987
      vertex 32 -7.48323 7.99987
    endloop
  endfacet
  facet normal 0 0.812843 0.582482
    outer loop
      vertex 31 -7.48323 7.99987
      vertex 32 -7.14018 7.52115
      vertex 31 -7.14018 7.52115
    endloop
  endfacet
  facet normal 0 0.812843 0.582482
    outer loop
      vertex 2.85 -7.14018 7.52115
      vertex -3 -7.48323 7.99987
      vertex 2.85 -7.48323 7.99987
    endloop
  endfacet
  facet normal 0 0.812843 0.582482
    outer loop
      vertex -3 -7.48323 7.99987
      vertex 2.85 -7.14018 7.52115
      vertex -3 -7.14018 7.52115
    endloop
  endfacet
  facet normal 0 0.812843 0.582482
    outer loop
      vertex 24.15 -7.14018 7.52115
      vertex 22.15 -7.48323 7.99987
      vertex 24.15 -7.48323 7.99987
    endloop
  endfacet
  facet normal 0 0.812843 0.582482
    outer loop
      vertex 22.15 -7.48323 7.99987
      vertex 24.15 -7.14018 7.52115
      vertex 22.15 -7.14018 7.52115
    endloop
  endfacet
  facet normal 0 -0.729863 0.683594
    outer loop
      vertex 31 6.36396 6.63604
      vertex 32 6.76656 7.06589
      vertex 31 6.76656 7.06589
    endloop
  endfacet
  facet normal 0 -0.729863 0.683594
    outer loop
      vertex 32 6.76656 7.06589
      vertex 31 6.36396 6.63604
      vertex 32 6.36396 6.63604
    endloop
  endfacet
  facet normal 0 -0.729863 0.683594
    outer loop
      vertex -3 6.36396 6.63604
      vertex 2.85 6.76656 7.06589
      vertex -3 6.76656 7.06589
    endloop
  endfacet
  facet normal 0 -0.729863 0.683594
    outer loop
      vertex 2.85 6.76656 7.06589
      vertex -3 6.36396 6.63604
      vertex 2.85 6.36396 6.63604
    endloop
  endfacet
  facet normal 0 -0.729863 0.683594
    outer loop
      vertex 22.15 6.36396 6.63604
      vertex 24.15 6.76656 7.06589
      vertex 22.15 6.76656 7.06589
    endloop
  endfacet
  facet normal 0 -0.729863 0.683594
    outer loop
      vertex 24.15 6.76656 7.06589
      vertex 22.15 6.36396 6.63604
      vertex 24.15 6.36396 6.63604
    endloop
  endfacet
  facet normal -0 0.35224 0.93591
    outer loop
      vertex 31 -2.89295 4.47763
      vertex 32 -3.44415 4.68508
      vertex 32 -2.89295 4.47763
    endloop
  endfacet
  facet normal 0 0.35224 0.93591
    outer loop
      vertex 32 -3.44415 4.68508
      vertex 31 -2.89295 4.47763
      vertex 31 -3.44415 4.68508
    endloop
  endfacet
  facet normal -0 0.35224 0.93591
    outer loop
      vertex -3 -2.89295 4.47763
      vertex 2.85 -3.44415 4.68508
      vertex 2.85 -2.89295 4.47763
    endloop
  endfacet
  facet normal 0 0.35224 0.93591
    outer loop
      vertex 2.85 -3.44415 4.68508
      vertex -3 -2.89295 4.47763
      vertex -3 -3.44415 4.68508
    endloop
  endfacet
  facet normal -0 0.35224 0.93591
    outer loop
      vertex 22.15 -2.89295 4.47763
      vertex 24.15 -3.44415 4.68508
      vertex 24.15 -2.89295 4.47763
    endloop
  endfacet
  facet normal 0 0.35224 0.93591
    outer loop
      vertex 24.15 -3.44415 4.68508
      vertex 22.15 -2.89295 4.47763
      vertex 22.15 -3.44415 4.68508
    endloop
  endfacet
  facet normal 0 -0.849203 0.528067
    outer loop
      vertex 31 7.48323 7.99987
      vertex 32 7.79423 8.5
      vertex 31 7.79423 8.5
    endloop
  endfacet
  facet normal 0 -0.849203 0.528067
    outer loop
      vertex 32 7.79423 8.5
      vertex 31 7.48323 7.99987
      vertex 32 7.48323 7.99987
    endloop
  endfacet
  facet normal 0 -0.849203 0.528067
    outer loop
      vertex -3 7.48323 7.99987
      vertex 2.85 7.79423 8.5
      vertex -3 7.79423 8.5
    endloop
  endfacet
  facet normal 0 -0.849203 0.528067
    outer loop
      vertex 2.85 7.79423 8.5
      vertex -3 7.48323 7.99987
      vertex 2.85 7.48323 7.99987
    endloop
  endfacet
  facet normal 0 -0.849203 0.528067
    outer loop
      vertex 22.15 7.48323 7.99987
      vertex 24.15 7.79423 8.5
      vertex 22.15 7.79423 8.5
    endloop
  endfacet
  facet normal 0 -0.849203 0.528067
    outer loop
      vertex 24.15 7.79423 8.5
      vertex 22.15 7.48323 7.99987
      vertex 24.15 7.48323 7.99987
    endloop
  endfacet
  facet normal 0 -0.634391 0.773012
    outer loop
      vertex 31 5.93411 6.23344
      vertex 32 5.47885 5.85982
      vertex 32 5.93411 6.23344
    endloop
  endfacet
  facet normal 0 -0.634391 0.773012
    outer loop
      vertex 32 5.47885 5.85982
      vertex 31 5.93411 6.23344
      vertex 31 5.47885 5.85982
    endloop
  endfacet
  facet normal 0 -0.634391 0.773012
    outer loop
      vertex -3 5.93411 6.23344
      vertex 2.85 5.47885 5.85982
      vertex 2.85 5.93411 6.23344
    endloop
  endfacet
  facet normal 0 -0.634391 0.773012
    outer loop
      vertex 2.85 5.47885 5.85982
      vertex -3 5.93411 6.23344
      vertex -3 5.47885 5.85982
    endloop
  endfacet
  facet normal 0 -0.634391 0.773012
    outer loop
      vertex 22.15 5.93411 6.23344
      vertex 24.15 5.47885 5.85982
      vertex 24.15 5.93411 6.23344
    endloop
  endfacet
  facet normal 0 -0.634391 0.773012
    outer loop
      vertex 24.15 5.47885 5.85982
      vertex 22.15 5.93411 6.23344
      vertex 22.15 5.47885 5.85982
    endloop
  endfacet
  facet normal 0 0.986646 0.162879
    outer loop
      vertex 32 -8.82707 11.2442
      vertex 31 -8.923 11.8253
      vertex 32 -8.923 11.8253
    endloop
  endfacet
  facet normal 0 0.986646 0.162879
    outer loop
      vertex 31 -8.923 11.8253
      vertex 32 -8.82707 11.2442
      vertex 31 -8.82707 11.2442
    endloop
  endfacet
  facet normal 0 0.986646 0.162879
    outer loop
      vertex 2.85 -8.82707 11.2442
      vertex -3 -8.923 11.8253
      vertex 2.85 -8.923 11.8253
    endloop
  endfacet
  facet normal 0 0.986646 0.162879
    outer loop
      vertex -3 -8.923 11.8253
      vertex 2.85 -8.82707 11.2442
      vertex -3 -8.82707 11.2442
    endloop
  endfacet
  facet normal 0 0.986646 0.162879
    outer loop
      vertex 24.15 -8.82707 11.2442
      vertex 22.15 -8.923 11.8253
      vertex 24.15 -8.923 11.8253
    endloop
  endfacet
  facet normal 0 0.986646 0.162879
    outer loop
      vertex 22.15 -8.923 11.8253
      vertex 24.15 -8.82707 11.2442
      vertex 22.15 -8.82707 11.2442
    endloop
  endfacet
  facet normal 0 0.956943 0.290275
    outer loop
      vertex 32 -8.52237 10.107
      vertex 31 -8.69333 10.6706
      vertex 32 -8.69333 10.6706
    endloop
  endfacet
  facet normal 0 0.956943 0.290275
    outer loop
      vertex 31 -8.69333 10.6706
      vertex 32 -8.52237 10.107
      vertex 31 -8.52237 10.107
    endloop
  endfacet
  facet normal 0 0.956943 0.290275
    outer loop
      vertex 2.85 -8.52237 10.107
      vertex -3 -8.69333 10.6706
      vertex 2.85 -8.69333 10.6706
    endloop
  endfacet
  facet normal 0 0.956943 0.290275
    outer loop
      vertex -3 -8.69333 10.6706
      vertex 2.85 -8.52237 10.107
      vertex -3 -8.52237 10.107
    endloop
  endfacet
  facet normal 0 0.956943 0.290275
    outer loop
      vertex 24.15 -8.52237 10.107
      vertex 22.15 -8.69333 10.6706
      vertex 24.15 -8.69333 10.6706
    endloop
  endfacet
  facet normal 0 0.956943 0.290275
    outer loop
      vertex 22.15 -8.69333 10.6706
      vertex 24.15 -8.52237 10.107
      vertex 22.15 -8.52237 10.107
    endloop
  endfacet
  facet normal 0 0.935899 0.352268
    outer loop
      vertex 32 -8.31492 9.55585
      vertex 31 -8.52237 10.107
      vertex 32 -8.52237 10.107
    endloop
  endfacet
  facet normal 0 0.935899 0.352268
    outer loop
      vertex 31 -8.52237 10.107
      vertex 32 -8.31492 9.55585
      vertex 31 -8.31492 9.55585
    endloop
  endfacet
  facet normal 0 0.935899 0.352268
    outer loop
      vertex 2.85 -8.31492 9.55585
      vertex -3 -8.52237 10.107
      vertex 2.85 -8.52237 10.107
    endloop
  endfacet
  facet normal 0 0.935899 0.352268
    outer loop
      vertex -3 -8.52237 10.107
      vertex 2.85 -8.31492 9.55585
      vertex -3 -8.31492 9.55585
    endloop
  endfacet
  facet normal 0 0.935899 0.352268
    outer loop
      vertex 24.15 -8.31492 9.55585
      vertex 22.15 -8.52237 10.107
      vertex 24.15 -8.52237 10.107
    endloop
  endfacet
  facet normal 0 0.935899 0.352268
    outer loop
      vertex 22.15 -8.52237 10.107
      vertex 24.15 -8.31492 9.55585
      vertex 22.15 -8.31492 9.55585
    endloop
  endfacet
  facet normal -0 0.227084 0.973875
    outer loop
      vertex 31 -1.75581 4.17293
      vertex 32 -2.32937 4.30667
      vertex 32 -1.75581 4.17293
    endloop
  endfacet
  facet normal 0 0.227084 0.973875
    outer loop
      vertex 32 -2.32937 4.30667
      vertex 31 -1.75581 4.17293
      vertex 31 -2.32937 4.30667
    endloop
  endfacet
  facet normal -0 0.227084 0.973875
    outer loop
      vertex -3 -1.75581 4.17293
      vertex 2.85 -2.32937 4.30667
      vertex 2.85 -1.75581 4.17293
    endloop
  endfacet
  facet normal 0 0.227084 0.973875
    outer loop
      vertex 2.85 -2.32937 4.30667
      vertex -3 -1.75581 4.17293
      vertex -3 -2.32937 4.30667
    endloop
  endfacet
  facet normal -0 0.227084 0.973875
    outer loop
      vertex 22.15 -1.75581 4.17293
      vertex 24.15 -2.32937 4.30667
      vertex 24.15 -1.75581 4.17293
    endloop
  endfacet
  facet normal 0 0.227084 0.973875
    outer loop
      vertex 24.15 -2.32937 4.30667
      vertex 22.15 -1.75581 4.17293
      vertex 22.15 -2.32937 4.30667
    endloop
  endfacet
  facet normal -0 0.162887 0.986645
    outer loop
      vertex 31 -1.17474 4.077
      vertex 32 -1.75581 4.17293
      vertex 32 -1.17474 4.077
    endloop
  endfacet
  facet normal 0 0.162887 0.986645
    outer loop
      vertex 32 -1.75581 4.17293
      vertex 31 -1.17474 4.077
      vertex 31 -1.75581 4.17293
    endloop
  endfacet
  facet normal -0 0.162887 0.986645
    outer loop
      vertex -3 -1.17474 4.077
      vertex 2.85 -1.75581 4.17293
      vertex 2.85 -1.17474 4.077
    endloop
  endfacet
  facet normal 0 0.162887 0.986645
    outer loop
      vertex 2.85 -1.75581 4.17293
      vertex -3 -1.17474 4.077
      vertex -3 -1.75581 4.17293
    endloop
  endfacet
  facet normal -0 0.162887 0.986645
    outer loop
      vertex 22.15 -1.17474 4.077
      vertex 24.15 -1.75581 4.17293
      vertex 24.15 -1.17474 4.077
    endloop
  endfacet
  facet normal 0 0.162887 0.986645
    outer loop
      vertex 24.15 -1.75581 4.17293
      vertex 22.15 -1.17474 4.077
      vertex 22.15 -1.75581 4.17293
    endloop
  endfacet
  facet normal 0 -0.935899 0.352268
    outer loop
      vertex 31 8.31492 9.55585
      vertex 32 8.52237 10.107
      vertex 31 8.52237 10.107
    endloop
  endfacet
  facet normal 0 -0.935899 0.352268
    outer loop
      vertex 32 8.52237 10.107
      vertex 31 8.31492 9.55585
      vertex 32 8.31492 9.55585
    endloop
  endfacet
  facet normal 0 -0.935899 0.352268
    outer loop
      vertex -3 8.31492 9.55585
      vertex 2.85 8.52237 10.107
      vertex -3 8.52237 10.107
    endloop
  endfacet
  facet normal 0 -0.935899 0.352268
    outer loop
      vertex 2.85 8.52237 10.107
      vertex -3 8.31492 9.55585
      vertex 2.85 8.31492 9.55585
    endloop
  endfacet
  facet normal 0 -0.935899 0.352268
    outer loop
      vertex 22.15 8.31492 9.55585
      vertex 24.15 8.52237 10.107
      vertex 22.15 8.52237 10.107
    endloop
  endfacet
  facet normal 0 -0.935899 0.352268
    outer loop
      vertex 24.15 8.52237 10.107
      vertex 22.15 8.31492 9.55585
      vertex 24.15 8.31492 9.55585
    endloop
  endfacet
  facet normal 0 0.773012 0.634391
    outer loop
      vertex 32 -6.76656 7.06589
      vertex 31 -7.14018 7.52115
      vertex 32 -7.14018 7.52115
    endloop
  endfacet
  facet normal 0 0.773012 0.634391
    outer loop
      vertex 31 -7.14018 7.52115
      vertex 32 -6.76656 7.06589
      vertex 31 -6.76656 7.06589
    endloop
  endfacet
  facet normal 0 0.773012 0.634391
    outer loop
      vertex 2.85 -6.76656 7.06589
      vertex -3 -7.14018 7.52115
      vertex 2.85 -7.14018 7.52115
    endloop
  endfacet
  facet normal 0 0.773012 0.634391
    outer loop
      vertex -3 -7.14018 7.52115
      vertex 2.85 -6.76656 7.06589
      vertex -3 -6.76656 7.06589
    endloop
  endfacet
  facet normal 0 0.773012 0.634391
    outer loop
      vertex 24.15 -6.76656 7.06589
      vertex 22.15 -7.14018 7.52115
      vertex 24.15 -7.14018 7.52115
    endloop
  endfacet
  facet normal 0 0.773012 0.634391
    outer loop
      vertex 22.15 -7.14018 7.52115
      vertex 24.15 -6.76656 7.06589
      vertex 22.15 -6.76656 7.06589
    endloop
  endfacet
  facet normal 0 -0.995184 0.0980242
    outer loop
      vertex 31 8.923 11.8253
      vertex 32 8.98073 12.4114
      vertex 31 8.98073 12.4114
    endloop
  endfacet
  facet normal 0 -0.995184 0.0980242
    outer loop
      vertex 32 8.98073 12.4114
      vertex 31 8.923 11.8253
      vertex 32 8.923 11.8253
    endloop
  endfacet
  facet normal 0 -0.995184 0.0980242
    outer loop
      vertex -3 8.923 11.8253
      vertex 2.85 8.98073 12.4114
      vertex -3 8.98073 12.4114
    endloop
  endfacet
  facet normal 0 -0.995184 0.0980242
    outer loop
      vertex 2.85 8.98073 12.4114
      vertex -3 8.923 11.8253
      vertex 2.85 8.923 11.8253
    endloop
  endfacet
  facet normal 0 -0.995184 0.0980242
    outer loop
      vertex 22.15 8.923 11.8253
      vertex 24.15 8.98073 12.4114
      vertex 22.15 8.98073 12.4114
    endloop
  endfacet
  facet normal 0 -0.995184 0.0980242
    outer loop
      vertex 24.15 8.98073 12.4114
      vertex 22.15 8.923 11.8253
      vertex 24.15 8.923 11.8253
    endloop
  endfacet
  facet normal 0 -0.986646 0.162879
    outer loop
      vertex 31 8.82707 11.2442
      vertex 32 8.923 11.8253
      vertex 31 8.923 11.8253
    endloop
  endfacet
  facet normal 0 -0.986646 0.162879
    outer loop
      vertex 32 8.923 11.8253
      vertex 31 8.82707 11.2442
      vertex 32 8.82707 11.2442
    endloop
  endfacet
  facet normal 0 -0.986646 0.162879
    outer loop
      vertex -3 8.82707 11.2442
      vertex 2.85 8.923 11.8253
      vertex -3 8.923 11.8253
    endloop
  endfacet
  facet normal 0 -0.986646 0.162879
    outer loop
      vertex 2.85 8.923 11.8253
      vertex -3 8.82707 11.2442
      vertex 2.85 8.82707 11.2442
    endloop
  endfacet
  facet normal 0 -0.986646 0.162879
    outer loop
      vertex 22.15 8.82707 11.2442
      vertex 24.15 8.923 11.8253
      vertex 22.15 8.923 11.8253
    endloop
  endfacet
  facet normal 0 -0.986646 0.162879
    outer loop
      vertex 24.15 8.923 11.8253
      vertex 22.15 8.82707 11.2442
      vertex 24.15 8.82707 11.2442
    endloop
  endfacet
  facet normal -0 0.528067 0.849203
    outer loop
      vertex 31 -4.5 5.20577
      vertex 32 -5.00013 5.51677
      vertex 32 -4.5 5.20577
    endloop
  endfacet
  facet normal 0 0.528067 0.849203
    outer loop
      vertex 32 -5.00013 5.51677
      vertex 31 -4.5 5.20577
      vertex 31 -5.00013 5.51677
    endloop
  endfacet
  facet normal -0 0.528067 0.849203
    outer loop
      vertex -3 -4.5 5.20577
      vertex 2.85 -5.00013 5.51677
      vertex 2.85 -4.5 5.20577
    endloop
  endfacet
  facet normal 0 0.528067 0.849203
    outer loop
      vertex 2.85 -5.00013 5.51677
      vertex -3 -4.5 5.20577
      vertex -3 -5.00013 5.51677
    endloop
  endfacet
  facet normal -0 0.528067 0.849203
    outer loop
      vertex 22.15 -4.5 5.20577
      vertex 24.15 -5.00013 5.51677
      vertex 24.15 -4.5 5.20577
    endloop
  endfacet
  facet normal 0 0.528067 0.849203
    outer loop
      vertex 24.15 -5.00013 5.51677
      vertex 22.15 -4.5 5.20577
      vertex 22.15 -5.00013 5.51677
    endloop
  endfacet
  facet normal -0 0.412704 0.910865
    outer loop
      vertex 31 -3.44415 4.68508
      vertex 32 -3.9806 4.92814
      vertex 32 -3.44415 4.68508
    endloop
  endfacet
  facet normal 0 0.412704 0.910865
    outer loop
      vertex 32 -3.9806 4.92814
      vertex 31 -3.44415 4.68508
      vertex 31 -3.9806 4.92814
    endloop
  endfacet
  facet normal -0 0.412704 0.910865
    outer loop
      vertex -3 -3.44415 4.68508
      vertex 2.85 -3.9806 4.92814
      vertex 2.85 -3.44415 4.68508
    endloop
  endfacet
  facet normal 0 0.412704 0.910865
    outer loop
      vertex 2.85 -3.9806 4.92814
      vertex -3 -3.44415 4.68508
      vertex -3 -3.9806 4.92814
    endloop
  endfacet
  facet normal -0 0.412704 0.910865
    outer loop
      vertex 22.15 -3.44415 4.68508
      vertex 24.15 -3.9806 4.92814
      vertex 24.15 -3.44415 4.68508
    endloop
  endfacet
  facet normal 0 0.412704 0.910865
    outer loop
      vertex 24.15 -3.9806 4.92814
      vertex 22.15 -3.44415 4.68508
      vertex 22.15 -3.9806 4.92814
    endloop
  endfacet
  facet normal 0 -0.973879 0.227069
    outer loop
      vertex 31 8.69333 10.6706
      vertex 32 8.82707 11.2442
      vertex 31 8.82707 11.2442
    endloop
  endfacet
  facet normal 0 -0.973879 0.227069
    outer loop
      vertex 32 8.82707 11.2442
      vertex 31 8.69333 10.6706
      vertex 32 8.69333 10.6706
    endloop
  endfacet
  facet normal 0 -0.973879 0.227069
    outer loop
      vertex -3 8.69333 10.6706
      vertex 2.85 8.82707 11.2442
      vertex -3 8.82707 11.2442
    endloop
  endfacet
  facet normal 0 -0.973879 0.227069
    outer loop
      vertex 2.85 8.82707 11.2442
      vertex -3 8.69333 10.6706
      vertex 2.85 8.69333 10.6706
    endloop
  endfacet
  facet normal 0 -0.973879 0.227069
    outer loop
      vertex 22.15 8.69333 10.6706
      vertex 24.15 8.82707 11.2442
      vertex 22.15 8.82707 11.2442
    endloop
  endfacet
  facet normal 0 -0.973879 0.227069
    outer loop
      vertex 24.15 8.82707 11.2442
      vertex 22.15 8.69333 10.6706
      vertex 24.15 8.69333 10.6706
    endloop
  endfacet
  facet normal 0 -0.956943 0.290275
    outer loop
      vertex 31 8.52237 10.107
      vertex 32 8.69333 10.6706
      vertex 31 8.69333 10.6706
    endloop
  endfacet
  facet normal 0 -0.956943 0.290275
    outer loop
      vertex 32 8.69333 10.6706
      vertex 31 8.52237 10.107
      vertex 32 8.52237 10.107
    endloop
  endfacet
  facet normal 0 -0.956943 0.290275
    outer loop
      vertex -3 8.52237 10.107
      vertex 2.85 8.69333 10.6706
      vertex -3 8.69333 10.6706
    endloop
  endfacet
  facet normal 0 -0.956943 0.290275
    outer loop
      vertex 2.85 8.69333 10.6706
      vertex -3 8.52237 10.107
      vertex 2.85 8.52237 10.107
    endloop
  endfacet
  facet normal 0 -0.956943 0.290275
    outer loop
      vertex 22.15 8.52237 10.107
      vertex 24.15 8.69333 10.6706
      vertex 22.15 8.69333 10.6706
    endloop
  endfacet
  facet normal 0 -0.956943 0.290275
    outer loop
      vertex 24.15 8.69333 10.6706
      vertex 22.15 8.52237 10.107
      vertex 24.15 8.52237 10.107
    endloop
  endfacet
  facet normal 0 0.729863 0.683594
    outer loop
      vertex 32 -6.36396 6.63604
      vertex 31 -6.76656 7.06589
      vertex 32 -6.76656 7.06589
    endloop
  endfacet
  facet normal 0 0.729863 0.683594
    outer loop
      vertex 31 -6.76656 7.06589
      vertex 32 -6.36396 6.63604
      vertex 31 -6.36396 6.63604
    endloop
  endfacet
  facet normal 0 0.729863 0.683594
    outer loop
      vertex 2.85 -6.36396 6.63604
      vertex -3 -6.76656 7.06589
      vertex 2.85 -6.76656 7.06589
    endloop
  endfacet
  facet normal 0 0.729863 0.683594
    outer loop
      vertex -3 -6.76656 7.06589
      vertex 2.85 -6.36396 6.63604
      vertex -3 -6.36396 6.63604
    endloop
  endfacet
  facet normal 0 0.729863 0.683594
    outer loop
      vertex 24.15 -6.36396 6.63604
      vertex 22.15 -6.76656 7.06589
      vertex 24.15 -6.76656 7.06589
    endloop
  endfacet
  facet normal 0 0.729863 0.683594
    outer loop
      vertex 22.15 -6.76656 7.06589
      vertex 24.15 -6.36396 6.63604
      vertex 22.15 -6.36396 6.63604
    endloop
  endfacet
  facet normal -0 0.683594 0.729863
    outer loop
      vertex 31 -5.93411 6.23344
      vertex 32 -6.36396 6.63604
      vertex 32 -5.93411 6.23344
    endloop
  endfacet
  facet normal 0 0.683594 0.729863
    outer loop
      vertex 32 -6.36396 6.63604
      vertex 31 -5.93411 6.23344
      vertex 31 -6.36396 6.63604
    endloop
  endfacet
  facet normal -0 0.683594 0.729863
    outer loop
      vertex -3 -5.93411 6.23344
      vertex 2.85 -6.36396 6.63604
      vertex 2.85 -5.93411 6.23344
    endloop
  endfacet
  facet normal 0 0.683594 0.729863
    outer loop
      vertex 2.85 -6.36396 6.63604
      vertex -3 -5.93411 6.23344
      vertex -3 -6.36396 6.63604
    endloop
  endfacet
  facet normal -0 0.683594 0.729863
    outer loop
      vertex 22.15 -5.93411 6.23344
      vertex 24.15 -6.36396 6.63604
      vertex 24.15 -5.93411 6.23344
    endloop
  endfacet
  facet normal 0 0.683594 0.729863
    outer loop
      vertex 24.15 -6.36396 6.63604
      vertex 22.15 -5.93411 6.23344
      vertex 22.15 -6.36396 6.63604
    endloop
  endfacet
  facet normal -1 0 0
    outer loop
      vertex 32 7.23448 12.5258
      vertex 32 8.98073 12.4114
      vertex 32 8.923 11.8253
    endloop
  endfacet
  facet normal -1 0 0
    outer loop
      vertex 32 7.18797 12.0537
      vertex 32 8.923 11.8253
      vertex 32 8.82707 11.2442
    endloop
  endfacet
  facet normal -1 0 0
    outer loop
      vertex 32 7.11069 11.5856
      vertex 32 8.82707 11.2442
      vertex 32 8.69333 10.6706
    endloop
  endfacet
  facet normal -1 0 0
    outer loop
      vertex 32 7.00296 11.1236
      vertex 32 8.69333 10.6706
      vertex 32 8.52237 10.107
    endloop
  endfacet
  facet normal -1 0 0
    outer loop
      vertex 32 6.86524 10.6696
      vertex 32 8.52237 10.107
      vertex 32 8.31492 9.55585
    endloop
  endfacet
  facet normal -1 0 0
    outer loop
      vertex 32 6.69813 10.2255
      vertex 32 8.31492 9.55585
      vertex 32 8.07185 9.0194
    endloop
  endfacet
  facet normal -1 0 0
    outer loop
      vertex 32 6.50233 9.79341
      vertex 32 8.07185 9.0194
      vertex 32 7.79423 8.5
    endloop
  endfacet
  facet normal -1 0 0
    outer loop
      vertex 32 6.27868 9.375
      vertex 32 7.79423 8.5
      vertex 32 7.48323 7.99987
    endloop
  endfacet
  facet normal -1 0 0
    outer loop
      vertex 32 8.69333 10.6706
      vertex 32 7.00296 11.1236
      vertex 32 7.11069 11.5856
    endloop
  endfacet
  facet normal -1 -0 0
    outer loop
      vertex 32 9 13
      vertex 32 7.23448 12.5258
      vertex 32 7.25 13
    endloop
  endfacet
  facet normal -1 0 0
    outer loop
      vertex 32 8.98073 12.4114
      vertex 32 7.23448 12.5258
      vertex 32 9 13
    endloop
  endfacet
  facet normal -1 0 0
    outer loop
      vertex 32 6.02815 8.97212
      vertex 32 7.48323 7.99987
      vertex 32 7.14018 7.52115
    endloop
  endfacet
  facet normal -1 0 -0
    outer loop
      vertex 32 7.23448 12.5258
      vertex 32 8.923 11.8253
      vertex 32 7.18797 12.0537
    endloop
  endfacet
  facet normal -1 0 0
    outer loop
      vertex 32 8.82707 11.2442
      vertex 32 7.11069 11.5856
      vertex 32 7.18797 12.0537
    endloop
  endfacet
  facet normal -1 0 0
    outer loop
      vertex 32 8.52237 10.107
      vertex 32 6.86524 10.6696
      vertex 32 7.00296 11.1236
    endloop
  endfacet
  facet normal -1 0 0
    outer loop
      vertex 32 5.75181 8.58648
      vertex 32 7.14018 7.52115
      vertex 32 6.76656 7.06589
    endloop
  endfacet
  facet normal -1 0 0
    outer loop
      vertex 32 8.31492 9.55585
      vertex 32 6.69813 10.2255
      vertex 32 6.86524 10.6696
    endloop
  endfacet
  facet normal -1 0 0
    outer loop
      vertex 32 8.07185 9.0194
      vertex 32 6.50233 9.79341
      vertex 32 6.69813 10.2255
    endloop
  endfacet
  facet normal -1 0 0
    outer loop
      vertex 32 5.45084 8.21974
      vertex 32 6.76656 7.06589
      vertex 32 6.36396 6.63604
    endloop
  endfacet
  facet normal -1 0 0
    outer loop
      vertex 32 7.79423 8.5
      vertex 32 6.27868 9.375
      vertex 32 6.50233 9.79341
    endloop
  endfacet
  facet normal -1 0 0
    outer loop
      vertex 32 7.48323 7.99987
      vertex 32 6.02815 8.97212
      vertex 32 6.27868 9.375
    endloop
  endfacet
  facet normal -1 0 0
    outer loop
      vertex 32 5.12652 7.87348
      vertex 32 6.36396 6.63604
      vertex 32 5.93411 6.23344
    endloop
  endfacet
  facet normal -1 0 0
    outer loop
      vertex 32 7.14018 7.52115
      vertex 32 5.75181 8.58648
      vertex 32 6.02815 8.97212
    endloop
  endfacet
  facet normal -1 0 0
    outer loop
      vertex 32 4.78026 7.54916
      vertex 32 5.93411 6.23344
      vertex 32 5.47885 5.85982
    endloop
  endfacet
  facet normal -1 0 0
    outer loop
      vertex 32 6.76656 7.06589
      vertex 32 5.45084 8.21974
      vertex 32 5.75181 8.58648
    endloop
  endfacet
  facet normal -1 0 0
    outer loop
      vertex 32 6.36396 6.63604
      vertex 32 5.12652 7.87348
      vertex 32 5.45084 8.21974
    endloop
  endfacet
  facet normal -1 0 0
    outer loop
      vertex 32 4.41352 7.24819
      vertex 32 5.47885 5.85982
      vertex 32 5.00013 5.51677
    endloop
  endfacet
  facet normal -1 0 0
    outer loop
      vertex 32 5.93411 6.23344
      vertex 32 4.78026 7.54916
      vertex 32 5.12652 7.87348
    endloop
  endfacet
  facet normal -1 0 0
    outer loop
      vertex 32 4.02788 6.97184
      vertex 32 5.00013 5.51677
      vertex 32 4.5 5.20577
    endloop
  endfacet
  facet normal -1 0 0
    outer loop
      vertex 32 5.47885 5.85982
      vertex 32 4.41352 7.24819
      vertex 32 4.78026 7.54916
    endloop
  endfacet
  facet normal -1 0 0
    outer loop
      vertex 32 5.00013 5.51677
      vertex 32 4.02788 6.97184
      vertex 32 4.41352 7.24819
    endloop
  endfacet
  facet normal -1 0 0
    outer loop
      vertex 32 3.625 6.72132
      vertex 32 4.5 5.20577
      vertex 32 3.9806 4.92814
    endloop
  endfacet
  facet normal -1 0 0
    outer loop
      vertex 32 4.5 5.20577
      vertex 32 3.625 6.72132
      vertex 32 4.02788 6.97184
    endloop
  endfacet
  facet normal -1 0 0
    outer loop
      vertex 32 3.20659 6.49767
      vertex 32 3.9806 4.92814
      vertex 32 3.44415 4.68508
    endloop
  endfacet
  facet normal -1 0 0
    outer loop
      vertex 32 3.9806 4.92814
      vertex 32 3.20659 6.49767
      vertex 32 3.625 6.72132
    endloop
  endfacet
  facet normal -1 0 0
    outer loop
      vertex 32 2.77445 6.30187
      vertex 32 3.44415 4.68508
      vertex 32 2.89295 4.47763
    endloop
  endfacet
  facet normal -1 0 0
    outer loop
      vertex 32 3.44415 4.68508
      vertex 32 2.77445 6.30187
      vertex 32 3.20659 6.49767
    endloop
  endfacet
  facet normal -1 0 0
    outer loop
      vertex 32 2.89295 4.47763
      vertex 32 2.33044 6.13476
      vertex 32 2.77445 6.30187
    endloop
  endfacet
  facet normal -1 0 0
    outer loop
      vertex 32 2.32937 4.30667
      vertex 32 2.33044 6.13476
      vertex 32 2.89295 4.47763
    endloop
  endfacet
  facet normal -1 0 0
    outer loop
      vertex 32 2.32937 4.30667
      vertex 32 1.87644 5.99704
      vertex 32 2.33044 6.13476
    endloop
  endfacet
  facet normal -1 0 0
    outer loop
      vertex 32 1.75581 4.17293
      vertex 32 1.87644 5.99704
      vertex 32 2.32937 4.30667
    endloop
  endfacet
  facet normal -1 0 0
    outer loop
      vertex 32 1.75581 4.17293
      vertex 32 1.4144 5.88931
      vertex 32 1.87644 5.99704
    endloop
  endfacet
  facet normal -1 0 0
    outer loop
      vertex 32 1.17474 4.077
      vertex 32 1.4144 5.88931
      vertex 32 1.75581 4.17293
    endloop
  endfacet
  facet normal -1 0 0
    outer loop
      vertex 32 1.17474 4.077
      vertex 32 0.946315 5.81202
      vertex 32 1.4144 5.88931
    endloop
  endfacet
  facet normal -1 0 0
    outer loop
      vertex 32 0.588628 4.01927
      vertex 32 0.946315 5.81202
      vertex 32 1.17474 4.077
    endloop
  endfacet
  facet normal -1 0 0
    outer loop
      vertex 32 0.588628 4.01927
      vertex 32 0.474173 5.76552
      vertex 32 0.946315 5.81202
    endloop
  endfacet
  facet normal -1 0 0
    outer loop
      vertex 32 0 4
      vertex 32 0.474173 5.76552
      vertex 32 0.588628 4.01927
    endloop
  endfacet
  facet normal -1 0 0
    outer loop
      vertex 32 0 4
      vertex 32 0 5.75
      vertex 32 0.474173 5.76552
    endloop
  endfacet
  facet normal -1 0 0
    outer loop
      vertex 32 0 4
      vertex 32 -0.474173 5.76552
      vertex 32 0 5.75
    endloop
  endfacet
  facet normal -1 0 0
    outer loop
      vertex 32 -0.588628 4.01927
      vertex 32 -0.474173 5.76552
      vertex 32 0 4
    endloop
  endfacet
  facet normal -1 0 0
    outer loop
      vertex 32 -0.588628 4.01927
      vertex 32 -0.946315 5.81202
      vertex 32 -0.474173 5.76552
    endloop
  endfacet
  facet normal -1 0 0
    outer loop
      vertex 32 -1.17474 4.077
      vertex 32 -0.946315 5.81202
      vertex 32 -0.588628 4.01927
    endloop
  endfacet
  facet normal -1 0 0
    outer loop
      vertex 32 -1.17474 4.077
      vertex 32 -1.4144 5.88931
      vertex 32 -0.946315 5.81202
    endloop
  endfacet
  facet normal -1 0 0
    outer loop
      vertex 32 -1.75581 4.17293
      vertex 32 -1.4144 5.88931
      vertex 32 -1.17474 4.077
    endloop
  endfacet
  facet normal -1 0 0
    outer loop
      vertex 32 -1.75581 4.17293
      vertex 32 -1.87644 5.99704
      vertex 32 -1.4144 5.88931
    endloop
  endfacet
  facet normal -1 0 0
    outer loop
      vertex 32 -2.32937 4.30667
      vertex 32 -1.87644 5.99704
      vertex 32 -1.75581 4.17293
    endloop
  endfacet
  facet normal -1 0 0
    outer loop
      vertex 32 -2.32937 4.30667
      vertex 32 -2.33044 6.13476
      vertex 32 -1.87644 5.99704
    endloop
  endfacet
  facet normal -1 0 0
    outer loop
      vertex 32 -2.89295 4.47763
      vertex 32 -2.33044 6.13476
      vertex 32 -2.32937 4.30667
    endloop
  endfacet
  facet normal -1 -0 0
    outer loop
      vertex 32 -2.33044 6.13476
      vertex 32 -2.89295 4.47763
      vertex 32 -2.77445 6.30187
    endloop
  endfacet
  facet normal -1 0 0
    outer loop
      vertex 32 -3.44415 4.68508
      vertex 32 -2.77445 6.30187
      vertex 32 -2.89295 4.47763
    endloop
  endfacet
  facet normal -1 -0 0
    outer loop
      vertex 32 -2.77445 6.30187
      vertex 32 -3.44415 4.68508
      vertex 32 -3.20659 6.49767
    endloop
  endfacet
  facet normal -1 0 0
    outer loop
      vertex 32 -3.9806 4.92814
      vertex 32 -3.20659 6.49767
      vertex 32 -3.44415 4.68508
    endloop
  endfacet
  facet normal -1 -0 0
    outer loop
      vertex 32 -3.20659 6.49767
      vertex 32 -3.9806 4.92814
      vertex 32 -3.625 6.72132
    endloop
  endfacet
  facet normal -1 0 0
    outer loop
      vertex 32 -4.5 5.20577
      vertex 32 -3.625 6.72132
      vertex 32 -3.9806 4.92814
    endloop
  endfacet
  facet normal -1 -0 0
    outer loop
      vertex 32 -3.625 6.72132
      vertex 32 -4.5 5.20577
      vertex 32 -4.02788 6.97184
    endloop
  endfacet
  facet normal -1 0 0
    outer loop
      vertex 32 -5.00013 5.51677
      vertex 32 -4.02788 6.97184
      vertex 32 -4.5 5.20577
    endloop
  endfacet
  facet normal -1 -0 0
    outer loop
      vertex 32 -4.02788 6.97184
      vertex 32 -5.00013 5.51677
      vertex 32 -4.41352 7.24819
    endloop
  endfacet
  facet normal -1 0 0
    outer loop
      vertex 32 -5.47885 5.85982
      vertex 32 -4.41352 7.24819
      vertex 32 -5.00013 5.51677
    endloop
  endfacet
  facet normal -1 -0 0
    outer loop
      vertex 32 -4.41352 7.24819
      vertex 32 -5.47885 5.85982
      vertex 32 -4.78026 7.54916
    endloop
  endfacet
  facet normal -1 0 0
    outer loop
      vertex 32 -5.93411 6.23344
      vertex 32 -4.78026 7.54916
      vertex 32 -5.47885 5.85982
    endloop
  endfacet
  facet normal -1 -0 0
    outer loop
      vertex 32 -4.78026 7.54916
      vertex 32 -5.93411 6.23344
      vertex 32 -5.12652 7.87348
    endloop
  endfacet
  facet normal -1 0 0
    outer loop
      vertex 32 -6.36396 6.63604
      vertex 32 -5.12652 7.87348
      vertex 32 -5.93411 6.23344
    endloop
  endfacet
  facet normal -1 -0 0
    outer loop
      vertex 32 -5.12652 7.87348
      vertex 32 -6.36396 6.63604
      vertex 32 -5.45084 8.21974
    endloop
  endfacet
  facet normal -1 0 0
    outer loop
      vertex 32 -6.76656 7.06589
      vertex 32 -5.45084 8.21974
      vertex 32 -6.36396 6.63604
    endloop
  endfacet
  facet normal -1 -0 0
    outer loop
      vertex 32 -5.45084 8.21974
      vertex 32 -6.76656 7.06589
      vertex 32 -5.75181 8.58648
    endloop
  endfacet
  facet normal -1 0 0
    outer loop
      vertex 32 -7.14018 7.52115
      vertex 32 -5.75181 8.58648
      vertex 32 -6.76656 7.06589
    endloop
  endfacet
  facet normal -1 -0 0
    outer loop
      vertex 32 -5.75181 8.58648
      vertex 32 -7.14018 7.52115
      vertex 32 -6.02815 8.97212
    endloop
  endfacet
  facet normal -1 0 0
    outer loop
      vertex 32 -7.48323 7.99987
      vertex 32 -6.02815 8.97212
      vertex 32 -7.14018 7.52115
    endloop
  endfacet
  facet normal -1 -0 0
    outer loop
      vertex 32 -6.02815 8.97212
      vertex 32 -7.48323 7.99987
      vertex 32 -6.27868 9.375
    endloop
  endfacet
  facet normal -1 0 0
    outer loop
      vertex 32 -7.79423 8.5
      vertex 32 -6.27868 9.375
      vertex 32 -7.48323 7.99987
    endloop
  endfacet
  facet normal -1 -0 0
    outer loop
      vertex 32 -6.27868 9.375
      vertex 32 -7.79423 8.5
      vertex 32 -6.50233 9.79341
    endloop
  endfacet
  facet normal -1 0 0
    outer loop
      vertex 32 -8.07185 9.0194
      vertex 32 -6.50233 9.79341
      vertex 32 -7.79423 8.5
    endloop
  endfacet
  facet normal -1 -0 0
    outer loop
      vertex 32 -6.50233 9.79341
      vertex 32 -8.07185 9.0194
      vertex 32 -6.69813 10.2255
    endloop
  endfacet
  facet normal -1 0 0
    outer loop
      vertex 32 -8.31492 9.55585
      vertex 32 -6.69813 10.2255
      vertex 32 -8.07185 9.0194
    endloop
  endfacet
  facet normal -1 -0 0
    outer loop
      vertex 32 -6.69813 10.2255
      vertex 32 -8.31492 9.55585
      vertex 32 -6.86524 10.6696
    endloop
  endfacet
  facet normal -1 0 0
    outer loop
      vertex 32 -8.52237 10.107
      vertex 32 -6.86524 10.6696
      vertex 32 -8.31492 9.55585
    endloop
  endfacet
  facet normal -1 -0 0
    outer loop
      vertex 32 -6.86524 10.6696
      vertex 32 -8.52237 10.107
      vertex 32 -7.00296 11.1236
    endloop
  endfacet
  facet normal -1 0 0
    outer loop
      vertex 32 -8.69333 10.6706
      vertex 32 -7.00296 11.1236
      vertex 32 -8.52237 10.107
    endloop
  endfacet
  facet normal -1 -0 0
    outer loop
      vertex 32 -7.00296 11.1236
      vertex 32 -8.69333 10.6706
      vertex 32 -7.11069 11.5856
    endloop
  endfacet
  facet normal -1 0 0
    outer loop
      vertex 32 -8.82707 11.2442
      vertex 32 -7.11069 11.5856
      vertex 32 -8.69333 10.6706
    endloop
  endfacet
  facet normal -1 -0 0
    outer loop
      vertex 32 -7.11069 11.5856
      vertex 32 -8.82707 11.2442
      vertex 32 -7.18797 12.0537
    endloop
  endfacet
  facet normal -1 0 0
    outer loop
      vertex 32 -8.923 11.8253
      vertex 32 -7.18797 12.0537
      vertex 32 -8.82707 11.2442
    endloop
  endfacet
  facet normal -1 -0 0
    outer loop
      vertex 32 -7.18797 12.0537
      vertex 32 -8.923 11.8253
      vertex 32 -7.23448 12.5258
    endloop
  endfacet
  facet normal -1 0 0
    outer loop
      vertex 32 -8.98073 12.4114
      vertex 32 -7.23448 12.5258
      vertex 32 -8.923 11.8253
    endloop
  endfacet
  facet normal -1 -0 0
    outer loop
      vertex 32 -7.23448 12.5258
      vertex 32 -8.98073 12.4114
      vertex 32 -7.25 13
    endloop
  endfacet
  facet normal -1 -0 0
    outer loop
      vertex 32 -7.25 13
      vertex 32 -8.98073 12.4114
      vertex 32 -9 13
    endloop
  endfacet
  facet normal 0 -1 0
    outer loop
      vertex -3 9 13
      vertex 0.00999928 9 18.45
      vertex -3 9 18.45
    endloop
  endfacet
  facet normal 0 -1 -0
    outer loop
      vertex 0.00999928 9 18.45
      vertex -3 9 13
      vertex 0.00999928 9 13
    endloop
  endfacet
  facet normal 0 -1 0
    outer loop
      vertex 0.849999 9 25
      vertex 2.85 9 24
      vertex 1.85 9 25
    endloop
  endfacet
  facet normal 0 -1 0
    outer loop
      vertex 0.849999 9 13
      vertex 2.85 9 24
      vertex 0.849999 9 25
    endloop
  endfacet
  facet normal 0 -1 -0
    outer loop
      vertex 2.85 9 24
      vertex 0.849999 9 13
      vertex 2.85 9 13
    endloop
  endfacet
  facet normal 0 -1 0
    outer loop
      vertex 22.15 9 24
      vertex 24.15 9 25
      vertex 23.15 9 25
    endloop
  endfacet
  facet normal 0 -1 0
    outer loop
      vertex 24.15 9 13
      vertex 22.15 9 24
      vertex 22.15 9 13
    endloop
  endfacet
  facet normal 0 -1 0
    outer loop
      vertex 22.15 9 24
      vertex 24.15 9 13
      vertex 24.15 9 25
    endloop
  endfacet
  facet normal 0 1 -0
    outer loop
      vertex 0.00999928 -9 13
      vertex -3 -9 18.45
      vertex 0.00999928 -9 18.45
    endloop
  endfacet
  facet normal 0 1 0
    outer loop
      vertex -3 -9 18.45
      vertex 0.00999928 -9 13
      vertex -3 -9 13
    endloop
  endfacet
  facet normal 0 1 0
    outer loop
      vertex 2.85 -9 24
      vertex 0.849999 -9 25
      vertex 1.85 -9 25
    endloop
  endfacet
  facet normal 0 1 0
    outer loop
      vertex 0.849999 -9 13
      vertex 2.85 -9 24
      vertex 2.85 -9 13
    endloop
  endfacet
  facet normal 0 1 0
    outer loop
      vertex 2.85 -9 24
      vertex 0.849999 -9 13
      vertex 0.849999 -9 25
    endloop
  endfacet
  facet normal 0 1 0
    outer loop
      vertex 24.15 -9 25
      vertex 22.15 -9 24
      vertex 23.15 -9 25
    endloop
  endfacet
  facet normal 0 1 -0
    outer loop
      vertex 24.15 -9 13
      vertex 22.15 -9 24
      vertex 24.15 -9 25
    endloop
  endfacet
  facet normal 0 1 0
    outer loop
      vertex 22.15 -9 24
      vertex 24.15 -9 13
      vertex 22.15 -9 13
    endloop
  endfacet
  facet normal 0 -0.683606 0.729851
    outer loop
      vertex 32 5.12652 7.87348
      vertex 38 4.78026 7.54916
      vertex 38 5.12652 7.87348
    endloop
  endfacet
  facet normal 0 -0.683606 0.729851
    outer loop
      vertex 38 4.78026 7.54916
      vertex 32 5.12652 7.87348
      vertex 32 4.78026 7.54916
    endloop
  endfacet
  facet normal 0 -0.999465 0.0327113
    outer loop
      vertex 32 7.23448 12.5258
      vertex 38 7.25 13
      vertex 32 7.25 13
    endloop
  endfacet
  facet normal 0 -0.999465 0.0327113
    outer loop
      vertex 38 7.25 13
      vertex 32 7.23448 12.5258
      vertex 38 7.23448 12.5258
    endloop
  endfacet
  facet normal 0 0.973874 0.22709
    outer loop
      vertex 38 -7.00296 11.1236
      vertex 32 -7.11069 11.5856
      vertex 38 -7.11069 11.5856
    endloop
  endfacet
  facet normal 0 0.973874 0.22709
    outer loop
      vertex 32 -7.11069 11.5856
      vertex 38 -7.00296 11.1236
      vertex 32 -7.00296 11.1236
    endloop
  endfacet
  facet normal 0 -0.995182 0.0980426
    outer loop
      vertex 32 7.18797 12.0537
      vertex 38 7.23448 12.5258
      vertex 32 7.23448 12.5258
    endloop
  endfacet
  facet normal 0 -0.995182 0.0980426
    outer loop
      vertex 38 7.23448 12.5258
      vertex 32 7.18797 12.0537
      vertex 38 7.18797 12.0537
    endloop
  endfacet
  facet normal 0 -0.634386 0.773016
    outer loop
      vertex 32 4.78026 7.54916
      vertex 38 4.41352 7.24819
      vertex 38 4.78026 7.54916
    endloop
  endfacet
  facet normal 0 -0.634386 0.773016
    outer loop
      vertex 38 4.41352 7.24819
      vertex 32 4.78026 7.54916
      vertex 32 4.41352 7.24819
    endloop
  endfacet
  facet normal 0 -0.352244 0.935908
    outer loop
      vertex 32 2.77445 6.30187
      vertex 38 2.33044 6.13476
      vertex 38 2.77445 6.30187
    endloop
  endfacet
  facet normal 0 -0.352244 0.935908
    outer loop
      vertex 38 2.33044 6.13476
      vertex 32 2.77445 6.30187
      vertex 32 2.33044 6.13476
    endloop
  endfacet
  facet normal -0 0.412707 0.910864
    outer loop
      vertex 32 -2.77445 6.30187
      vertex 38 -3.20659 6.49767
      vertex 38 -2.77445 6.30187
    endloop
  endfacet
  facet normal 0 0.412707 0.910864
    outer loop
      vertex 38 -3.20659 6.49767
      vertex 32 -2.77445 6.30187
      vertex 32 -3.20659 6.49767
    endloop
  endfacet
  facet normal 0 -0.0327132 0.999465
    outer loop
      vertex 32 0.474173 5.76552
      vertex 38 0 5.75
      vertex 38 0.474173 5.76552
    endloop
  endfacet
  facet normal 0 -0.0327132 0.999465
    outer loop
      vertex 38 0 5.75
      vertex 32 0.474173 5.76552
      vertex 32 0 5.75
    endloop
  endfacet
  facet normal -0 0.0327132 0.999465
    outer loop
      vertex 32 0 5.75
      vertex 38 -0.474173 5.76552
      vertex 38 0 5.75
    endloop
  endfacet
  facet normal 0 0.0327132 0.999465
    outer loop
      vertex 38 -0.474173 5.76552
      vertex 32 0 5.75
      vertex 32 -0.474173 5.76552
    endloop
  endfacet
  facet normal 0 0.910846 0.412746
    outer loop
      vertex 38 -6.50233 9.79341
      vertex 32 -6.69813 10.2255
      vertex 38 -6.69813 10.2255
    endloop
  endfacet
  facet normal 0 0.910846 0.412746
    outer loop
      vertex 32 -6.69813 10.2255
      vertex 38 -6.50233 9.79341
      vertex 32 -6.50233 9.79341
    endloop
  endfacet
  facet normal 0 -0.227071 0.973878
    outer loop
      vertex 32 1.87644 5.99704
      vertex 38 1.4144 5.88931
      vertex 38 1.87644 5.99704
    endloop
  endfacet
  facet normal 0 -0.227071 0.973878
    outer loop
      vertex 38 1.4144 5.88931
      vertex 32 1.87644 5.99704
      vertex 32 1.4144 5.88931
    endloop
  endfacet
  facet normal 0 -0.812852 0.58247
    outer loop
      vertex 32 5.75181 8.58648
      vertex 38 6.02815 8.97212
      vertex 32 6.02815 8.97212
    endloop
  endfacet
  facet normal 0 -0.812852 0.58247
    outer loop
      vertex 38 6.02815 8.97212
      vertex 32 5.75181 8.58648
      vertex 38 5.75181 8.58648
    endloop
  endfacet
  facet normal 0 -0.95694 0.290286
    outer loop
      vertex 32 6.86524 10.6696
      vertex 38 7.00296 11.1236
      vertex 32 7.00296 11.1236
    endloop
  endfacet
  facet normal 0 -0.95694 0.290286
    outer loop
      vertex 38 7.00296 11.1236
      vertex 32 6.86524 10.6696
      vertex 38 6.86524 10.6696
    endloop
  endfacet
  facet normal 0 -0.528057 0.849209
    outer loop
      vertex 32 4.02788 6.97184
      vertex 38 3.625 6.72132
      vertex 38 4.02788 6.97184
    endloop
  endfacet
  facet normal 0 -0.528057 0.849209
    outer loop
      vertex 38 3.625 6.72132
      vertex 32 4.02788 6.97184
      vertex 32 3.625 6.72132
    endloop
  endfacet
  facet normal -0 0.582484 0.812842
    outer loop
      vertex 32 -4.02788 6.97184
      vertex 38 -4.41352 7.24819
      vertex 38 -4.02788 6.97184
    endloop
  endfacet
  facet normal 0 0.582484 0.812842
    outer loop
      vertex 38 -4.41352 7.24819
      vertex 32 -4.02788 6.97184
      vertex 32 -4.41352 7.24819
    endloop
  endfacet
  facet normal 0 0.849199 0.528073
    outer loop
      vertex 38 -6.02815 8.97212
      vertex 32 -6.27868 9.375
      vertex 38 -6.27868 9.375
    endloop
  endfacet
  facet normal 0 0.849199 0.528073
    outer loop
      vertex 32 -6.27868 9.375
      vertex 38 -6.02815 8.97212
      vertex 32 -6.02815 8.97212
    endloop
  endfacet
  facet normal -0 0.162914 0.98664
    outer loop
      vertex 32 -0.946315 5.81202
      vertex 38 -1.4144 5.88931
      vertex 38 -0.946315 5.81202
    endloop
  endfacet
  facet normal 0 0.162914 0.98664
    outer loop
      vertex 38 -1.4144 5.88931
      vertex 32 -0.946315 5.81202
      vertex 32 -1.4144 5.88931
    endloop
  endfacet
  facet normal 0 0.995182 0.0980426
    outer loop
      vertex 38 -7.18797 12.0537
      vertex 32 -7.23448 12.5258
      vertex 38 -7.23448 12.5258
    endloop
  endfacet
  facet normal 0 0.995182 0.0980426
    outer loop
      vertex 32 -7.23448 12.5258
      vertex 38 -7.18797 12.0537
      vertex 32 -7.18797 12.0537
    endloop
  endfacet
  facet normal 0 -0.986645 0.162888
    outer loop
      vertex 32 7.11069 11.5856
      vertex 38 7.18797 12.0537
      vertex 32 7.18797 12.0537
    endloop
  endfacet
  facet normal 0 -0.986645 0.162888
    outer loop
      vertex 38 7.18797 12.0537
      vertex 32 7.11069 11.5856
      vertex 38 7.11069 11.5856
    endloop
  endfacet
  facet normal 0 -0.0980131 0.995185
    outer loop
      vertex 32 0.946315 5.81202
      vertex 38 0.474173 5.76552
      vertex 38 0.946315 5.81202
    endloop
  endfacet
  facet normal 0 -0.0980131 0.995185
    outer loop
      vertex 38 0.474173 5.76552
      vertex 32 0.946315 5.81202
      vertex 32 0.474173 5.76552
    endloop
  endfacet
  facet normal 0 0.812852 0.58247
    outer loop
      vertex 38 -5.75181 8.58648
      vertex 32 -6.02815 8.97212
      vertex 38 -6.02815 8.97212
    endloop
  endfacet
  facet normal 0 0.812852 0.58247
    outer loop
      vertex 32 -6.02815 8.97212
      vertex 38 -5.75181 8.58648
      vertex 32 -5.75181 8.58648
    endloop
  endfacet
  facet normal -0 0.290286 0.95694
    outer loop
      vertex 32 -1.87644 5.99704
      vertex 38 -2.33044 6.13476
      vertex 38 -1.87644 5.99704
    endloop
  endfacet
  facet normal 0 0.290286 0.95694
    outer loop
      vertex 38 -2.33044 6.13476
      vertex 32 -1.87644 5.99704
      vertex 32 -2.33044 6.13476
    endloop
  endfacet
  facet normal -0 0.634386 0.773016
    outer loop
      vertex 32 -4.41352 7.24819
      vertex 38 -4.78026 7.54916
      vertex 38 -4.41352 7.24819
    endloop
  endfacet
  facet normal 0 0.634386 0.773016
    outer loop
      vertex 38 -4.78026 7.54916
      vertex 32 -4.41352 7.24819
      vertex 32 -4.78026 7.54916
    endloop
  endfacet
  facet normal 0 -0.910846 0.412746
    outer loop
      vertex 32 6.50233 9.79341
      vertex 38 6.69813 10.2255
      vertex 32 6.69813 10.2255
    endloop
  endfacet
  facet normal 0 -0.910846 0.412746
    outer loop
      vertex 38 6.69813 10.2255
      vertex 32 6.50233 9.79341
      vertex 38 6.50233 9.79341
    endloop
  endfacet
  facet normal -0 0.528057 0.849209
    outer loop
      vertex 32 -3.625 6.72132
      vertex 38 -4.02788 6.97184
      vertex 38 -3.625 6.72132
    endloop
  endfacet
  facet normal 0 0.528057 0.849209
    outer loop
      vertex 38 -4.02788 6.97184
      vertex 32 -3.625 6.72132
      vertex 32 -4.02788 6.97184
    endloop
  endfacet
  facet normal 0 0.881917 0.471405
    outer loop
      vertex 38 -6.27868 9.375
      vertex 32 -6.50233 9.79341
      vertex 38 -6.50233 9.79341
    endloop
  endfacet
  facet normal 0 0.881917 0.471405
    outer loop
      vertex 32 -6.50233 9.79341
      vertex 38 -6.27868 9.375
      vertex 32 -6.27868 9.375
    endloop
  endfacet
  facet normal 0 0.999465 0.0327113
    outer loop
      vertex 38 -7.23448 12.5258
      vertex 32 -7.25 13
      vertex 38 -7.25 13
    endloop
  endfacet
  facet normal 0 0.999465 0.0327113
    outer loop
      vertex 32 -7.25 13
      vertex 38 -7.23448 12.5258
      vertex 32 -7.23448 12.5258
    endloop
  endfacet
  facet normal 0 0.773016 0.634386
    outer loop
      vertex 38 -5.45084 8.21974
      vertex 32 -5.75181 8.58648
      vertex 38 -5.75181 8.58648
    endloop
  endfacet
  facet normal 0 0.773016 0.634386
    outer loop
      vertex 32 -5.75181 8.58648
      vertex 38 -5.45084 8.21974
      vertex 32 -5.45084 8.21974
    endloop
  endfacet
  facet normal 0 0.986645 0.162888
    outer loop
      vertex 38 -7.11069 11.5856
      vertex 32 -7.18797 12.0537
      vertex 38 -7.18797 12.0537
    endloop
  endfacet
  facet normal 0 0.986645 0.162888
    outer loop
      vertex 32 -7.18797 12.0537
      vertex 38 -7.11069 11.5856
      vertex 32 -7.11069 11.5856
    endloop
  endfacet
  facet normal 0 -0.773016 0.634386
    outer loop
      vertex 32 5.45084 8.21974
      vertex 38 5.75181 8.58648
      vertex 32 5.75181 8.58648
    endloop
  endfacet
  facet normal 0 -0.773016 0.634386
    outer loop
      vertex 38 5.75181 8.58648
      vertex 32 5.45084 8.21974
      vertex 38 5.45084 8.21974
    endloop
  endfacet
  facet normal -0 0.0980131 0.995185
    outer loop
      vertex 32 -0.474173 5.76552
      vertex 38 -0.946315 5.81202
      vertex 38 -0.474173 5.76552
    endloop
  endfacet
  facet normal 0 0.0980131 0.995185
    outer loop
      vertex 38 -0.946315 5.81202
      vertex 32 -0.474173 5.76552
      vertex 32 -0.946315 5.81202
    endloop
  endfacet
  facet normal 0 -0.290286 0.95694
    outer loop
      vertex 32 2.33044 6.13476
      vertex 38 1.87644 5.99704
      vertex 38 2.33044 6.13476
    endloop
  endfacet
  facet normal 0 -0.290286 0.95694
    outer loop
      vertex 38 1.87644 5.99704
      vertex 32 2.33044 6.13476
      vertex 32 1.87644 5.99704
    endloop
  endfacet
  facet normal 0 -0.471405 0.881917
    outer loop
      vertex 32 3.625 6.72132
      vertex 38 3.20659 6.49767
      vertex 38 3.625 6.72132
    endloop
  endfacet
  facet normal 0 -0.471405 0.881917
    outer loop
      vertex 38 3.20659 6.49767
      vertex 32 3.625 6.72132
      vertex 32 3.20659 6.49767
    endloop
  endfacet
  facet normal 0 -0.935932 0.352181
    outer loop
      vertex 32 6.69813 10.2255
      vertex 38 6.86524 10.6696
      vertex 32 6.86524 10.6696
    endloop
  endfacet
  facet normal 0 -0.935932 0.352181
    outer loop
      vertex 38 6.86524 10.6696
      vertex 32 6.69813 10.2255
      vertex 38 6.69813 10.2255
    endloop
  endfacet
  facet normal 0 -0.729851 0.683606
    outer loop
      vertex 32 5.12652 7.87348
      vertex 38 5.45084 8.21974
      vertex 32 5.45084 8.21974
    endloop
  endfacet
  facet normal 0 -0.729851 0.683606
    outer loop
      vertex 38 5.45084 8.21974
      vertex 32 5.12652 7.87348
      vertex 38 5.12652 7.87348
    endloop
  endfacet
  facet normal 0 -0.973874 0.22709
    outer loop
      vertex 32 7.00296 11.1236
      vertex 38 7.11069 11.5856
      vertex 32 7.11069 11.5856
    endloop
  endfacet
  facet normal 0 -0.973874 0.22709
    outer loop
      vertex 38 7.11069 11.5856
      vertex 32 7.00296 11.1236
      vertex 38 7.00296 11.1236
    endloop
  endfacet
  facet normal 0 0.95694 0.290286
    outer loop
      vertex 38 -6.86524 10.6696
      vertex 32 -7.00296 11.1236
      vertex 38 -7.00296 11.1236
    endloop
  endfacet
  facet normal 0 0.95694 0.290286
    outer loop
      vertex 32 -7.00296 11.1236
      vertex 38 -6.86524 10.6696
      vertex 32 -6.86524 10.6696
    endloop
  endfacet
  facet normal -0 0.683606 0.729851
    outer loop
      vertex 32 -4.78026 7.54916
      vertex 38 -5.12652 7.87348
      vertex 38 -4.78026 7.54916
    endloop
  endfacet
  facet normal 0 0.683606 0.729851
    outer loop
      vertex 38 -5.12652 7.87348
      vertex 32 -4.78026 7.54916
      vertex 32 -5.12652 7.87348
    endloop
  endfacet
  facet normal -0 0.227071 0.973878
    outer loop
      vertex 32 -1.4144 5.88931
      vertex 38 -1.87644 5.99704
      vertex 38 -1.4144 5.88931
    endloop
  endfacet
  facet normal 0 0.227071 0.973878
    outer loop
      vertex 38 -1.87644 5.99704
      vertex 32 -1.4144 5.88931
      vertex 32 -1.87644 5.99704
    endloop
  endfacet
  facet normal -0 0.471405 0.881917
    outer loop
      vertex 32 -3.20659 6.49767
      vertex 38 -3.625 6.72132
      vertex 38 -3.20659 6.49767
    endloop
  endfacet
  facet normal 0 0.471405 0.881917
    outer loop
      vertex 38 -3.625 6.72132
      vertex 32 -3.20659 6.49767
      vertex 32 -3.625 6.72132
    endloop
  endfacet
  facet normal 0 0.935932 0.352181
    outer loop
      vertex 38 -6.69813 10.2255
      vertex 32 -6.86524 10.6696
      vertex 38 -6.86524 10.6696
    endloop
  endfacet
  facet normal 0 0.935932 0.352181
    outer loop
      vertex 32 -6.86524 10.6696
      vertex 38 -6.69813 10.2255
      vertex 32 -6.69813 10.2255
    endloop
  endfacet
  facet normal 0 -0.582484 0.812842
    outer loop
      vertex 32 4.41352 7.24819
      vertex 38 4.02788 6.97184
      vertex 38 4.41352 7.24819
    endloop
  endfacet
  facet normal 0 -0.582484 0.812842
    outer loop
      vertex 38 4.02788 6.97184
      vertex 32 4.41352 7.24819
      vertex 32 4.02788 6.97184
    endloop
  endfacet
  facet normal 0 -0.412707 0.910864
    outer loop
      vertex 32 3.20659 6.49767
      vertex 38 2.77445 6.30187
      vertex 38 3.20659 6.49767
    endloop
  endfacet
  facet normal 0 -0.412707 0.910864
    outer loop
      vertex 38 2.77445 6.30187
      vertex 32 3.20659 6.49767
      vertex 32 2.77445 6.30187
    endloop
  endfacet
  facet normal 0 -0.162914 0.98664
    outer loop
      vertex 32 1.4144 5.88931
      vertex 38 0.946315 5.81202
      vertex 38 1.4144 5.88931
    endloop
  endfacet
  facet normal 0 -0.162914 0.98664
    outer loop
      vertex 38 0.946315 5.81202
      vertex 32 1.4144 5.88931
      vertex 32 0.946315 5.81202
    endloop
  endfacet
  facet normal 0 -0.881917 0.471405
    outer loop
      vertex 32 6.27868 9.375
      vertex 38 6.50233 9.79341
      vertex 32 6.50233 9.79341
    endloop
  endfacet
  facet normal 0 -0.881917 0.471405
    outer loop
      vertex 38 6.50233 9.79341
      vertex 32 6.27868 9.375
      vertex 38 6.27868 9.375
    endloop
  endfacet
  facet normal 0 -0.849199 0.528073
    outer loop
      vertex 32 6.02815 8.97212
      vertex 38 6.27868 9.375
      vertex 32 6.27868 9.375
    endloop
  endfacet
  facet normal 0 -0.849199 0.528073
    outer loop
      vertex 38 6.27868 9.375
      vertex 32 6.02815 8.97212
      vertex 38 6.02815 8.97212
    endloop
  endfacet
  facet normal 0 0.729851 0.683606
    outer loop
      vertex 38 -5.12652 7.87348
      vertex 32 -5.45084 8.21974
      vertex 38 -5.45084 8.21974
    endloop
  endfacet
  facet normal 0 0.729851 0.683606
    outer loop
      vertex 32 -5.45084 8.21974
      vertex 38 -5.12652 7.87348
      vertex 32 -5.12652 7.87348
    endloop
  endfacet
  facet normal -0 0.352244 0.935908
    outer loop
      vertex 32 -2.33044 6.13476
      vertex 38 -2.77445 6.30187
      vertex 38 -2.33044 6.13476
    endloop
  endfacet
  facet normal 0 0.352244 0.935908
    outer loop
      vertex 38 -2.77445 6.30187
      vertex 32 -2.33044 6.13476
      vertex 32 -2.77445 6.30187
    endloop
  endfacet
  facet normal 0 -0.707107 0.707107
    outer loop
      vertex 0.849999 -22.25 23.8
      vertex 1.85 -21.05 25
      vertex 0.849999 -21.05 25
    endloop
  endfacet
  facet normal 0 -0.707107 0.707107
    outer loop
      vertex 1.85 -21.05 25
      vertex 0.849999 -22.25 23.8
      vertex 2.85 -22.05 24
    endloop
  endfacet
  facet normal 0 -0.707107 0.707107
    outer loop
      vertex 2.85 -22.05 24
      vertex 0.849999 -22.25 23.8
      vertex 2.85 -22.25 23.8
    endloop
  endfacet
  facet normal 0 0.707107 0.707107
    outer loop
      vertex 0.849999 -22.25 23.8
      vertex 1.85 -23.45 25
      vertex 2.85 -22.45 24
    endloop
  endfacet
  facet normal -0 0.707107 0.707107
    outer loop
      vertex 0.849999 -22.25 23.8
      vertex 2.85 -22.45 24
      vertex 2.85 -22.25 23.8
    endloop
  endfacet
  facet normal 0 0.707107 0.707107
    outer loop
      vertex 1.85 -23.45 25
      vertex 0.849999 -22.25 23.8
      vertex 0.849999 -23.45 25
    endloop
  endfacet
  facet normal 0 -0.707107 0.707107
    outer loop
      vertex 0.849999 22.25 23.8
      vertex 1.85 23.45 25
      vertex 0.849999 23.45 25
    endloop
  endfacet
  facet normal 0 -0.707107 0.707107
    outer loop
      vertex 1.85 23.45 25
      vertex 0.849999 22.25 23.8
      vertex 2.85 22.45 24
    endloop
  endfacet
  facet normal 0 -0.707107 0.707107
    outer loop
      vertex 2.85 22.45 24
      vertex 0.849999 22.25 23.8
      vertex 2.85 22.25 23.8
    endloop
  endfacet
  facet normal 0 0.707107 0.707107
    outer loop
      vertex 0.849999 22.25 23.8
      vertex 1.85 21.05 25
      vertex 2.85 22.05 24
    endloop
  endfacet
  facet normal -0 0.707107 0.707107
    outer loop
      vertex 0.849999 22.25 23.8
      vertex 2.85 22.05 24
      vertex 2.85 22.25 23.8
    endloop
  endfacet
  facet normal 0 0.707107 0.707107
    outer loop
      vertex 1.85 21.05 25
      vertex 0.849999 22.25 23.8
      vertex 0.849999 21.05 25
    endloop
  endfacet
  facet normal 0 -0.707107 0.707107
    outer loop
      vertex 24.15 -22.25 23.8
      vertex 23.15 -21.05 25
      vertex 22.15 -22.05 24
    endloop
  endfacet
  facet normal 0 -0.707107 0.707107
    outer loop
      vertex 24.15 -22.25 23.8
      vertex 22.15 -22.05 24
      vertex 22.15 -22.25 23.8
    endloop
  endfacet
  facet normal 0 -0.707107 0.707107
    outer loop
      vertex 23.15 -21.05 25
      vertex 24.15 -22.25 23.8
      vertex 24.15 -21.05 25
    endloop
  endfacet
  facet normal 0 0.707107 0.707107
    outer loop
      vertex 24.15 -22.25 23.8
      vertex 23.15 -23.45 25
      vertex 24.15 -23.45 25
    endloop
  endfacet
  facet normal 0 0.707107 0.707107
    outer loop
      vertex 23.15 -23.45 25
      vertex 24.15 -22.25 23.8
      vertex 22.15 -22.45 24
    endloop
  endfacet
  facet normal 0 0.707107 0.707107
    outer loop
      vertex 22.15 -22.45 24
      vertex 24.15 -22.25 23.8
      vertex 22.15 -22.25 23.8
    endloop
  endfacet
  facet normal 0 -0.707107 0.707107
    outer loop
      vertex 24.15 22.25 23.8
      vertex 23.15 23.45 25
      vertex 22.15 22.45 24
    endloop
  endfacet
  facet normal 0 -0.707107 0.707107
    outer loop
      vertex 24.15 22.25 23.8
      vertex 22.15 22.45 24
      vertex 22.15 22.25 23.8
    endloop
  endfacet
  facet normal 0 -0.707107 0.707107
    outer loop
      vertex 23.15 23.45 25
      vertex 24.15 22.25 23.8
      vertex 24.15 23.45 25
    endloop
  endfacet
  facet normal 0 0.707107 0.707107
    outer loop
      vertex 24.15 22.25 23.8
      vertex 23.15 21.05 25
      vertex 24.15 21.05 25
    endloop
  endfacet
  facet normal 0 0.707107 0.707107
    outer loop
      vertex 23.15 21.05 25
      vertex 24.15 22.25 23.8
      vertex 22.15 22.05 24
    endloop
  endfacet
  facet normal 0 0.707107 0.707107
    outer loop
      vertex 22.15 22.05 24
      vertex 24.15 22.25 23.8
      vertex 22.15 22.25 23.8
    endloop
  endfacet
  facet normal 0 0 1
    outer loop
      vertex 35.7638 -16.2957 1.6
      vertex 36.134 -14.6058 1.6
      vertex 35.7638 -14.6058 1.6
    endloop
  endfacet
  facet normal 0 0 1
    outer loop
      vertex 36.134 -14.6058 1.6
      vertex 35.7638 -16.2957 1.6
      vertex 36.134 -16.749 1.6
    endloop
  endfacet
  facet normal 0 0 1
    outer loop
      vertex 32.7899 -16.749 1.6
      vertex 35.7638 -16.2957 1.6
      vertex 32.7899 -16.2957 1.6
    endloop
  endfacet
  facet normal 0 0 1
    outer loop
      vertex 35.7638 -16.2957 1.6
      vertex 32.7899 -16.749 1.6
      vertex 36.134 -16.749 1.6
    endloop
  endfacet
  facet normal 0 0 1
    outer loop
      vertex 34.6174 -22.5129 1.6
      vertex 34.2463 -22.4693 1.6
      vertex 34.2472 -22.5224 1.6
    endloop
  endfacet
  facet normal 0 0 1
    outer loop
      vertex 34.2814 -21.6863 1.6
      vertex 34.2436 -22.4181 1.6
      vertex 34.2463 -22.4693 1.6
    endloop
  endfacet
  facet normal 0 0 1
    outer loop
      vertex 34.2814 -21.6863 1.6
      vertex 34.239 -22.3687 1.6
      vertex 34.2436 -22.4181 1.6
    endloop
  endfacet
  facet normal 0 0 1
    outer loop
      vertex 34.2814 -21.6863 1.6
      vertex 34.2327 -22.3212 1.6
      vertex 34.239 -22.3687 1.6
    endloop
  endfacet
  facet normal 0 0 1
    outer loop
      vertex 33.9888 -21.877 1.6
      vertex 34.2575 -21.65 1.6
      vertex 34.232 -21.6157 1.6
    endloop
  endfacet
  facet normal 0 0 1
    outer loop
      vertex 34.2814 -21.6863 1.6
      vertex 34.2245 -22.2756 1.6
      vertex 34.2327 -22.3212 1.6
    endloop
  endfacet
  facet normal 0 0 1
    outer loop
      vertex 34.2814 -21.6863 1.6
      vertex 34.2146 -22.2318 1.6
      vertex 34.2245 -22.2756 1.6
    endloop
  endfacet
  facet normal 0 0 1
    outer loop
      vertex 33.9888 -21.877 1.6
      vertex 34.232 -21.6157 1.6
      vertex 34.205 -21.5834 1.6
    endloop
  endfacet
  facet normal 0 0 1
    outer loop
      vertex 34.2814 -21.6863 1.6
      vertex 34.2028 -22.1899 1.6
      vertex 34.2146 -22.2318 1.6
    endloop
  endfacet
  facet normal 0 0 1
    outer loop
      vertex 34.2814 -21.6863 1.6
      vertex 34.1892 -22.1499 1.6
      vertex 34.2028 -22.1899 1.6
    endloop
  endfacet
  facet normal 0 0 1
    outer loop
      vertex 33.959 -21.8575 1.6
      vertex 34.205 -21.5834 1.6
      vertex 34.1764 -21.5529 1.6
    endloop
  endfacet
  facet normal 0 0 1
    outer loop
      vertex 34.2814 -21.6863 1.6
      vertex 34.1738 -22.1117 1.6
      vertex 34.1892 -22.1499 1.6
    endloop
  endfacet
  facet normal 0 0 1
    outer loop
      vertex 34.2814 -21.6863 1.6
      vertex 34.1566 -22.0754 1.6
      vertex 34.1738 -22.1117 1.6
    endloop
  endfacet
  facet normal 0 0 1
    outer loop
      vertex 33.9278 -21.8404 1.6
      vertex 34.1764 -21.5529 1.6
      vertex 34.1463 -21.5244 1.6
    endloop
  endfacet
  facet normal 0 0 1
    outer loop
      vertex 34.2814 -21.6863 1.6
      vertex 34.1376 -22.041 1.6
      vertex 34.1566 -22.0754 1.6
    endloop
  endfacet
  facet normal 0 0 1
    outer loop
      vertex 34.2814 -21.6863 1.6
      vertex 34.1167 -22.0084 1.6
      vertex 34.1376 -22.041 1.6
    endloop
  endfacet
  facet normal 0 0 1
    outer loop
      vertex 33.9278 -21.8404 1.6
      vertex 34.1463 -21.5244 1.6
      vertex 34.1147 -21.4979 1.6
    endloop
  endfacet
  facet normal 0 0 1
    outer loop
      vertex 34.2814 -21.6863 1.6
      vertex 34.0941 -21.9777 1.6
      vertex 34.1167 -22.0084 1.6
    endloop
  endfacet
  facet normal 0 0 1
    outer loop
      vertex 33.8952 -21.8255 1.6
      vertex 34.1147 -21.4979 1.6
      vertex 34.0818 -21.4735 1.6
    endloop
  endfacet
  facet normal 0 0 1
    outer loop
      vertex 34.2814 -21.6863 1.6
      vertex 34.0699 -21.9491 1.6
      vertex 34.0941 -21.9777 1.6
    endloop
  endfacet
  facet normal 0 0 1
    outer loop
      vertex 33.8952 -21.8255 1.6
      vertex 34.0818 -21.4735 1.6
      vertex 34.0474 -21.4512 1.6
    endloop
  endfacet
  facet normal 0 0 1
    outer loop
      vertex 34.2814 -21.6863 1.6
      vertex 34.0442 -21.9228 1.6
      vertex 34.0699 -21.9491 1.6
    endloop
  endfacet
  facet normal 0 0 1
    outer loop
      vertex 34.2814 -21.6863 1.6
      vertex 34.0172 -21.8987 1.6
      vertex 34.0442 -21.9228 1.6
    endloop
  endfacet
  facet normal 0 0 1
    outer loop
      vertex 33.8612 -21.8129 1.6
      vertex 34.0474 -21.4512 1.6
      vertex 34.0116 -21.4311 1.6
    endloop
  endfacet
  facet normal 0 0 1
    outer loop
      vertex 34.2575 -21.65 1.6
      vertex 33.9888 -21.877 1.6
      vertex 34.0172 -21.8987 1.6
    endloop
  endfacet
  facet normal 0 0 1
    outer loop
      vertex 33.8612 -21.8129 1.6
      vertex 34.0116 -21.4311 1.6
      vertex 33.9743 -21.413 1.6
    endloop
  endfacet
  facet normal 0 0 1
    outer loop
      vertex 34.205 -21.5834 1.6
      vertex 33.959 -21.8575 1.6
      vertex 33.9888 -21.877 1.6
    endloop
  endfacet
  facet normal 0 0 1
    outer loop
      vertex 33.8258 -21.8026 1.6
      vertex 33.9743 -21.413 1.6
      vertex 33.9357 -21.3971 1.6
    endloop
  endfacet
  facet normal 0 0 1
    outer loop
      vertex 34.1764 -21.5529 1.6
      vertex 33.9278 -21.8404 1.6
      vertex 33.959 -21.8575 1.6
    endloop
  endfacet
  facet normal 0 0 1
    outer loop
      vertex 33.7891 -21.7946 1.6
      vertex 33.9357 -21.3971 1.6
      vertex 33.8956 -21.3833 1.6
    endloop
  endfacet
  facet normal 0 0 1
    outer loop
      vertex 34.1147 -21.4979 1.6
      vertex 33.8952 -21.8255 1.6
      vertex 33.9278 -21.8404 1.6
    endloop
  endfacet
  facet normal 0 0 1
    outer loop
      vertex 34.0474 -21.4512 1.6
      vertex 33.8612 -21.8129 1.6
      vertex 33.8952 -21.8255 1.6
    endloop
  endfacet
  facet normal 0 0 1
    outer loop
      vertex 33.7891 -21.7946 1.6
      vertex 33.8956 -21.3833 1.6
      vertex 33.8541 -21.3717 1.6
    endloop
  endfacet
  facet normal 0 0 1
    outer loop
      vertex 33.9743 -21.413 1.6
      vertex 33.8258 -21.8026 1.6
      vertex 33.8612 -21.8129 1.6
    endloop
  endfacet
  facet normal 0 0 1
    outer loop
      vertex 33.7509 -21.7889 1.6
      vertex 33.8541 -21.3717 1.6
      vertex 33.8112 -21.3621 1.6
    endloop
  endfacet
  facet normal 0 0 1
    outer loop
      vertex 33.9357 -21.3971 1.6
      vertex 33.7891 -21.7946 1.6
      vertex 33.8258 -21.8026 1.6
    endloop
  endfacet
  facet normal 0 0 1
    outer loop
      vertex 33.7509 -21.7889 1.6
      vertex 33.8112 -21.3621 1.6
      vertex 33.7668 -21.3547 1.6
    endloop
  endfacet
  facet normal 0 0 1
    outer loop
      vertex 33.8541 -21.3717 1.6
      vertex 33.7509 -21.7889 1.6
      vertex 33.7891 -21.7946 1.6
    endloop
  endfacet
  facet normal 0 0 1
    outer loop
      vertex 33.7114 -21.7854 1.6
      vertex 33.7668 -21.3547 1.6
      vertex 33.7211 -21.3494 1.6
    endloop
  endfacet
  facet normal 0 0 1
    outer loop
      vertex 33.7668 -21.3547 1.6
      vertex 33.7114 -21.7854 1.6
      vertex 33.7509 -21.7889 1.6
    endloop
  endfacet
  facet normal 0 0 1
    outer loop
      vertex 33.6705 -21.7843 1.6
      vertex 33.7211 -21.3494 1.6
      vertex 33.6739 -21.3462 1.6
    endloop
  endfacet
  facet normal 0 0 1
    outer loop
      vertex 33.7211 -21.3494 1.6
      vertex 33.6705 -21.7843 1.6
      vertex 33.7114 -21.7854 1.6
    endloop
  endfacet
  facet normal 0 0 1
    outer loop
      vertex 33.6739 -21.3462 1.6
      vertex 33.6299 -21.7852 1.6
      vertex 33.6705 -21.7843 1.6
    endloop
  endfacet
  facet normal 0 0 1
    outer loop
      vertex 33.6253 -21.3452 1.6
      vertex 33.6299 -21.7852 1.6
      vertex 33.6739 -21.3462 1.6
    endloop
  endfacet
  facet normal -0 0 1
    outer loop
      vertex 33.5622 -21.3468 1.6
      vertex 33.6299 -21.7852 1.6
      vertex 33.6253 -21.3452 1.6
    endloop
  endfacet
  facet normal 0 0 1
    outer loop
      vertex 33.6299 -21.7852 1.6
      vertex 33.5622 -21.3468 1.6
      vertex 33.5906 -21.788 1.6
    endloop
  endfacet
  facet normal -0 0 1
    outer loop
      vertex 33.5012 -21.3518 1.6
      vertex 33.5906 -21.788 1.6
      vertex 33.5622 -21.3468 1.6
    endloop
  endfacet
  facet normal 0 0 1
    outer loop
      vertex 33.5906 -21.788 1.6
      vertex 33.5012 -21.3518 1.6
      vertex 33.5527 -21.7927 1.6
    endloop
  endfacet
  facet normal -0 0 1
    outer loop
      vertex 33.4423 -21.36 1.6
      vertex 33.5527 -21.7927 1.6
      vertex 33.5012 -21.3518 1.6
    endloop
  endfacet
  facet normal 0 0 1
    outer loop
      vertex 33.5527 -21.7927 1.6
      vertex 33.4423 -21.36 1.6
      vertex 33.5161 -21.7992 1.6
    endloop
  endfacet
  facet normal -0 0 1
    outer loop
      vertex 33.3857 -21.3716 1.6
      vertex 33.5161 -21.7992 1.6
      vertex 33.4423 -21.36 1.6
    endloop
  endfacet
  facet normal 0 0 1
    outer loop
      vertex 33.5161 -21.7992 1.6
      vertex 33.3857 -21.3716 1.6
      vertex 33.4808 -21.8076 1.6
    endloop
  endfacet
  facet normal -0 0 1
    outer loop
      vertex 33.3312 -21.3864 1.6
      vertex 33.4808 -21.8076 1.6
      vertex 33.3857 -21.3716 1.6
    endloop
  endfacet
  facet normal 0 0 1
    outer loop
      vertex 33.4808 -21.8076 1.6
      vertex 33.3312 -21.3864 1.6
      vertex 33.4469 -21.8179 1.6
    endloop
  endfacet
  facet normal -0 0 1
    outer loop
      vertex 33.2789 -21.4046 1.6
      vertex 33.4469 -21.8179 1.6
      vertex 33.3312 -21.3864 1.6
    endloop
  endfacet
  facet normal 0 0 1
    outer loop
      vertex 33.4469 -21.8179 1.6
      vertex 33.2789 -21.4046 1.6
      vertex 33.4143 -21.83 1.6
    endloop
  endfacet
  facet normal -0 0 1
    outer loop
      vertex 33.2288 -21.426 1.6
      vertex 33.4143 -21.83 1.6
      vertex 33.2789 -21.4046 1.6
    endloop
  endfacet
  facet normal 0 0 1
    outer loop
      vertex 33.4143 -21.83 1.6
      vertex 33.2288 -21.426 1.6
      vertex 33.3831 -21.8441 1.6
    endloop
  endfacet
  facet normal -0 0 1
    outer loop
      vertex 33.1809 -21.4508 1.6
      vertex 33.3831 -21.8441 1.6
      vertex 33.2288 -21.426 1.6
    endloop
  endfacet
  facet normal -0 0 1
    outer loop
      vertex 33.1351 -21.4788 1.6
      vertex 33.3831 -21.8441 1.6
      vertex 33.1809 -21.4508 1.6
    endloop
  endfacet
  facet normal 0 0 1
    outer loop
      vertex 33.3831 -21.8441 1.6
      vertex 33.1351 -21.4788 1.6
      vertex 33.3531 -21.8599 1.6
    endloop
  endfacet
  facet normal -0 0 1
    outer loop
      vertex 33.0915 -21.5102 1.6
      vertex 33.3531 -21.8599 1.6
      vertex 33.1351 -21.4788 1.6
    endloop
  endfacet
  facet normal 0 0 1
    outer loop
      vertex 33.3531 -21.8599 1.6
      vertex 33.0915 -21.5102 1.6
      vertex 33.3245 -21.8777 1.6
    endloop
  endfacet
  facet normal -0 0 1
    outer loop
      vertex 33.0501 -21.5448 1.6
      vertex 33.3245 -21.8777 1.6
      vertex 33.0915 -21.5102 1.6
    endloop
  endfacet
  facet normal 0 0 1
    outer loop
      vertex 33.3245 -21.8777 1.6
      vertex 33.0501 -21.5448 1.6
      vertex 33.2973 -21.8973 1.6
    endloop
  endfacet
  facet normal -0 0 1
    outer loop
      vertex 33.0109 -21.5828 1.6
      vertex 33.2973 -21.8973 1.6
      vertex 33.0501 -21.5448 1.6
    endloop
  endfacet
  facet normal 0 0 1
    outer loop
      vertex 33.2973 -21.8973 1.6
      vertex 33.0109 -21.5828 1.6
      vertex 33.2714 -21.9188 1.6
    endloop
  endfacet
  facet normal -0 0 1
    outer loop
      vertex 32.9738 -21.6241 1.6
      vertex 33.2714 -21.9188 1.6
      vertex 33.0109 -21.5828 1.6
    endloop
  endfacet
  facet normal -0 0 1
    outer loop
      vertex 32.9393 -21.6683 1.6
      vertex 33.2714 -21.9188 1.6
      vertex 32.9738 -21.6241 1.6
    endloop
  endfacet
  facet normal 0 0 1
    outer loop
      vertex 33.2714 -21.9188 1.6
      vertex 32.9393 -21.6683 1.6
      vertex 33.2468 -21.9421 1.6
    endloop
  endfacet
  facet normal -0 0 1
    outer loop
      vertex 32.9074 -21.7152 1.6
      vertex 33.2468 -21.9421 1.6
      vertex 32.9393 -21.6683 1.6
    endloop
  endfacet
  facet normal 0 0 1
    outer loop
      vertex 33.2468 -21.9421 1.6
      vertex 32.9074 -21.7152 1.6
      vertex 33.2238 -21.9673 1.6
    endloop
  endfacet
  facet normal -0 0 1
    outer loop
      vertex 32.8784 -21.7647 1.6
      vertex 33.2238 -21.9673 1.6
      vertex 32.9074 -21.7152 1.6
    endloop
  endfacet
  facet normal 0 0 1
    outer loop
      vertex 33.2238 -21.9673 1.6
      vertex 32.8784 -21.7647 1.6
      vertex 33.2026 -21.9943 1.6
    endloop
  endfacet
  facet normal -0 0 1
    outer loop
      vertex 32.8521 -21.8169 1.6
      vertex 33.2026 -21.9943 1.6
      vertex 32.8784 -21.7647 1.6
    endloop
  endfacet
  facet normal 0 0 1
    outer loop
      vertex 33.2026 -21.9943 1.6
      vertex 32.8521 -21.8169 1.6
      vertex 33.1833 -22.0231 1.6
    endloop
  endfacet
  facet normal -0 0 1
    outer loop
      vertex 32.8286 -21.8718 1.6
      vertex 33.1833 -22.0231 1.6
      vertex 32.8521 -21.8169 1.6
    endloop
  endfacet
  facet normal 0 0 1
    outer loop
      vertex 33.1833 -22.0231 1.6
      vertex 32.8286 -21.8718 1.6
      vertex 33.1658 -22.0537 1.6
    endloop
  endfacet
  facet normal -0 0 1
    outer loop
      vertex 32.8078 -21.9293 1.6
      vertex 33.1658 -22.0537 1.6
      vertex 32.8286 -21.8718 1.6
    endloop
  endfacet
  facet normal 0 0 1
    outer loop
      vertex 33.1658 -22.0537 1.6
      vertex 32.8078 -21.9293 1.6
      vertex 33.1502 -22.0862 1.6
    endloop
  endfacet
  facet normal -0 0 1
    outer loop
      vertex 32.7899 -21.9894 1.6
      vertex 33.1502 -22.0862 1.6
      vertex 32.8078 -21.9293 1.6
    endloop
  endfacet
  facet normal 0 0 1
    outer loop
      vertex 33.0922 -22.3639 1.6
      vertex 32.7401 -22.4061 1.6
      vertex 33.0913 -22.4109 1.6
    endloop
  endfacet
  facet normal 0 0 1
    outer loop
      vertex 33.1502 -22.0862 1.6
      vertex 32.7899 -21.9894 1.6
      vertex 33.1364 -22.1204 1.6
    endloop
  endfacet
  facet normal 0 -0 1
    outer loop
      vertex 32.7414 -22.476 1.6
      vertex 33.0913 -22.4109 1.6
      vertex 32.7401 -22.4061 1.6
    endloop
  endfacet
  facet normal -0 0 1
    outer loop
      vertex 32.7746 -22.0522 1.6
      vertex 33.1364 -22.1204 1.6
      vertex 32.7899 -21.9894 1.6
    endloop
  endfacet
  facet normal 0 -0 1
    outer loop
      vertex 32.7455 -22.5438 1.6
      vertex 33.0913 -22.4109 1.6
      vertex 32.7414 -22.476 1.6
    endloop
  endfacet
  facet normal 0 0 1
    outer loop
      vertex 33.1364 -22.1204 1.6
      vertex 32.7746 -22.0522 1.6
      vertex 33.1244 -22.1565 1.6
    endloop
  endfacet
  facet normal 0 -0 1
    outer loop
      vertex 32.7523 -22.6097 1.6
      vertex 33.0913 -22.4109 1.6
      vertex 32.7455 -22.5438 1.6
    endloop
  endfacet
  facet normal -0 0 1
    outer loop
      vertex 32.7622 -22.1177 1.6
      vertex 33.1244 -22.1565 1.6
      vertex 32.7746 -22.0522 1.6
    endloop
  endfacet
  facet normal 0 -0 1
    outer loop
      vertex 32.7618 -22.6736 1.6
      vertex 33.0913 -22.4109 1.6
      vertex 32.7523 -22.6097 1.6
    endloop
  endfacet
  facet normal 0 0 1
    outer loop
      vertex 33.1244 -22.1565 1.6
      vertex 32.7622 -22.1177 1.6
      vertex 33.1143 -22.1944 1.6
    endloop
  endfacet
  facet normal 0 -0 1
    outer loop
      vertex 32.7741 -22.7355 1.6
      vertex 33.0913 -22.4109 1.6
      vertex 32.7618 -22.6736 1.6
    endloop
  endfacet
  facet normal 0 0 1
    outer loop
      vertex 33.1143 -22.1944 1.6
      vertex 32.7622 -22.1177 1.6
      vertex 33.106 -22.234 1.6
    endloop
  endfacet
  facet normal 0 0 1
    outer loop
      vertex 32.7401 -22.4061 1.6
      vertex 33.0922 -22.3639 1.6
      vertex 32.7414 -22.33 1.6
    endloop
  endfacet
  facet normal -0 0 1
    outer loop
      vertex 32.7525 -22.1858 1.6
      vertex 33.106 -22.234 1.6
      vertex 32.7622 -22.1177 1.6
    endloop
  endfacet
  facet normal 0 -0 1
    outer loop
      vertex 32.7891 -22.7955 1.6
      vertex 33.0913 -22.4109 1.6
      vertex 32.7741 -22.7355 1.6
    endloop
  endfacet
  facet normal 0 0 1
    outer loop
      vertex 33.106 -22.234 1.6
      vertex 32.7525 -22.1858 1.6
      vertex 33.0996 -22.2755 1.6
    endloop
  endfacet
  facet normal 0 0 1
    outer loop
      vertex 33.0913 -22.4109 1.6
      vertex 33.0454 -23.2441 1.6
      vertex 33.0862 -23.2819 1.6
    endloop
  endfacet
  facet normal -0 0 1
    outer loop
      vertex 32.7456 -22.2566 1.6
      vertex 33.0996 -22.2755 1.6
      vertex 32.7525 -22.1858 1.6
    endloop
  endfacet
  facet normal 0 0 1
    outer loop
      vertex 33.0996 -22.2755 1.6
      vertex 32.7456 -22.2566 1.6
      vertex 33.095 -22.3188 1.6
    endloop
  endfacet
  facet normal 0 0 1
    outer loop
      vertex 32.7414 -22.33 1.6
      vertex 33.095 -22.3188 1.6
      vertex 32.7456 -22.2566 1.6
    endloop
  endfacet
  facet normal 0 0 1
    outer loop
      vertex 33.095 -22.3188 1.6
      vertex 32.7414 -22.33 1.6
      vertex 33.0922 -22.3639 1.6
    endloop
  endfacet
  facet normal 0 0 1
    outer loop
      vertex 33.0913 -22.4109 1.6
      vertex 32.8272 -22.9095 1.6
      vertex 32.8504 -22.9635 1.6
    endloop
  endfacet
  facet normal 0 -0 1
    outer loop
      vertex 32.8272 -22.9095 1.6
      vertex 33.0913 -22.4109 1.6
      vertex 32.8068 -22.8535 1.6
    endloop
  endfacet
  facet normal 0 -0 1
    outer loop
      vertex 32.8068 -22.8535 1.6
      vertex 33.0913 -22.4109 1.6
      vertex 32.7891 -22.7955 1.6
    endloop
  endfacet
  facet normal 0 0 1
    outer loop
      vertex 33.0913 -22.4109 1.6
      vertex 32.8504 -22.9635 1.6
      vertex 32.8763 -23.0155 1.6
    endloop
  endfacet
  facet normal 0 0 1
    outer loop
      vertex 33.0913 -22.4109 1.6
      vertex 32.8763 -23.0155 1.6
      vertex 32.9049 -23.0655 1.6
    endloop
  endfacet
  facet normal 0 0 1
    outer loop
      vertex 33.0913 -22.4109 1.6
      vertex 32.9049 -23.0655 1.6
      vertex 32.9362 -23.1136 1.6
    endloop
  endfacet
  facet normal 0 0 1
    outer loop
      vertex 33.0913 -22.4109 1.6
      vertex 33.0068 -23.2033 1.6
      vertex 33.0454 -23.2441 1.6
    endloop
  endfacet
  facet normal 0 0 1
    outer loop
      vertex 33.0913 -22.4109 1.6
      vertex 32.9362 -23.1136 1.6
      vertex 32.9703 -23.1597 1.6
    endloop
  endfacet
  facet normal 0 0 1
    outer loop
      vertex 33.0913 -22.4109 1.6
      vertex 32.9703 -23.1597 1.6
      vertex 33.0068 -23.2033 1.6
    endloop
  endfacet
  facet normal -0 0 1
    outer loop
      vertex 35.8269 -22.3383 1.6
      vertex 36.1815 -22.3871 1.6
      vertex 36.18 -22.3046 1.6
    endloop
  endfacet
  facet normal 0 0 1
    outer loop
      vertex 36.1815 -22.3871 1.6
      vertex 35.8279 -22.3871 1.6
      vertex 36.1802 -22.4641 1.6
    endloop
  endfacet
  facet normal -0 0 1
    outer loop
      vertex 35.8241 -22.2911 1.6
      vertex 36.18 -22.3046 1.6
      vertex 36.1755 -22.2251 1.6
    endloop
  endfacet
  facet normal 0 0 1
    outer loop
      vertex 35.8244 -22.4828 1.6
      vertex 36.1802 -22.4641 1.6
      vertex 35.8279 -22.3871 1.6
    endloop
  endfacet
  facet normal 0 0 1
    outer loop
      vertex 35.8194 -22.2455 1.6
      vertex 36.1755 -22.2251 1.6
      vertex 36.168 -22.1486 1.6
    endloop
  endfacet
  facet normal 0 0 1
    outer loop
      vertex 36.1802 -22.4641 1.6
      vertex 35.8244 -22.4828 1.6
      vertex 36.1761 -22.5385 1.6
    endloop
  endfacet
  facet normal 0 0 1
    outer loop
      vertex 35.8044 -22.1594 1.6
      vertex 36.168 -22.1486 1.6
      vertex 36.1575 -22.075 1.6
    endloop
  endfacet
  facet normal 0 0 1
    outer loop
      vertex 35.8138 -22.5718 1.6
      vertex 36.1761 -22.5385 1.6
      vertex 35.8244 -22.4828 1.6
    endloop
  endfacet
  facet normal 0 0 1
    outer loop
      vertex 35.794 -22.1188 1.6
      vertex 36.1575 -22.075 1.6
      vertex 36.144 -22.0044 1.6
    endloop
  endfacet
  facet normal 0 0 1
    outer loop
      vertex 36.1761 -22.5385 1.6
      vertex 35.8138 -22.5718 1.6
      vertex 36.1693 -22.6106 1.6
    endloop
  endfacet
  facet normal 0 0 1
    outer loop
      vertex 35.7818 -22.0798 1.6
      vertex 36.144 -22.0044 1.6
      vertex 36.1274 -21.9368 1.6
    endloop
  endfacet
  facet normal 0 0 1
    outer loop
      vertex 36.1693 -22.6106 1.6
      vertex 35.8138 -22.5718 1.6
      vertex 36.1598 -22.6803 1.6
    endloop
  endfacet
  facet normal 0 0 1
    outer loop
      vertex 35.7677 -22.0424 1.6
      vertex 36.1274 -21.9368 1.6
      vertex 36.1079 -21.8722 1.6
    endloop
  endfacet
  facet normal -0 0 1
    outer loop
      vertex 35.7963 -22.6543 1.6
      vertex 36.1598 -22.6803 1.6
      vertex 35.8138 -22.5718 1.6
    endloop
  endfacet
  facet normal 0 0 1
    outer loop
      vertex 35.7517 -22.0068 1.6
      vertex 36.1079 -21.8722 1.6
      vertex 36.0853 -21.8105 1.6
    endloop
  endfacet
  facet normal 0 0 1
    outer loop
      vertex 36.1598 -22.6803 1.6
      vertex 35.7963 -22.6543 1.6
      vertex 36.1476 -22.7475 1.6
    endloop
  endfacet
  facet normal 0 0 1
    outer loop
      vertex 35.7338 -21.9727 1.6
      vertex 36.0853 -21.8105 1.6
      vertex 36.0598 -21.7519 1.6
    endloop
  endfacet
  facet normal 0 0 1
    outer loop
      vertex 36.1476 -22.7475 1.6
      vertex 35.7963 -22.6543 1.6
      vertex 36.1327 -22.8122 1.6
    endloop
  endfacet
  facet normal 0 0 1
    outer loop
      vertex 35.714 -21.9403 1.6
      vertex 36.0598 -21.7519 1.6
      vertex 36.0312 -21.6962 1.6
    endloop
  endfacet
  facet normal -0 0 1
    outer loop
      vertex 35.7717 -22.7301 1.6
      vertex 36.1327 -22.8122 1.6
      vertex 35.7963 -22.6543 1.6
    endloop
  endfacet
  facet normal 0 0 1
    outer loop
      vertex 35.6924 -21.9095 1.6
      vertex 36.0312 -21.6962 1.6
      vertex 35.9997 -21.6434 1.6
    endloop
  endfacet
  facet normal 0 0 1
    outer loop
      vertex 36.1327 -22.8122 1.6
      vertex 35.7717 -22.7301 1.6
      vertex 36.1151 -22.8746 1.6
    endloop
  endfacet
  facet normal 0 0 1
    outer loop
      vertex 35.6689 -21.8804 1.6
      vertex 35.9997 -21.6434 1.6
      vertex 35.9651 -21.5937 1.6
    endloop
  endfacet
  facet normal 0 0 1
    outer loop
      vertex 36.1151 -22.8746 1.6
      vertex 35.7717 -22.7301 1.6
      vertex 36.0948 -22.9345 1.6
    endloop
  endfacet
  facet normal 0 0 1
    outer loop
      vertex 35.6435 -21.8532 1.6
      vertex 35.9651 -21.5937 1.6
      vertex 35.9276 -21.547 1.6
    endloop
  endfacet
  facet normal -0 0 1
    outer loop
      vertex 35.7401 -22.7994 1.6
      vertex 36.0948 -22.9345 1.6
      vertex 35.7717 -22.7301 1.6
    endloop
  endfacet
  facet normal 0 0 1
    outer loop
      vertex 35.6163 -21.8282 1.6
      vertex 35.9276 -21.547 1.6
      vertex 35.8873 -21.5034 1.6
    endloop
  endfacet
  facet normal 0 0 1
    outer loop
      vertex 36.0948 -22.9345 1.6
      vertex 35.7401 -22.7994 1.6
      vertex 36.0717 -22.992 1.6
    endloop
  endfacet
  facet normal 0 0 1
    outer loop
      vertex 35.5872 -21.8053 1.6
      vertex 35.8873 -21.5034 1.6
      vertex 35.8445 -21.4634 1.6
    endloop
  endfacet
  facet normal -0 0 1
    outer loop
      vertex 35.7015 -22.862 1.6
      vertex 36.0717 -22.992 1.6
      vertex 35.7401 -22.7994 1.6
    endloop
  endfacet
  facet normal 0 0 1
    outer loop
      vertex 36.0717 -22.992 1.6
      vertex 35.7015 -22.862 1.6
      vertex 36.046 -23.0471 1.6
    endloop
  endfacet
  facet normal 0 0 1
    outer loop
      vertex 36.1815 -22.3871 1.6
      vertex 35.8269 -22.3383 1.6
      vertex 35.8279 -22.3871 1.6
    endloop
  endfacet
  facet normal 0 0 1
    outer loop
      vertex 36.18 -22.3046 1.6
      vertex 35.8241 -22.2911 1.6
      vertex 35.8269 -22.3383 1.6
    endloop
  endfacet
  facet normal 0 0 1
    outer loop
      vertex 36.1755 -22.2251 1.6
      vertex 35.8194 -22.2455 1.6
      vertex 35.8241 -22.2911 1.6
    endloop
  endfacet
  facet normal 0 0 1
    outer loop
      vertex 36.168 -22.1486 1.6
      vertex 35.8128 -22.2016 1.6
      vertex 35.8194 -22.2455 1.6
    endloop
  endfacet
  facet normal 0 0 1
    outer loop
      vertex 36.168 -22.1486 1.6
      vertex 35.8044 -22.1594 1.6
      vertex 35.8128 -22.2016 1.6
    endloop
  endfacet
  facet normal 0 0 1
    outer loop
      vertex 35.5564 -21.7846 1.6
      vertex 35.8445 -21.4634 1.6
      vertex 35.7992 -21.4268 1.6
    endloop
  endfacet
  facet normal 0 0 1
    outer loop
      vertex 36.1575 -22.075 1.6
      vertex 35.794 -22.1188 1.6
      vertex 35.8044 -22.1594 1.6
    endloop
  endfacet
  facet normal 0 0 1
    outer loop
      vertex 36.144 -22.0044 1.6
      vertex 35.7818 -22.0798 1.6
      vertex 35.794 -22.1188 1.6
    endloop
  endfacet
  facet normal 0 0 1
    outer loop
      vertex 36.1274 -21.9368 1.6
      vertex 35.7677 -22.0424 1.6
      vertex 35.7818 -22.0798 1.6
    endloop
  endfacet
  facet normal 0 0 1
    outer loop
      vertex 36.1079 -21.8722 1.6
      vertex 35.7517 -22.0068 1.6
      vertex 35.7677 -22.0424 1.6
    endloop
  endfacet
  facet normal 0 0 1
    outer loop
      vertex 35.5564 -21.7846 1.6
      vertex 35.7992 -21.4268 1.6
      vertex 35.7515 -21.3937 1.6
    endloop
  endfacet
  facet normal 0 0 1
    outer loop
      vertex 36.0853 -21.8105 1.6
      vertex 35.7338 -21.9727 1.6
      vertex 35.7517 -22.0068 1.6
    endloop
  endfacet
  facet normal 0 0 1
    outer loop
      vertex 36.0598 -21.7519 1.6
      vertex 35.714 -21.9403 1.6
      vertex 35.7338 -21.9727 1.6
    endloop
  endfacet
  facet normal 0 0 1
    outer loop
      vertex 35.5237 -21.7661 1.6
      vertex 35.7515 -21.3937 1.6
      vertex 35.7013 -21.3641 1.6
    endloop
  endfacet
  facet normal 0 0 1
    outer loop
      vertex 36.0312 -21.6962 1.6
      vertex 35.6924 -21.9095 1.6
      vertex 35.714 -21.9403 1.6
    endloop
  endfacet
  facet normal 0 0 1
    outer loop
      vertex 35.9997 -21.6434 1.6
      vertex 35.6689 -21.8804 1.6
      vertex 35.6924 -21.9095 1.6
    endloop
  endfacet
  facet normal 0 0 1
    outer loop
      vertex 35.4892 -21.7498 1.6
      vertex 35.7013 -21.3641 1.6
      vertex 35.6486 -21.338 1.6
    endloop
  endfacet
  facet normal 0 0 1
    outer loop
      vertex 35.9651 -21.5937 1.6
      vertex 35.6435 -21.8532 1.6
      vertex 35.6689 -21.8804 1.6
    endloop
  endfacet
  facet normal 0 0 1
    outer loop
      vertex 35.9276 -21.547 1.6
      vertex 35.6163 -21.8282 1.6
      vertex 35.6435 -21.8532 1.6
    endloop
  endfacet
  facet normal 0 0 1
    outer loop
      vertex 35.4529 -21.7357 1.6
      vertex 35.6486 -21.338 1.6
      vertex 35.5935 -21.3153 1.6
    endloop
  endfacet
  facet normal 0 0 1
    outer loop
      vertex 35.8873 -21.5034 1.6
      vertex 35.5872 -21.8053 1.6
      vertex 35.6163 -21.8282 1.6
    endloop
  endfacet
  facet normal 0 0 1
    outer loop
      vertex 35.8445 -21.4634 1.6
      vertex 35.5564 -21.7846 1.6
      vertex 35.5872 -21.8053 1.6
    endloop
  endfacet
  facet normal 0 0 1
    outer loop
      vertex 35.4147 -21.7237 1.6
      vertex 35.5935 -21.3153 1.6
      vertex 35.5359 -21.2962 1.6
    endloop
  endfacet
  facet normal 0 0 1
    outer loop
      vertex 35.7515 -21.3937 1.6
      vertex 35.5237 -21.7661 1.6
      vertex 35.5564 -21.7846 1.6
    endloop
  endfacet
  facet normal 0 0 1
    outer loop
      vertex 35.7013 -21.3641 1.6
      vertex 35.4892 -21.7498 1.6
      vertex 35.5237 -21.7661 1.6
    endloop
  endfacet
  facet normal 0 0 1
    outer loop
      vertex 35.4147 -21.7237 1.6
      vertex 35.5359 -21.2962 1.6
      vertex 35.4758 -21.2805 1.6
    endloop
  endfacet
  facet normal 0 0 1
    outer loop
      vertex 35.6486 -21.338 1.6
      vertex 35.4529 -21.7357 1.6
      vertex 35.4892 -21.7498 1.6
    endloop
  endfacet
  facet normal 0 0 1
    outer loop
      vertex 35.5935 -21.3153 1.6
      vertex 35.4147 -21.7237 1.6
      vertex 35.4529 -21.7357 1.6
    endloop
  endfacet
  facet normal 0 0 1
    outer loop
      vertex 35.3747 -21.7139 1.6
      vertex 35.4758 -21.2805 1.6
      vertex 35.4133 -21.2683 1.6
    endloop
  endfacet
  facet normal 0 0 1
    outer loop
      vertex 35.4758 -21.2805 1.6
      vertex 35.3747 -21.7139 1.6
      vertex 35.4147 -21.7237 1.6
    endloop
  endfacet
  facet normal 0 0 1
    outer loop
      vertex 35.3329 -21.7063 1.6
      vertex 35.4133 -21.2683 1.6
      vertex 35.3483 -21.2596 1.6
    endloop
  endfacet
  facet normal 0 0 1
    outer loop
      vertex 35.4133 -21.2683 1.6
      vertex 35.3329 -21.7063 1.6
      vertex 35.3747 -21.7139 1.6
    endloop
  endfacet
  facet normal 0 0 1
    outer loop
      vertex 35.3483 -21.2596 1.6
      vertex 35.2893 -21.7008 1.6
      vertex 35.3329 -21.7063 1.6
    endloop
  endfacet
  facet normal 0 0 1
    outer loop
      vertex 35.2808 -21.2544 1.6
      vertex 35.2893 -21.7008 1.6
      vertex 35.3483 -21.2596 1.6
    endloop
  endfacet
  facet normal 0 0 1
    outer loop
      vertex 35.2808 -21.2544 1.6
      vertex 35.2438 -21.6976 1.6
      vertex 35.2893 -21.7008 1.6
    endloop
  endfacet
  facet normal 0 0 1
    outer loop
      vertex 35.2108 -21.2526 1.6
      vertex 35.2438 -21.6976 1.6
      vertex 35.2808 -21.2544 1.6
    endloop
  endfacet
  facet normal 0 0 1
    outer loop
      vertex 35.2108 -21.2526 1.6
      vertex 35.1965 -21.6965 1.6
      vertex 35.2438 -21.6976 1.6
    endloop
  endfacet
  facet normal -0 0 1
    outer loop
      vertex 35.1621 -21.2539 1.6
      vertex 35.1965 -21.6965 1.6
      vertex 35.2108 -21.2526 1.6
    endloop
  endfacet
  facet normal 0 0 1
    outer loop
      vertex 35.1621 -21.2539 1.6
      vertex 35.1553 -21.6977 1.6
      vertex 35.1965 -21.6965 1.6
    endloop
  endfacet
  facet normal -0 0 1
    outer loop
      vertex 35.1148 -21.2576 1.6
      vertex 35.1553 -21.6977 1.6
      vertex 35.1621 -21.2539 1.6
    endloop
  endfacet
  facet normal -0 0 1
    outer loop
      vertex 35.0687 -21.2638 1.6
      vertex 35.1553 -21.6977 1.6
      vertex 35.1148 -21.2576 1.6
    endloop
  endfacet
  facet normal 0 0 1
    outer loop
      vertex 35.1553 -21.6977 1.6
      vertex 35.0687 -21.2638 1.6
      vertex 35.1154 -21.7014 1.6
    endloop
  endfacet
  facet normal -0 0 1
    outer loop
      vertex 35.0239 -21.2724 1.6
      vertex 35.1154 -21.7014 1.6
      vertex 35.0687 -21.2638 1.6
    endloop
  endfacet
  facet normal 0 0 1
    outer loop
      vertex 35.1154 -21.7014 1.6
      vertex 35.0239 -21.2724 1.6
      vertex 35.077 -21.7077 1.6
    endloop
  endfacet
  facet normal -0 0 1
    outer loop
      vertex 34.9805 -21.2835 1.6
      vertex 35.077 -21.7077 1.6
      vertex 35.0239 -21.2724 1.6
    endloop
  endfacet
  facet normal -0 0 1
    outer loop
      vertex 34.9383 -21.2971 1.6
      vertex 35.077 -21.7077 1.6
      vertex 34.9805 -21.2835 1.6
    endloop
  endfacet
  facet normal 0 0 1
    outer loop
      vertex 35.077 -21.7077 1.6
      vertex 34.9383 -21.2971 1.6
      vertex 35.0399 -21.7164 1.6
    endloop
  endfacet
  facet normal -0 0 1
    outer loop
      vertex 34.8974 -21.3132 1.6
      vertex 35.0399 -21.7164 1.6
      vertex 34.9383 -21.2971 1.6
    endloop
  endfacet
  facet normal -0 0 1
    outer loop
      vertex 34.8578 -21.3317 1.6
      vertex 35.0399 -21.7164 1.6
      vertex 34.8974 -21.3132 1.6
    endloop
  endfacet
  facet normal 0 0 1
    outer loop
      vertex 35.0399 -21.7164 1.6
      vertex 34.8578 -21.3317 1.6
      vertex 35.0043 -21.7275 1.6
    endloop
  endfacet
  facet normal -0 0 1
    outer loop
      vertex 34.8195 -21.3528 1.6
      vertex 35.0043 -21.7275 1.6
      vertex 34.8578 -21.3317 1.6
    endloop
  endfacet
  facet normal -0 0 1
    outer loop
      vertex 34.7824 -21.3762 1.6
      vertex 35.0043 -21.7275 1.6
      vertex 34.8195 -21.3528 1.6
    endloop
  endfacet
  facet normal 0 0 1
    outer loop
      vertex 35.0043 -21.7275 1.6
      vertex 34.7824 -21.3762 1.6
      vertex 34.9701 -21.7412 1.6
    endloop
  endfacet
  facet normal -0 0 1
    outer loop
      vertex 34.7467 -21.4022 1.6
      vertex 34.9701 -21.7412 1.6
      vertex 34.7824 -21.3762 1.6
    endloop
  endfacet
  facet normal 0 0 1
    outer loop
      vertex 34.9701 -21.7412 1.6
      vertex 34.7467 -21.4022 1.6
      vertex 34.9374 -21.7574 1.6
    endloop
  endfacet
  facet normal -0 0 1
    outer loop
      vertex 34.7123 -21.4306 1.6
      vertex 34.9374 -21.7574 1.6
      vertex 34.7467 -21.4022 1.6
    endloop
  endfacet
  facet normal -0 0 1
    outer loop
      vertex 34.6791 -21.4615 1.6
      vertex 34.9374 -21.7574 1.6
      vertex 34.7123 -21.4306 1.6
    endloop
  endfacet
  facet normal 0 0 1
    outer loop
      vertex 34.9374 -21.7574 1.6
      vertex 34.6791 -21.4615 1.6
      vertex 34.906 -21.776 1.6
    endloop
  endfacet
  facet normal -0 0 1
    outer loop
      vertex 34.6477 -21.4946 1.6
      vertex 34.906 -21.776 1.6
      vertex 34.6791 -21.4615 1.6
    endloop
  endfacet
  facet normal 0 0 1
    outer loop
      vertex 34.906 -21.776 1.6
      vertex 34.6477 -21.4946 1.6
      vertex 34.8761 -21.7971 1.6
    endloop
  endfacet
  facet normal -0 0 1
    outer loop
      vertex 34.6182 -21.5297 1.6
      vertex 34.8761 -21.7971 1.6
      vertex 34.6477 -21.4946 1.6
    endloop
  endfacet
  facet normal -0 0 1
    outer loop
      vertex 34.5907 -21.5668 1.6
      vertex 34.8761 -21.7971 1.6
      vertex 34.6182 -21.5297 1.6
    endloop
  endfacet
  facet normal 0 0 1
    outer loop
      vertex 34.8761 -21.7971 1.6
      vertex 34.5907 -21.5668 1.6
      vertex 34.8476 -21.8208 1.6
    endloop
  endfacet
  facet normal -0 0 1
    outer loop
      vertex 34.5653 -21.6058 1.6
      vertex 34.8476 -21.8208 1.6
      vertex 34.5907 -21.5668 1.6
    endloop
  endfacet
  facet normal 0 0 1
    outer loop
      vertex 34.8476 -21.8208 1.6
      vertex 34.5653 -21.6058 1.6
      vertex 34.8205 -21.8468 1.6
    endloop
  endfacet
  facet normal -0 0 1
    outer loop
      vertex 34.5419 -21.6467 1.6
      vertex 34.8205 -21.8468 1.6
      vertex 34.5653 -21.6058 1.6
    endloop
  endfacet
  facet normal -0 0 1
    outer loop
      vertex 34.5206 -21.6897 1.6
      vertex 34.8205 -21.8468 1.6
      vertex 34.5419 -21.6467 1.6
    endloop
  endfacet
  facet normal 0 0 1
    outer loop
      vertex 34.8205 -21.8468 1.6
      vertex 34.5206 -21.6897 1.6
      vertex 34.7948 -21.8754 1.6
    endloop
  endfacet
  facet normal -0 0 1
    outer loop
      vertex 34.5012 -21.7346 1.6
      vertex 34.7948 -21.8754 1.6
      vertex 34.5206 -21.6897 1.6
    endloop
  endfacet
  facet normal 0 0 1
    outer loop
      vertex 34.7948 -21.8754 1.6
      vertex 34.5012 -21.7346 1.6
      vertex 34.7705 -21.9065 1.6
    endloop
  endfacet
  facet normal -0 0 1
    outer loop
      vertex 34.4839 -21.7815 1.6
      vertex 34.7705 -21.9065 1.6
      vertex 34.5012 -21.7346 1.6
    endloop
  endfacet
  facet normal 0 0 1
    outer loop
      vertex 34.7705 -21.9065 1.6
      vertex 34.4839 -21.7815 1.6
      vertex 34.7479 -21.9399 1.6
    endloop
  endfacet
  facet normal -0 0 1
    outer loop
      vertex 34.4686 -21.8303 1.6
      vertex 34.7479 -21.9399 1.6
      vertex 34.4839 -21.7815 1.6
    endloop
  endfacet
  facet normal 0 0 1
    outer loop
      vertex 34.7479 -21.9399 1.6
      vertex 34.4686 -21.8303 1.6
      vertex 34.7271 -21.9755 1.6
    endloop
  endfacet
  facet normal -0 0 1
    outer loop
      vertex 34.4553 -21.8811 1.6
      vertex 34.7271 -21.9755 1.6
      vertex 34.4686 -21.8303 1.6
    endloop
  endfacet
  facet normal 0 0 1
    outer loop
      vertex 34.7271 -21.9755 1.6
      vertex 34.4553 -21.8811 1.6
      vertex 34.708 -22.0134 1.6
    endloop
  endfacet
  facet normal -0 0 1
    outer loop
      vertex 34.444 -21.9339 1.6
      vertex 34.708 -22.0134 1.6
      vertex 34.4553 -21.8811 1.6
    endloop
  endfacet
  facet normal 0 0 1
    outer loop
      vertex 34.708 -22.0134 1.6
      vertex 34.444 -21.9339 1.6
      vertex 34.6908 -22.0534 1.6
    endloop
  endfacet
  facet normal -0 0 1
    outer loop
      vertex 34.4348 -21.9886 1.6
      vertex 34.6908 -22.0534 1.6
      vertex 34.444 -21.9339 1.6
    endloop
  endfacet
  facet normal 0 0 1
    outer loop
      vertex 34.65 -22.1867 1.6
      vertex 34.4276 -22.0453 1.6
      vertex 34.6401 -22.2356 1.6
    endloop
  endfacet
  facet normal -0 0 1
    outer loop
      vertex 34.4276 -22.0453 1.6
      vertex 34.6754 -22.0956 1.6
      vertex 34.4348 -21.9886 1.6
    endloop
  endfacet
  facet normal 0 0 1
    outer loop
      vertex 34.6908 -22.0534 1.6
      vertex 34.4348 -21.9886 1.6
      vertex 34.6754 -22.0956 1.6
    endloop
  endfacet
  facet normal 0 0 1
    outer loop
      vertex 34.6754 -22.0956 1.6
      vertex 34.4276 -22.0453 1.6
      vertex 34.6618 -22.1401 1.6
    endloop
  endfacet
  facet normal 0 0 1
    outer loop
      vertex 34.6618 -22.1401 1.6
      vertex 34.4276 -22.0453 1.6
      vertex 34.65 -22.1867 1.6
    endloop
  endfacet
  facet normal 0 0 1
    outer loop
      vertex 34.6401 -22.2356 1.6
      vertex 34.4276 -22.0453 1.6
      vertex 34.6319 -22.2866 1.6
    endloop
  endfacet
  facet normal -0 0 1
    outer loop
      vertex 34.4181 -22.0453 1.6
      vertex 34.6319 -22.2866 1.6
      vertex 34.4276 -22.0453 1.6
    endloop
  endfacet
  facet normal 0 0 1
    outer loop
      vertex 34.2463 -22.4693 1.6
      vertex 34.6319 -22.2866 1.6
      vertex 34.4181 -22.0453 1.6
    endloop
  endfacet
  facet normal 0 0 1
    outer loop
      vertex 34.6319 -22.2866 1.6
      vertex 34.2463 -22.4693 1.6
      vertex 34.6256 -22.3399 1.6
    endloop
  endfacet
  facet normal 0 0 1
    outer loop
      vertex 34.2463 -22.4693 1.6
      vertex 34.6211 -22.3954 1.6
      vertex 34.6256 -22.3399 1.6
    endloop
  endfacet
  facet normal -0 0 1
    outer loop
      vertex 34.2463 -22.4693 1.6
      vertex 34.6174 -22.5129 1.6
      vertex 34.6183 -22.453 1.6
    endloop
  endfacet
  facet normal 0 0 1
    outer loop
      vertex 34.2463 -22.4693 1.6
      vertex 34.6183 -22.453 1.6
      vertex 34.6211 -22.3954 1.6
    endloop
  endfacet
  facet normal 0 0 1
    outer loop
      vertex 34.2463 -22.4693 1.6
      vertex 34.4064 -21.9937 1.6
      vertex 34.3931 -21.944 1.6
    endloop
  endfacet
  facet normal 0 0 1
    outer loop
      vertex 34.2463 -22.4693 1.6
      vertex 34.3931 -21.944 1.6
      vertex 34.3783 -21.8963 1.6
    endloop
  endfacet
  facet normal 0 0 1
    outer loop
      vertex 34.2463 -22.4693 1.6
      vertex 34.3783 -21.8963 1.6
      vertex 34.362 -21.8504 1.6
    endloop
  endfacet
  facet normal 0 0 1
    outer loop
      vertex 34.2463 -22.4693 1.6
      vertex 34.4181 -22.0453 1.6
      vertex 34.4064 -21.9937 1.6
    endloop
  endfacet
  facet normal 0 0 1
    outer loop
      vertex 34.2463 -22.4693 1.6
      vertex 34.362 -21.8504 1.6
      vertex 34.3442 -21.8065 1.6
    endloop
  endfacet
  facet normal 0 0 1
    outer loop
      vertex 34.2463 -22.4693 1.6
      vertex 34.3442 -21.8065 1.6
      vertex 34.3248 -21.7645 1.6
    endloop
  endfacet
  facet normal 0 0 1
    outer loop
      vertex 34.2463 -22.4693 1.6
      vertex 34.3248 -21.7645 1.6
      vertex 34.3039 -21.7244 1.6
    endloop
  endfacet
  facet normal 0 0 1
    outer loop
      vertex 34.2463 -22.4693 1.6
      vertex 34.3039 -21.7244 1.6
      vertex 34.2814 -21.6863 1.6
    endloop
  endfacet
  facet normal 0 0 1
    outer loop
      vertex 34.0172 -21.8987 1.6
      vertex 34.2814 -21.6863 1.6
      vertex 34.2575 -21.65 1.6
    endloop
  endfacet
  facet normal 0 0 1
    outer loop
      vertex 34.6174 -22.5129 1.6
      vertex 34.2472 -22.5224 1.6
      vertex 34.6174 -22.755 1.6
    endloop
  endfacet
  facet normal 0 0 1
    outer loop
      vertex 34.6174 -22.755 1.6
      vertex 34.2472 -22.5224 1.6
      vertex 34.2472 -22.755 1.6
    endloop
  endfacet
  facet normal 0 0 1
    outer loop
      vertex 36.046 -23.0471 1.6
      vertex 35.7015 -22.862 1.6
      vertex 36.0175 -23.0997 1.6
    endloop
  endfacet
  facet normal -0 0 1
    outer loop
      vertex 35.6558 -22.9181 1.6
      vertex 36.0175 -23.0997 1.6
      vertex 35.7015 -22.862 1.6
    endloop
  endfacet
  facet normal 0 0 1
    outer loop
      vertex 36.0175 -23.0997 1.6
      vertex 35.6558 -22.9181 1.6
      vertex 35.9864 -23.1499 1.6
    endloop
  endfacet
  facet normal 0 0 1
    outer loop
      vertex 35.9864 -23.1499 1.6
      vertex 35.6558 -22.9181 1.6
      vertex 35.9525 -23.1977 1.6
    endloop
  endfacet
  facet normal 0 0 1
    outer loop
      vertex 35.9525 -23.1977 1.6
      vertex 35.6558 -22.9181 1.6
      vertex 35.9159 -23.2428 1.6
    endloop
  endfacet
  facet normal -0 0 1
    outer loop
      vertex 35.6032 -22.9675 1.6
      vertex 35.9159 -23.2428 1.6
      vertex 35.6558 -22.9181 1.6
    endloop
  endfacet
  facet normal 0 0 1
    outer loop
      vertex 35.9159 -23.2428 1.6
      vertex 35.6032 -22.9675 1.6
      vertex 35.8768 -23.285 1.6
    endloop
  endfacet
  facet normal 0 0 1
    outer loop
      vertex 35.8768 -23.285 1.6
      vertex 35.6032 -22.9675 1.6
      vertex 35.8351 -23.3242 1.6
    endloop
  endfacet
  facet normal -0 0 1
    outer loop
      vertex 35.5435 -23.0104 1.6
      vertex 35.8351 -23.3242 1.6
      vertex 35.6032 -22.9675 1.6
    endloop
  endfacet
  facet normal 0 0 1
    outer loop
      vertex 35.8351 -23.3242 1.6
      vertex 35.5435 -23.0104 1.6
      vertex 35.7907 -23.3606 1.6
    endloop
  endfacet
  facet normal 0 0 1
    outer loop
      vertex 35.7907 -23.3606 1.6
      vertex 35.5435 -23.0104 1.6
      vertex 35.7438 -23.3941 1.6
    endloop
  endfacet
  facet normal -0 0 1
    outer loop
      vertex 35.4768 -23.0466 1.6
      vertex 35.7438 -23.3941 1.6
      vertex 35.5435 -23.0104 1.6
    endloop
  endfacet
  facet normal 0 0 1
    outer loop
      vertex 35.7438 -23.3941 1.6
      vertex 35.4768 -23.0466 1.6
      vertex 35.6943 -23.4247 1.6
    endloop
  endfacet
  facet normal 0 0 1
    outer loop
      vertex 35.6943 -23.4247 1.6
      vertex 35.4768 -23.0466 1.6
      vertex 35.6422 -23.4523 1.6
    endloop
  endfacet
  facet normal 0 0 1
    outer loop
      vertex 35.6422 -23.4523 1.6
      vertex 35.4768 -23.0466 1.6
      vertex 35.5874 -23.4771 1.6
    endloop
  endfacet
  facet normal -0 0 1
    outer loop
      vertex 35.403 -23.0763 1.6
      vertex 35.5874 -23.4771 1.6
      vertex 35.4768 -23.0466 1.6
    endloop
  endfacet
  facet normal 0 0 1
    outer loop
      vertex 35.5874 -23.4771 1.6
      vertex 35.403 -23.0763 1.6
      vertex 35.5301 -23.4989 1.6
    endloop
  endfacet
  facet normal 0 0 1
    outer loop
      vertex 35.5301 -23.4989 1.6
      vertex 35.403 -23.0763 1.6
      vertex 35.4702 -23.5179 1.6
    endloop
  endfacet
  facet normal -0 0 1
    outer loop
      vertex 35.3223 -23.0993 1.6
      vertex 35.4702 -23.5179 1.6
      vertex 35.403 -23.0763 1.6
    endloop
  endfacet
  facet normal 0 0 1
    outer loop
      vertex 35.4702 -23.5179 1.6
      vertex 35.3223 -23.0993 1.6
      vertex 35.4077 -23.5339 1.6
    endloop
  endfacet
  facet normal 0 0 1
    outer loop
      vertex 35.4077 -23.5339 1.6
      vertex 35.3223 -23.0993 1.6
      vertex 35.3426 -23.547 1.6
    endloop
  endfacet
  facet normal -0 0 1
    outer loop
      vertex 35.2345 -23.1158 1.6
      vertex 35.3426 -23.547 1.6
      vertex 35.3223 -23.0993 1.6
    endloop
  endfacet
  facet normal 0 0 1
    outer loop
      vertex 35.3426 -23.547 1.6
      vertex 35.2345 -23.1158 1.6
      vertex 35.2749 -23.5573 1.6
    endloop
  endfacet
  facet normal 0 0 1
    outer loop
      vertex 33.549 -23.4915 1.6
      vertex 33.6443 -23.0707 1.6
      vertex 33.6045 -23.0654 1.6
    endloop
  endfacet
  facet normal 0 0 1
    outer loop
      vertex 33.489 -23.4798 1.6
      vertex 33.6045 -23.0654 1.6
      vertex 33.5661 -23.0585 1.6
    endloop
  endfacet
  facet normal 0 0 1
    outer loop
      vertex 33.6443 -23.0707 1.6
      vertex 33.549 -23.4915 1.6
      vertex 33.6111 -23.5003 1.6
    endloop
  endfacet
  facet normal 0 0 1
    outer loop
      vertex 33.4312 -23.4653 1.6
      vertex 33.5661 -23.0585 1.6
      vertex 33.5291 -23.0498 1.6
    endloop
  endfacet
  facet normal 0 0 1
    outer loop
      vertex 33.3755 -23.4478 1.6
      vertex 33.5291 -23.0498 1.6
      vertex 33.4934 -23.0393 1.6
    endloop
  endfacet
  facet normal 0 0 1
    outer loop
      vertex 33.6045 -23.0654 1.6
      vertex 33.489 -23.4798 1.6
      vertex 33.549 -23.4915 1.6
    endloop
  endfacet
  facet normal 0 0 1
    outer loop
      vertex 33.3219 -23.4274 1.6
      vertex 33.4934 -23.0393 1.6
      vertex 33.4592 -23.0272 1.6
    endloop
  endfacet
  facet normal 0 0 1
    outer loop
      vertex 33.5661 -23.0585 1.6
      vertex 33.4312 -23.4653 1.6
      vertex 33.489 -23.4798 1.6
    endloop
  endfacet
  facet normal 0 0 1
    outer loop
      vertex 33.2705 -23.4041 1.6
      vertex 33.4592 -23.0272 1.6
      vertex 33.4264 -23.0133 1.6
    endloop
  endfacet
  facet normal 0 0 1
    outer loop
      vertex 33.2212 -23.3779 1.6
      vertex 33.4264 -23.0133 1.6
      vertex 33.395 -22.9977 1.6
    endloop
  endfacet
  facet normal 0 0 1
    outer loop
      vertex 33.5291 -23.0498 1.6
      vertex 33.3755 -23.4478 1.6
      vertex 33.4312 -23.4653 1.6
    endloop
  endfacet
  facet normal 0 0 1
    outer loop
      vertex 33.1741 -23.3488 1.6
      vertex 33.395 -22.9977 1.6
      vertex 33.365 -22.9803 1.6
    endloop
  endfacet
  facet normal 0 0 1
    outer loop
      vertex 33.129 -23.3168 1.6
      vertex 33.365 -22.9803 1.6
      vertex 33.3364 -22.9613 1.6
    endloop
  endfacet
  facet normal 0 0 1
    outer loop
      vertex 33.4934 -23.0393 1.6
      vertex 33.3219 -23.4274 1.6
      vertex 33.3755 -23.4478 1.6
    endloop
  endfacet
  facet normal 0 0 1
    outer loop
      vertex 33.0862 -23.2819 1.6
      vertex 33.3364 -22.9613 1.6
      vertex 33.3092 -22.9405 1.6
    endloop
  endfacet
  facet normal 0 0 1
    outer loop
      vertex 33.0862 -23.2819 1.6
      vertex 33.3092 -22.9405 1.6
      vertex 33.2835 -22.918 1.6
    endloop
  endfacet
  facet normal 0 0 1
    outer loop
      vertex 33.4592 -23.0272 1.6
      vertex 33.2705 -23.4041 1.6
      vertex 33.3219 -23.4274 1.6
    endloop
  endfacet
  facet normal 0 0 1
    outer loop
      vertex 33.0862 -23.2819 1.6
      vertex 33.2835 -22.918 1.6
      vertex 33.2591 -22.8937 1.6
    endloop
  endfacet
  facet normal 0 0 1
    outer loop
      vertex 33.0862 -23.2819 1.6
      vertex 33.2591 -22.8937 1.6
      vertex 33.2361 -22.8678 1.6
    endloop
  endfacet
  facet normal 0 0 1
    outer loop
      vertex 33.4264 -23.0133 1.6
      vertex 33.2212 -23.3779 1.6
      vertex 33.2705 -23.4041 1.6
    endloop
  endfacet
  facet normal 0 0 1
    outer loop
      vertex 33.0862 -23.2819 1.6
      vertex 33.2361 -22.8678 1.6
      vertex 33.2147 -22.8403 1.6
    endloop
  endfacet
  facet normal 0 0 1
    outer loop
      vertex 33.0862 -23.2819 1.6
      vertex 33.2147 -22.8403 1.6
      vertex 33.195 -22.8115 1.6
    endloop
  endfacet
  facet normal 0 0 1
    outer loop
      vertex 33.0862 -23.2819 1.6
      vertex 33.195 -22.8115 1.6
      vertex 33.177 -22.7815 1.6
    endloop
  endfacet
  facet normal 0 0 1
    outer loop
      vertex 33.395 -22.9977 1.6
      vertex 33.1741 -23.3488 1.6
      vertex 33.2212 -23.3779 1.6
    endloop
  endfacet
  facet normal 0 0 1
    outer loop
      vertex 33.0862 -23.2819 1.6
      vertex 33.177 -22.7815 1.6
      vertex 33.1607 -22.7502 1.6
    endloop
  endfacet
  facet normal 0 0 1
    outer loop
      vertex 33.0862 -23.2819 1.6
      vertex 33.1607 -22.7502 1.6
      vertex 33.1461 -22.7176 1.6
    endloop
  endfacet
  facet normal 0 0 1
    outer loop
      vertex 33.0862 -23.2819 1.6
      vertex 33.1461 -22.7176 1.6
      vertex 33.1333 -22.6837 1.6
    endloop
  endfacet
  facet normal 0 0 1
    outer loop
      vertex 33.365 -22.9803 1.6
      vertex 33.129 -23.3168 1.6
      vertex 33.1741 -23.3488 1.6
    endloop
  endfacet
  facet normal 0 0 1
    outer loop
      vertex 33.0862 -23.2819 1.6
      vertex 33.1333 -22.6837 1.6
      vertex 33.1221 -22.6486 1.6
    endloop
  endfacet
  facet normal 0 0 1
    outer loop
      vertex 33.0862 -23.2819 1.6
      vertex 33.1221 -22.6486 1.6
      vertex 33.1127 -22.6122 1.6
    endloop
  endfacet
  facet normal 0 0 1
    outer loop
      vertex 33.0862 -23.2819 1.6
      vertex 33.1127 -22.6122 1.6
      vertex 33.105 -22.5744 1.6
    endloop
  endfacet
  facet normal 0 0 1
    outer loop
      vertex 33.0862 -23.2819 1.6
      vertex 33.105 -22.5744 1.6
      vertex 33.099 -22.5355 1.6
    endloop
  endfacet
  facet normal 0 0 1
    outer loop
      vertex 33.0862 -23.2819 1.6
      vertex 33.099 -22.5355 1.6
      vertex 33.0947 -22.4952 1.6
    endloop
  endfacet
  facet normal 0 0 1
    outer loop
      vertex 33.0862 -23.2819 1.6
      vertex 33.0947 -22.4952 1.6
      vertex 33.0922 -22.4537 1.6
    endloop
  endfacet
  facet normal 0 0 1
    outer loop
      vertex 33.3364 -22.9613 1.6
      vertex 33.0862 -23.2819 1.6
      vertex 33.129 -23.3168 1.6
    endloop
  endfacet
  facet normal 0 0 1
    outer loop
      vertex 33.0862 -23.2819 1.6
      vertex 33.0922 -22.4537 1.6
      vertex 33.0913 -22.4109 1.6
    endloop
  endfacet
  facet normal 0 0 1
    outer loop
      vertex 36.134 -17.3736 1.6
      vertex 34.5059 -17.796 1.6
      vertex 36.134 -17.796 1.6
    endloop
  endfacet
  facet normal -0 0 1
    outer loop
      vertex 34.4228 -17.3736 1.6
      vertex 34.5059 -17.796 1.6
      vertex 36.134 -17.3736 1.6
    endloop
  endfacet
  facet normal 0 0 1
    outer loop
      vertex 34.5059 -17.796 1.6
      vertex 34.4228 -17.3736 1.6
      vertex 34.4499 -17.7966 1.6
    endloop
  endfacet
  facet normal 0 0 1
    outer loop
      vertex 34.4228 -17.3736 1.6
      vertex 34.3967 -17.7984 1.6
      vertex 34.4499 -17.7966 1.6
    endloop
  endfacet
  facet normal -0 0 1
    outer loop
      vertex 34.3503 -17.3746 1.6
      vertex 34.3967 -17.7984 1.6
      vertex 34.4228 -17.3736 1.6
    endloop
  endfacet
  facet normal 0 0 1
    outer loop
      vertex 34.3503 -17.3746 1.6
      vertex 34.3462 -17.8015 1.6
      vertex 34.3967 -17.7984 1.6
    endloop
  endfacet
  facet normal -0 0 1
    outer loop
      vertex 34.281 -17.3778 1.6
      vertex 34.3462 -17.8015 1.6
      vertex 34.3503 -17.3746 1.6
    endloop
  endfacet
  facet normal 0 0 1
    outer loop
      vertex 34.3462 -17.8015 1.6
      vertex 34.281 -17.3778 1.6
      vertex 34.2984 -17.8057 1.6
    endloop
  endfacet
  facet normal -0 0 1
    outer loop
      vertex 34.2148 -17.383 1.6
      vertex 34.2984 -17.8057 1.6
      vertex 34.281 -17.3778 1.6
    endloop
  endfacet
  facet normal 0 0 1
    outer loop
      vertex 34.2984 -17.8057 1.6
      vertex 34.2148 -17.383 1.6
      vertex 34.2533 -17.8111 1.6
    endloop
  endfacet
  facet normal -0 0 1
    outer loop
      vertex 34.1519 -17.3903 1.6
      vertex 34.2533 -17.8111 1.6
      vertex 34.2148 -17.383 1.6
    endloop
  endfacet
  facet normal 0 0 1
    outer loop
      vertex 34.2533 -17.8111 1.6
      vertex 34.1519 -17.3903 1.6
      vertex 34.211 -17.8178 1.6
    endloop
  endfacet
  facet normal -0 0 1
    outer loop
      vertex 34.0922 -17.3997 1.6
      vertex 34.211 -17.8178 1.6
      vertex 34.1519 -17.3903 1.6
    endloop
  endfacet
  facet normal 0 0 1
    outer loop
      vertex 34.211 -17.8178 1.6
      vertex 34.0922 -17.3997 1.6
      vertex 34.1714 -17.8256 1.6
    endloop
  endfacet
  facet normal -0 0 1
    outer loop
      vertex 34.0357 -17.4112 1.6
      vertex 34.1714 -17.8256 1.6
      vertex 34.0922 -17.3997 1.6
    endloop
  endfacet
  facet normal 0 0 1
    outer loop
      vertex 34.1714 -17.8256 1.6
      vertex 34.0357 -17.4112 1.6
      vertex 34.1345 -17.8347 1.6
    endloop
  endfacet
  facet normal -0 0 1
    outer loop
      vertex 33.9824 -17.4249 1.6
      vertex 34.1345 -17.8347 1.6
      vertex 34.0357 -17.4112 1.6
    endloop
  endfacet
  facet normal 0 0 1
    outer loop
      vertex 34.1345 -17.8347 1.6
      vertex 33.9824 -17.4249 1.6
      vertex 34.1003 -17.8449 1.6
    endloop
  endfacet
  facet normal -0 0 1
    outer loop
      vertex 33.9323 -17.4405 1.6
      vertex 34.1003 -17.8449 1.6
      vertex 33.9824 -17.4249 1.6
    endloop
  endfacet
  facet normal 0 0 1
    outer loop
      vertex 34.1003 -17.8449 1.6
      vertex 33.9323 -17.4405 1.6
      vertex 34.0689 -17.8564 1.6
    endloop
  endfacet
  facet normal -0 0 1
    outer loop
      vertex 33.8854 -17.4583 1.6
      vertex 34.0689 -17.8564 1.6
      vertex 33.9323 -17.4405 1.6
    endloop
  endfacet
  facet normal 0 0 1
    outer loop
      vertex 34.0689 -17.8564 1.6
      vertex 33.8854 -17.4583 1.6
      vertex 34.0401 -17.8691 1.6
    endloop
  endfacet
  facet normal -0 0 1
    outer loop
      vertex 33.8417 -17.4782 1.6
      vertex 34.0401 -17.8691 1.6
      vertex 33.8854 -17.4583 1.6
    endloop
  endfacet
  facet normal -0 0 1
    outer loop
      vertex 33.8012 -17.5002 1.6
      vertex 34.0401 -17.8691 1.6
      vertex 33.8417 -17.4782 1.6
    endloop
  endfacet
  facet normal 0 0 1
    outer loop
      vertex 34.0401 -17.8691 1.6
      vertex 33.8012 -17.5002 1.6
      vertex 34.0141 -17.883 1.6
    endloop
  endfacet
  facet normal -0 0 1
    outer loop
      vertex 33.7639 -17.5242 1.6
      vertex 34.0141 -17.883 1.6
      vertex 33.8012 -17.5002 1.6
    endloop
  endfacet
  facet normal 0 0 1
    outer loop
      vertex 34.0141 -17.883 1.6
      vertex 33.7639 -17.5242 1.6
      vertex 33.9909 -17.8981 1.6
    endloop
  endfacet
  facet normal -0 0 1
    outer loop
      vertex 33.7298 -17.5504 1.6
      vertex 33.9909 -17.8981 1.6
      vertex 33.7639 -17.5242 1.6
    endloop
  endfacet
  facet normal -0 0 1
    outer loop
      vertex 33.6985 -17.5789 1.6
      vertex 33.9909 -17.8981 1.6
      vertex 33.7298 -17.5504 1.6
    endloop
  endfacet
  facet normal 0 0 1
    outer loop
      vertex 33.9909 -17.8981 1.6
      vertex 33.6985 -17.5789 1.6
      vertex 33.9698 -17.9148 1.6
    endloop
  endfacet
  facet normal -0 0 1
    outer loop
      vertex 33.6698 -17.6098 1.6
      vertex 33.9698 -17.9148 1.6
      vertex 33.6985 -17.5789 1.6
    endloop
  endfacet
  facet normal -0 0 1
    outer loop
      vertex 33.6435 -17.6433 1.6
      vertex 33.9698 -17.9148 1.6
      vertex 33.6698 -17.6098 1.6
    endloop
  endfacet
  facet normal 0 0 1
    outer loop
      vertex 33.9698 -17.9148 1.6
      vertex 33.6435 -17.6433 1.6
      vertex 33.9504 -17.9334 1.6
    endloop
  endfacet
  facet normal -0 0 1
    outer loop
      vertex 33.6198 -17.6793 1.6
      vertex 33.9504 -17.9334 1.6
      vertex 33.6435 -17.6433 1.6
    endloop
  endfacet
  facet normal -0 0 1
    outer loop
      vertex 33.5985 -17.7178 1.6
      vertex 33.9504 -17.9334 1.6
      vertex 33.6198 -17.6793 1.6
    endloop
  endfacet
  facet normal 0 0 1
    outer loop
      vertex 33.9504 -17.9334 1.6
      vertex 33.5985 -17.7178 1.6
      vertex 33.9327 -17.9539 1.6
    endloop
  endfacet
  facet normal 0 0 1
    outer loop
      vertex 33.9327 -17.9539 1.6
      vertex 33.5798 -17.7589 1.6
      vertex 33.9167 -17.9764 1.6
    endloop
  endfacet
  facet normal -0 0 1
    outer loop
      vertex 33.5798 -17.7589 1.6
      vertex 33.9327 -17.9539 1.6
      vertex 33.5985 -17.7178 1.6
    endloop
  endfacet
  facet normal -0 0 1
    outer loop
      vertex 34.6459 -18.8569 1.6
      vertex 36.134 -19.2794 1.6
      vertex 36.134 -18.8569 1.6
    endloop
  endfacet
  facet normal 0 0 1
    outer loop
      vertex 34.5059 -19.2794 1.6
      vertex 34.6459 -18.8569 1.6
      vertex 34.5882 -18.856 1.6
    endloop
  endfacet
  facet normal 0 0 1
    outer loop
      vertex 34.5059 -19.2794 1.6
      vertex 34.5882 -18.856 1.6
      vertex 34.5325 -18.8533 1.6
    endloop
  endfacet
  facet normal 0 0 1
    outer loop
      vertex 34.6459 -18.8569 1.6
      vertex 34.5059 -19.2794 1.6
      vertex 36.134 -19.2794 1.6
    endloop
  endfacet
  facet normal 0 0 1
    outer loop
      vertex 34.4789 -18.8487 1.6
      vertex 34.5059 -19.2794 1.6
      vertex 34.5325 -18.8533 1.6
    endloop
  endfacet
  facet normal 0 0 1
    outer loop
      vertex 34.4789 -18.8487 1.6
      vertex 34.4499 -19.28 1.6
      vertex 34.5059 -19.2794 1.6
    endloop
  endfacet
  facet normal 0 0 1
    outer loop
      vertex 34.4273 -18.8422 1.6
      vertex 34.4499 -19.28 1.6
      vertex 34.4789 -18.8487 1.6
    endloop
  endfacet
  facet normal 0 0 1
    outer loop
      vertex 34.4273 -18.8422 1.6
      vertex 34.3967 -19.2818 1.6
      vertex 34.4499 -19.28 1.6
    endloop
  endfacet
  facet normal 0 0 1
    outer loop
      vertex 34.3778 -18.834 1.6
      vertex 34.3967 -19.2818 1.6
      vertex 34.4273 -18.8422 1.6
    endloop
  endfacet
  facet normal 0 0 1
    outer loop
      vertex 34.3778 -18.834 1.6
      vertex 34.3462 -19.2849 1.6
      vertex 34.3967 -19.2818 1.6
    endloop
  endfacet
  facet normal 0 0 1
    outer loop
      vertex 34.3304 -18.8238 1.6
      vertex 34.3462 -19.2849 1.6
      vertex 34.3778 -18.834 1.6
    endloop
  endfacet
  facet normal 0 0 1
    outer loop
      vertex 34.3304 -18.8238 1.6
      vertex 34.2984 -19.2891 1.6
      vertex 34.3462 -19.2849 1.6
    endloop
  endfacet
  facet normal 0 0 1
    outer loop
      vertex 34.285 -18.8119 1.6
      vertex 34.2984 -19.2891 1.6
      vertex 34.3304 -18.8238 1.6
    endloop
  endfacet
  facet normal 0 0 1
    outer loop
      vertex 34.285 -18.8119 1.6
      vertex 34.2533 -19.2945 1.6
      vertex 34.2984 -19.2891 1.6
    endloop
  endfacet
  facet normal 0 0 1
    outer loop
      vertex 34.0051 -18.9021 1.6
      vertex 34.285 -18.8119 1.6
      vertex 34.2417 -18.7981 1.6
    endloop
  endfacet
  facet normal 0 0 1
    outer loop
      vertex 34.285 -18.8119 1.6
      vertex 34.0051 -18.9021 1.6
      vertex 34.2533 -19.2945 1.6
    endloop
  endfacet
  facet normal 0 0 1
    outer loop
      vertex 34.0051 -18.9021 1.6
      vertex 34.2417 -18.7981 1.6
      vertex 34.2005 -18.7825 1.6
    endloop
  endfacet
  facet normal 0 0 1
    outer loop
      vertex 34.2533 -19.2945 1.6
      vertex 34.0051 -18.9021 1.6
      vertex 34.211 -19.3012 1.6
    endloop
  endfacet
  facet normal 0 0 1
    outer loop
      vertex 34.0051 -18.8949 1.6
      vertex 34.2005 -18.7825 1.6
      vertex 34.1613 -18.765 1.6
    endloop
  endfacet
  facet normal 0 0 1
    outer loop
      vertex 34.211 -19.3012 1.6
      vertex 34.0051 -18.9021 1.6
      vertex 34.1714 -19.309 1.6
    endloop
  endfacet
  facet normal 0 0 1
    outer loop
      vertex 34.0051 -18.8949 1.6
      vertex 34.1613 -18.765 1.6
      vertex 34.1242 -18.7457 1.6
    endloop
  endfacet
  facet normal 0 0 1
    outer loop
      vertex 34.1714 -19.309 1.6
      vertex 34.0051 -18.9021 1.6
      vertex 34.1345 -19.3181 1.6
    endloop
  endfacet
  facet normal 0 0 1
    outer loop
      vertex 34.0051 -18.8949 1.6
      vertex 34.1242 -18.7457 1.6
      vertex 34.0891 -18.7245 1.6
    endloop
  endfacet
  facet normal 0 0 1
    outer loop
      vertex 34.1345 -19.3181 1.6
      vertex 34.0051 -18.9021 1.6
      vertex 34.1003 -19.3283 1.6
    endloop
  endfacet
  facet normal 0 0 1
    outer loop
      vertex 33.9662 -18.8741 1.6
      vertex 34.0891 -18.7245 1.6
      vertex 34.0562 -18.7015 1.6
    endloop
  endfacet
  facet normal -0 0 1
    outer loop
      vertex 33.9668 -18.9129 1.6
      vertex 34.1003 -19.3283 1.6
      vertex 34.0051 -18.9021 1.6
    endloop
  endfacet
  facet normal 0 0 1
    outer loop
      vertex 33.9289 -18.8527 1.6
      vertex 34.0562 -18.7015 1.6
      vertex 34.0254 -18.6769 1.6
    endloop
  endfacet
  facet normal -0 0 1
    outer loop
      vertex 33.9302 -18.925 1.6
      vertex 34.1003 -19.3283 1.6
      vertex 33.9668 -18.9129 1.6
    endloop
  endfacet
  facet normal 0 0 1
    outer loop
      vertex 34.2005 -18.7825 1.6
      vertex 34.0051 -18.8949 1.6
      vertex 34.0051 -18.9021 1.6
    endloop
  endfacet
  facet normal 0 0 1
    outer loop
      vertex 33.8934 -18.8306 1.6
      vertex 34.0254 -18.6769 1.6
      vertex 33.9972 -18.6507 1.6
    endloop
  endfacet
  facet normal 0 0 1
    outer loop
      vertex 33.8596 -18.8079 1.6
      vertex 33.9972 -18.6507 1.6
      vertex 33.9714 -18.6231 1.6
    endloop
  endfacet
  facet normal 0 0 1
    outer loop
      vertex 34.0891 -18.7245 1.6
      vertex 33.9662 -18.8741 1.6
      vertex 34.0051 -18.8949 1.6
    endloop
  endfacet
  facet normal 0 0 1
    outer loop
      vertex 33.7971 -18.7604 1.6
      vertex 33.9714 -18.6231 1.6
      vertex 33.948 -18.594 1.6
    endloop
  endfacet
  facet normal 0 0 1
    outer loop
      vertex 34.0562 -18.7015 1.6
      vertex 33.9289 -18.8527 1.6
      vertex 33.9662 -18.8741 1.6
    endloop
  endfacet
  facet normal 0 0 1
    outer loop
      vertex 33.7685 -18.7356 1.6
      vertex 33.948 -18.594 1.6
      vertex 33.9271 -18.5635 1.6
    endloop
  endfacet
  facet normal 0 0 1
    outer loop
      vertex 33.7163 -18.6842 1.6
      vertex 33.9271 -18.5635 1.6
      vertex 33.9087 -18.5315 1.6
    endloop
  endfacet
  facet normal 0 0 1
    outer loop
      vertex 34.0254 -18.6769 1.6
      vertex 33.8934 -18.8306 1.6
      vertex 33.9289 -18.8527 1.6
    endloop
  endfacet
  facet normal 0 0 1
    outer loop
      vertex 33.6928 -18.6575 1.6
      vertex 33.9087 -18.5315 1.6
      vertex 33.8927 -18.498 1.6
    endloop
  endfacet
  facet normal 0 0 1
    outer loop
      vertex 33.6509 -18.602 1.6
      vertex 33.8927 -18.498 1.6
      vertex 33.8792 -18.463 1.6
    endloop
  endfacet
  facet normal 0 0 1
    outer loop
      vertex 33.6156 -18.5438 1.6
      vertex 33.8792 -18.463 1.6
      vertex 33.8681 -18.4265 1.6
    endloop
  endfacet
  facet normal 0 0 1
    outer loop
      vertex 33.9972 -18.6507 1.6
      vertex 33.8596 -18.8079 1.6
      vertex 33.8934 -18.8306 1.6
    endloop
  endfacet
  facet normal 0 0 1
    outer loop
      vertex 33.6001 -18.5134 1.6
      vertex 33.8681 -18.4265 1.6
      vertex 33.8595 -18.3886 1.6
    endloop
  endfacet
  facet normal 0 0 1
    outer loop
      vertex 33.5732 -18.4497 1.6
      vertex 33.8595 -18.3886 1.6
      vertex 33.8534 -18.3492 1.6
    endloop
  endfacet
  facet normal 0 0 1
    outer loop
      vertex 33.5516 -18.3822 1.6
      vertex 33.8534 -18.3492 1.6
      vertex 33.8497 -18.3083 1.6
    endloop
  endfacet
  facet normal 0 0 1
    outer loop
      vertex 33.5354 -18.311 1.6
      vertex 33.8497 -18.3083 1.6
      vertex 33.8485 -18.266 1.6
    endloop
  endfacet
  facet normal 0 0 1
    outer loop
      vertex 33.9714 -18.6231 1.6
      vertex 33.8275 -18.7844 1.6
      vertex 33.8596 -18.8079 1.6
    endloop
  endfacet
  facet normal -0 0 1
    outer loop
      vertex 33.5636 -17.8024 1.6
      vertex 33.9167 -17.9764 1.6
      vertex 33.5798 -17.7589 1.6
    endloop
  endfacet
  facet normal -0 0 1
    outer loop
      vertex 33.5498 -17.8485 1.6
      vertex 33.9167 -17.9764 1.6
      vertex 33.5636 -17.8024 1.6
    endloop
  endfacet
  facet normal 0 -0 1
    outer loop
      vertex 33.5246 -18.236 1.6
      vertex 33.8493 -18.226 1.6
      vertex 33.5213 -18.1971 1.6
    endloop
  endfacet
  facet normal 0 -0 1
    outer loop
      vertex 33.5293 -18.274 1.6
      vertex 33.8493 -18.226 1.6
      vertex 33.5246 -18.236 1.6
    endloop
  endfacet
  facet normal 0 0 1
    outer loop
      vertex 33.9167 -17.9764 1.6
      vertex 33.5498 -17.8485 1.6
      vertex 33.9024 -18.0008 1.6
    endloop
  endfacet
  facet normal 0 0 1
    outer loop
      vertex 33.8493 -18.226 1.6
      vertex 33.5293 -18.274 1.6
      vertex 33.8485 -18.266 1.6
    endloop
  endfacet
  facet normal -0 0 1
    outer loop
      vertex 33.5386 -17.897 1.6
      vertex 33.9024 -18.0008 1.6
      vertex 33.5498 -17.8485 1.6
    endloop
  endfacet
  facet normal 0 -0 1
    outer loop
      vertex 33.5354 -18.311 1.6
      vertex 33.8485 -18.266 1.6
      vertex 33.5293 -18.274 1.6
    endloop
  endfacet
  facet normal 0 0 1
    outer loop
      vertex 33.9024 -18.0008 1.6
      vertex 33.5386 -17.897 1.6
      vertex 33.8898 -18.0272 1.6
    endloop
  endfacet
  facet normal 0 0 1
    outer loop
      vertex 33.9714 -18.6231 1.6
      vertex 33.7971 -18.7604 1.6
      vertex 33.8275 -18.7844 1.6
    endloop
  endfacet
  facet normal 0 0 1
    outer loop
      vertex 33.8497 -18.3083 1.6
      vertex 33.5354 -18.311 1.6
      vertex 33.5428 -18.3471 1.6
    endloop
  endfacet
  facet normal -0 0 1
    outer loop
      vertex 33.5298 -17.9481 1.6
      vertex 33.8898 -18.0272 1.6
      vertex 33.5386 -17.897 1.6
    endloop
  endfacet
  facet normal 0 0 1
    outer loop
      vertex 33.948 -18.594 1.6
      vertex 33.7685 -18.7356 1.6
      vertex 33.7971 -18.7604 1.6
    endloop
  endfacet
  facet normal 0 0 1
    outer loop
      vertex 33.8898 -18.0272 1.6
      vertex 33.5298 -17.9481 1.6
      vertex 33.8788 -18.0555 1.6
    endloop
  endfacet
  facet normal 0 0 1
    outer loop
      vertex 33.8497 -18.3083 1.6
      vertex 33.5428 -18.3471 1.6
      vertex 33.5516 -18.3822 1.6
    endloop
  endfacet
  facet normal -0 0 1
    outer loop
      vertex 33.5236 -18.0017 1.6
      vertex 33.8788 -18.0555 1.6
      vertex 33.5298 -17.9481 1.6
    endloop
  endfacet
  facet normal 0 0 1
    outer loop
      vertex 33.9271 -18.5635 1.6
      vertex 33.7415 -18.7102 1.6
      vertex 33.7685 -18.7356 1.6
    endloop
  endfacet
  facet normal 0 0 1
    outer loop
      vertex 33.9271 -18.5635 1.6
      vertex 33.7163 -18.6842 1.6
      vertex 33.7415 -18.7102 1.6
    endloop
  endfacet
  facet normal 0 0 1
    outer loop
      vertex 33.8788 -18.0555 1.6
      vertex 33.5236 -18.0017 1.6
      vertex 33.8695 -18.0857 1.6
    endloop
  endfacet
  facet normal 0 0 1
    outer loop
      vertex 33.8681 -18.4265 1.6
      vertex 33.6001 -18.5134 1.6
      vertex 33.6156 -18.5438 1.6
    endloop
  endfacet
  facet normal -0 0 1
    outer loop
      vertex 33.5198 -18.0578 1.6
      vertex 33.8695 -18.0857 1.6
      vertex 33.5236 -18.0017 1.6
    endloop
  endfacet
  facet normal 0 0 1
    outer loop
      vertex 33.8595 -18.3886 1.6
      vertex 33.586 -18.482 1.6
      vertex 33.6001 -18.5134 1.6
    endloop
  endfacet
  facet normal 0 0 1
    outer loop
      vertex 33.8695 -18.0857 1.6
      vertex 33.5198 -18.0578 1.6
      vertex 33.862 -18.1179 1.6
    endloop
  endfacet
  facet normal 0 0 1
    outer loop
      vertex 33.8595 -18.3886 1.6
      vertex 33.5732 -18.4497 1.6
      vertex 33.586 -18.482 1.6
    endloop
  endfacet
  facet normal 0 0 1
    outer loop
      vertex 33.8534 -18.3492 1.6
      vertex 33.5617 -18.4164 1.6
      vertex 33.5732 -18.4497 1.6
    endloop
  endfacet
  facet normal -0 0 1
    outer loop
      vertex 33.5186 -18.1165 1.6
      vertex 33.862 -18.1179 1.6
      vertex 33.5198 -18.0578 1.6
    endloop
  endfacet
  facet normal 0 0 1
    outer loop
      vertex 33.8534 -18.3492 1.6
      vertex 33.5516 -18.3822 1.6
      vertex 33.5617 -18.4164 1.6
    endloop
  endfacet
  facet normal 0 0 1
    outer loop
      vertex 33.862 -18.1179 1.6
      vertex 33.5186 -18.1165 1.6
      vertex 33.856 -18.152 1.6
    endloop
  endfacet
  facet normal 0 0 1
    outer loop
      vertex 33.8792 -18.463 1.6
      vertex 33.6156 -18.5438 1.6
      vertex 33.6325 -18.5733 1.6
    endloop
  endfacet
  facet normal 0 -0 1
    outer loop
      vertex 33.5192 -18.1572 1.6
      vertex 33.856 -18.152 1.6
      vertex 33.5186 -18.1165 1.6
    endloop
  endfacet
  facet normal 0 0 1
    outer loop
      vertex 33.8792 -18.463 1.6
      vertex 33.6325 -18.5733 1.6
      vertex 33.6509 -18.602 1.6
    endloop
  endfacet
  facet normal 0 0 1
    outer loop
      vertex 33.8927 -18.498 1.6
      vertex 33.6509 -18.602 1.6
      vertex 33.671 -18.6301 1.6
    endloop
  endfacet
  facet normal 0 0 1
    outer loop
      vertex 33.856 -18.152 1.6
      vertex 33.5192 -18.1572 1.6
      vertex 33.8518 -18.1881 1.6
    endloop
  endfacet
  facet normal 0 0 1
    outer loop
      vertex 33.8927 -18.498 1.6
      vertex 33.671 -18.6301 1.6
      vertex 33.6928 -18.6575 1.6
    endloop
  endfacet
  facet normal 0 -0 1
    outer loop
      vertex 33.5213 -18.1971 1.6
      vertex 33.8518 -18.1881 1.6
      vertex 33.5192 -18.1572 1.6
    endloop
  endfacet
  facet normal 0 0 1
    outer loop
      vertex 33.9087 -18.5315 1.6
      vertex 33.6928 -18.6575 1.6
      vertex 33.7163 -18.6842 1.6
    endloop
  endfacet
  facet normal 0 0 1
    outer loop
      vertex 33.8518 -18.1881 1.6
      vertex 33.5213 -18.1971 1.6
      vertex 33.8493 -18.226 1.6
    endloop
  endfacet
  facet normal 0 0 1
    outer loop
      vertex 34.1003 -19.3283 1.6
      vertex 33.9302 -18.925 1.6
      vertex 34.0689 -19.3398 1.6
    endloop
  endfacet
  facet normal -0 0 1
    outer loop
      vertex 33.8952 -18.9382 1.6
      vertex 34.0689 -19.3398 1.6
      vertex 33.9302 -18.925 1.6
    endloop
  endfacet
  facet normal 0 0 1
    outer loop
      vertex 34.0689 -19.3398 1.6
      vertex 33.8952 -18.9382 1.6
      vertex 34.0401 -19.3525 1.6
    endloop
  endfacet
  facet normal -0 0 1
    outer loop
      vertex 33.8618 -18.9527 1.6
      vertex 34.0401 -19.3525 1.6
      vertex 33.8952 -18.9382 1.6
    endloop
  endfacet
  facet normal -0 0 1
    outer loop
      vertex 33.8301 -18.9685 1.6
      vertex 34.0401 -19.3525 1.6
      vertex 33.8618 -18.9527 1.6
    endloop
  endfacet
  facet normal 0 0 1
    outer loop
      vertex 34.0401 -19.3525 1.6
      vertex 33.8301 -18.9685 1.6
      vertex 34.0141 -19.3664 1.6
    endloop
  endfacet
  facet normal -0 0 1
    outer loop
      vertex 33.8 -18.9854 1.6
      vertex 34.0141 -19.3664 1.6
      vertex 33.8301 -18.9685 1.6
    endloop
  endfacet
  facet normal -0 0 1
    outer loop
      vertex 33.7715 -19.0036 1.6
      vertex 34.0141 -19.3664 1.6
      vertex 33.8 -18.9854 1.6
    endloop
  endfacet
  facet normal 0 0 1
    outer loop
      vertex 34.0141 -19.3664 1.6
      vertex 33.7715 -19.0036 1.6
      vertex 33.9909 -19.3815 1.6
    endloop
  endfacet
  facet normal -0 0 1
    outer loop
      vertex 33.7447 -19.023 1.6
      vertex 33.9909 -19.3815 1.6
      vertex 33.7715 -19.0036 1.6
    endloop
  endfacet
  facet normal -0 0 1
    outer loop
      vertex 33.7195 -19.0436 1.6
      vertex 33.9909 -19.3815 1.6
      vertex 33.7447 -19.023 1.6
    endloop
  endfacet
  facet normal -0 0 1
    outer loop
      vertex 33.6959 -19.0654 1.6
      vertex 33.9909 -19.3815 1.6
      vertex 33.7195 -19.0436 1.6
    endloop
  endfacet
  facet normal 0 0 1
    outer loop
      vertex 33.9909 -19.3815 1.6
      vertex 33.6959 -19.0654 1.6
      vertex 33.9698 -19.3981 1.6
    endloop
  endfacet
  facet normal -0 0 1
    outer loop
      vertex 33.6739 -19.0885 1.6
      vertex 33.9698 -19.3981 1.6
      vertex 33.6959 -19.0654 1.6
    endloop
  endfacet
  facet normal -0 0 1
    outer loop
      vertex 33.6536 -19.1127 1.6
      vertex 33.9698 -19.3981 1.6
      vertex 33.6739 -19.0885 1.6
    endloop
  endfacet
  facet normal -0 0 1
    outer loop
      vertex 33.6349 -19.1382 1.6
      vertex 33.9698 -19.3981 1.6
      vertex 33.6536 -19.1127 1.6
    endloop
  endfacet
  facet normal 0 0 1
    outer loop
      vertex 33.9698 -19.3981 1.6
      vertex 33.6349 -19.1382 1.6
      vertex 33.9504 -19.4168 1.6
    endloop
  endfacet
  facet normal -0 0 1
    outer loop
      vertex 33.6177 -19.1651 1.6
      vertex 33.9504 -19.4168 1.6
      vertex 33.6349 -19.1382 1.6
    endloop
  endfacet
  facet normal -0 0 1
    outer loop
      vertex 33.6018 -19.1933 1.6
      vertex 33.9504 -19.4168 1.6
      vertex 33.6177 -19.1651 1.6
    endloop
  endfacet
  facet normal 0 0 1
    outer loop
      vertex 33.9504 -19.4168 1.6
      vertex 33.6018 -19.1933 1.6
      vertex 33.9327 -19.4373 1.6
    endloop
  endfacet
  facet normal 0 0 1
    outer loop
      vertex 33.888 -20.2841 1.6
      vertex 34.0264 -20.1562 1.6
      vertex 33.998 -20.1297 1.6
    endloop
  endfacet
  facet normal 0 0 1
    outer loop
      vertex 33.8529 -20.2613 1.6
      vertex 33.998 -20.1297 1.6
      vertex 33.9721 -20.1019 1.6
    endloop
  endfacet
  facet normal 0 0 1
    outer loop
      vertex 34.0264 -20.1562 1.6
      vertex 33.9641 -20.3284 1.6
      vertex 34.0051 -20.3498 1.6
    endloop
  endfacet
  facet normal 0 0 1
    outer loop
      vertex 33.8197 -20.238 1.6
      vertex 33.9721 -20.1019 1.6
      vertex 33.9486 -20.0727 1.6
    endloop
  endfacet
  facet normal 0 0 1
    outer loop
      vertex 33.7885 -20.2142 1.6
      vertex 33.9486 -20.0727 1.6
      vertex 33.9276 -20.0421 1.6
    endloop
  endfacet
  facet normal 0 0 1
    outer loop
      vertex 34.0264 -20.1562 1.6
      vertex 33.925 -20.3065 1.6
      vertex 33.9641 -20.3284 1.6
    endloop
  endfacet
  facet normal 0 0 1
    outer loop
      vertex 33.7321 -20.1651 1.6
      vertex 33.9276 -20.0421 1.6
      vertex 33.909 -20.0103 1.6
    endloop
  endfacet
  facet normal 0 0 1
    outer loop
      vertex 33.7068 -20.1399 1.6
      vertex 33.909 -20.0103 1.6
      vertex 33.893 -19.977 1.6
    endloop
  endfacet
  facet normal 0 0 1
    outer loop
      vertex 34.0264 -20.1562 1.6
      vertex 33.888 -20.2841 1.6
      vertex 33.925 -20.3065 1.6
    endloop
  endfacet
  facet normal 0 0 1
    outer loop
      vertex 33.6622 -20.088 1.6
      vertex 33.893 -19.977 1.6
      vertex 33.8794 -19.9425 1.6
    endloop
  endfacet
  facet normal 0 0 1
    outer loop
      vertex 33.6254 -20.0342 1.6
      vertex 33.8794 -19.9425 1.6
      vertex 33.8682 -19.9065 1.6
    endloop
  endfacet
  facet normal 0 0 1
    outer loop
      vertex 33.595 -19.9775 1.6
      vertex 33.8682 -19.9065 1.6
      vertex 33.8596 -19.8693 1.6
    endloop
  endfacet
  facet normal 0 0 1
    outer loop
      vertex 33.5697 -19.9172 1.6
      vertex 33.8596 -19.8693 1.6
      vertex 33.8534 -19.8306 1.6
    endloop
  endfacet
  facet normal 0 0 1
    outer loop
      vertex 33.998 -20.1297 1.6
      vertex 33.8529 -20.2613 1.6
      vertex 33.888 -20.2841 1.6
    endloop
  endfacet
  facet normal 0 0 1
    outer loop
      vertex 33.5495 -19.8532 1.6
      vertex 33.8534 -19.8306 1.6
      vertex 33.8497 -19.7907 1.6
    endloop
  endfacet
  facet normal 0 0 1
    outer loop
      vertex 33.5413 -19.8197 1.6
      vertex 33.8497 -19.7907 1.6
      vertex 33.8485 -19.7494 1.6
    endloop
  endfacet
  facet normal -0 0 1
    outer loop
      vertex 33.5874 -19.2231 1.6
      vertex 33.9327 -19.4373 1.6
      vertex 33.6018 -19.1933 1.6
    endloop
  endfacet
  facet normal 0 0 1
    outer loop
      vertex 33.8518 -19.6714 1.6
      vertex 33.5211 -19.6768 1.6
      vertex 33.8493 -19.7094 1.6
    endloop
  endfacet
  facet normal -0 0 1
    outer loop
      vertex 33.5743 -19.2542 1.6
      vertex 33.9327 -19.4373 1.6
      vertex 33.5874 -19.2231 1.6
    endloop
  endfacet
  facet normal 0 -0 1
    outer loop
      vertex 33.5242 -19.714 1.6
      vertex 33.8493 -19.7094 1.6
      vertex 33.5211 -19.6768 1.6
    endloop
  endfacet
  facet normal 0 0 1
    outer loop
      vertex 33.9327 -19.4373 1.6
      vertex 33.5743 -19.2542 1.6
      vertex 33.9167 -19.4598 1.6
    endloop
  endfacet
  facet normal 0 -0 1
    outer loop
      vertex 33.5287 -19.7502 1.6
      vertex 33.8493 -19.7094 1.6
      vertex 33.5242 -19.714 1.6
    endloop
  endfacet
  facet normal -0 0 1
    outer loop
      vertex 33.5626 -19.2868 1.6
      vertex 33.9167 -19.4598 1.6
      vertex 33.5743 -19.2542 1.6
    endloop
  endfacet
  facet normal 0 0 1
    outer loop
      vertex 33.8493 -19.7094 1.6
      vertex 33.5287 -19.7502 1.6
      vertex 33.8485 -19.7494 1.6
    endloop
  endfacet
  facet normal -0 0 1
    outer loop
      vertex 33.5523 -19.3209 1.6
      vertex 33.9167 -19.4598 1.6
      vertex 33.5626 -19.2868 1.6
    endloop
  endfacet
  facet normal 0 0 1
    outer loop
      vertex 33.9721 -20.1019 1.6
      vertex 33.8197 -20.238 1.6
      vertex 33.8529 -20.2613 1.6
    endloop
  endfacet
  facet normal 0 0 1
    outer loop
      vertex 33.9167 -19.4598 1.6
      vertex 33.5523 -19.3209 1.6
      vertex 33.9024 -19.4842 1.6
    endloop
  endfacet
  facet normal 0 -0 1
    outer loop
      vertex 33.5211 -19.6768 1.6
      vertex 33.8518 -19.6714 1.6
      vertex 33.5192 -19.6388 1.6
    endloop
  endfacet
  facet normal -0 0 1
    outer loop
      vertex 33.5433 -19.3564 1.6
      vertex 33.9024 -19.4842 1.6
      vertex 33.5523 -19.3209 1.6
    endloop
  endfacet
  facet normal 0 -0 1
    outer loop
      vertex 33.5344 -19.7854 1.6
      vertex 33.8485 -19.7494 1.6
      vertex 33.5287 -19.7502 1.6
    endloop
  endfacet
  facet normal -0 0 1
    outer loop
      vertex 33.5358 -19.3934 1.6
      vertex 33.9024 -19.4842 1.6
      vertex 33.5433 -19.3564 1.6
    endloop
  endfacet
  facet normal 0 0 1
    outer loop
      vertex 33.9486 -20.0727 1.6
      vertex 33.7885 -20.2142 1.6
      vertex 33.8197 -20.238 1.6
    endloop
  endfacet
  facet normal 0 0 1
    outer loop
      vertex 33.9024 -19.4842 1.6
      vertex 33.5358 -19.3934 1.6
      vertex 33.8898 -19.5106 1.6
    endloop
  endfacet
  facet normal 0 -0 1
    outer loop
      vertex 33.5192 -19.6388 1.6
      vertex 33.856 -19.6354 1.6
      vertex 33.5186 -19.5998 1.6
    endloop
  endfacet
  facet normal -0 0 1
    outer loop
      vertex 33.5296 -19.4318 1.6
      vertex 33.8898 -19.5106 1.6
      vertex 33.5358 -19.3934 1.6
    endloop
  endfacet
  facet normal 0 0 1
    outer loop
      vertex 33.856 -19.6354 1.6
      vertex 33.5192 -19.6388 1.6
      vertex 33.8518 -19.6714 1.6
    endloop
  endfacet
  facet normal 0 0 1
    outer loop
      vertex 33.8898 -19.5106 1.6
      vertex 33.5296 -19.4318 1.6
      vertex 33.8788 -19.5389 1.6
    endloop
  endfacet
  facet normal 0 0 1
    outer loop
      vertex 33.8794 -19.9425 1.6
      vertex 33.6254 -20.0342 1.6
      vertex 33.6428 -20.0613 1.6
    endloop
  endfacet
  facet normal -0 0 1
    outer loop
      vertex 33.5247 -19.4716 1.6
      vertex 33.8788 -19.5389 1.6
      vertex 33.5296 -19.4318 1.6
    endloop
  endfacet
  facet normal 0 0 1
    outer loop
      vertex 33.8682 -19.9065 1.6
      vertex 33.6096 -20.0063 1.6
      vertex 33.6254 -20.0342 1.6
    endloop
  endfacet
  facet normal 0 0 1
    outer loop
      vertex 33.8788 -19.5389 1.6
      vertex 33.5247 -19.4716 1.6
      vertex 33.8695 -19.5691 1.6
    endloop
  endfacet
  facet normal 0 0 1
    outer loop
      vertex 33.8682 -19.9065 1.6
      vertex 33.595 -19.9775 1.6
      vertex 33.6096 -20.0063 1.6
    endloop
  endfacet
  facet normal -0 0 1
    outer loop
      vertex 33.5213 -19.5129 1.6
      vertex 33.8695 -19.5691 1.6
      vertex 33.5247 -19.4716 1.6
    endloop
  endfacet
  facet normal 0 0 1
    outer loop
      vertex 33.8794 -19.9425 1.6
      vertex 33.6428 -20.0613 1.6
      vertex 33.6622 -20.088 1.6
    endloop
  endfacet
  facet normal -0 0 1
    outer loop
      vertex 33.5192 -19.5556 1.6
      vertex 33.8695 -19.5691 1.6
      vertex 33.5213 -19.5129 1.6
    endloop
  endfacet
  facet normal 0 0 1
    outer loop
      vertex 33.8695 -19.5691 1.6
      vertex 33.5192 -19.5556 1.6
      vertex 33.862 -19.6013 1.6
    endloop
  endfacet
  facet normal -0 0 1
    outer loop
      vertex 33.5186 -19.5998 1.6
      vertex 33.862 -19.6013 1.6
      vertex 33.5192 -19.5556 1.6
    endloop
  endfacet
  facet normal 0 0 1
    outer loop
      vertex 33.862 -19.6013 1.6
      vertex 33.5186 -19.5998 1.6
      vertex 33.856 -19.6354 1.6
    endloop
  endfacet
  facet normal 0 0 1
    outer loop
      vertex 33.893 -19.977 1.6
      vertex 33.6622 -20.088 1.6
      vertex 33.6835 -20.1142 1.6
    endloop
  endfacet
  facet normal 0 0 1
    outer loop
      vertex 33.8596 -19.8693 1.6
      vertex 33.5818 -19.9478 1.6
      vertex 33.595 -19.9775 1.6
    endloop
  endfacet
  facet normal 0 0 1
    outer loop
      vertex 33.893 -19.977 1.6
      vertex 33.6835 -20.1142 1.6
      vertex 33.7068 -20.1399 1.6
    endloop
  endfacet
  facet normal 0 0 1
    outer loop
      vertex 33.8596 -19.8693 1.6
      vertex 33.5697 -19.9172 1.6
      vertex 33.5818 -19.9478 1.6
    endloop
  endfacet
  facet normal 0 0 1
    outer loop
      vertex 33.909 -20.0103 1.6
      vertex 33.7068 -20.1399 1.6
      vertex 33.7321 -20.1651 1.6
    endloop
  endfacet
  facet normal 0 0 1
    outer loop
      vertex 33.8534 -19.8306 1.6
      vertex 33.559 -19.8857 1.6
      vertex 33.5697 -19.9172 1.6
    endloop
  endfacet
  facet normal 0 -0 1
    outer loop
      vertex 33.5413 -19.8197 1.6
      vertex 33.8485 -19.7494 1.6
      vertex 33.5344 -19.7854 1.6
    endloop
  endfacet
  facet normal 0 0 1
    outer loop
      vertex 33.9276 -20.0421 1.6
      vertex 33.7321 -20.1651 1.6
      vertex 33.7593 -20.1899 1.6
    endloop
  endfacet
  facet normal 0 0 1
    outer loop
      vertex 33.9276 -20.0421 1.6
      vertex 33.7593 -20.1899 1.6
      vertex 33.7885 -20.2142 1.6
    endloop
  endfacet
  facet normal 0 0 1
    outer loop
      vertex 33.8534 -19.8306 1.6
      vertex 33.5495 -19.8532 1.6
      vertex 33.559 -19.8857 1.6
    endloop
  endfacet
  facet normal 0 0 1
    outer loop
      vertex 33.8497 -19.7907 1.6
      vertex 33.5413 -19.8197 1.6
      vertex 33.5495 -19.8532 1.6
    endloop
  endfacet
  facet normal -0 0 1
    outer loop
      vertex 34.6459 -20.3403 1.6
      vertex 36.134 -20.7652 1.6
      vertex 36.134 -20.3403 1.6
    endloop
  endfacet
  facet normal 0 0 1
    outer loop
      vertex 34.1143 -20.7652 1.6
      vertex 34.6459 -20.3403 1.6
      vertex 34.5885 -20.3394 1.6
    endloop
  endfacet
  facet normal 0 0 1
    outer loop
      vertex 34.1143 -20.7652 1.6
      vertex 34.5885 -20.3394 1.6
      vertex 34.5331 -20.3366 1.6
    endloop
  endfacet
  facet normal 0 0 1
    outer loop
      vertex 34.1143 -20.7652 1.6
      vertex 34.5331 -20.3366 1.6
      vertex 34.4798 -20.3319 1.6
    endloop
  endfacet
  facet normal 0 0 1
    outer loop
      vertex 34.1143 -20.7652 1.6
      vertex 34.4798 -20.3319 1.6
      vertex 34.4284 -20.3253 1.6
    endloop
  endfacet
  facet normal 0 0 1
    outer loop
      vertex 34.1143 -20.7652 1.6
      vertex 34.4284 -20.3253 1.6
      vertex 34.3791 -20.3168 1.6
    endloop
  endfacet
  facet normal 0 0 1
    outer loop
      vertex 34.1143 -20.7652 1.6
      vertex 34.3791 -20.3168 1.6
      vertex 34.3318 -20.3065 1.6
    endloop
  endfacet
  facet normal 0 0 1
    outer loop
      vertex 34.6459 -20.3403 1.6
      vertex 34.1143 -20.7652 1.6
      vertex 36.134 -20.7652 1.6
    endloop
  endfacet
  facet normal 0 0 1
    outer loop
      vertex 34.2865 -20.2942 1.6
      vertex 34.1143 -20.7652 1.6
      vertex 34.3318 -20.3065 1.6
    endloop
  endfacet
  facet normal 0 0 1
    outer loop
      vertex 34.0051 -20.357 1.6
      vertex 34.2865 -20.2942 1.6
      vertex 34.2433 -20.2801 1.6
    endloop
  endfacet
  facet normal 0 0 1
    outer loop
      vertex 34.0051 -20.357 1.6
      vertex 34.2433 -20.2801 1.6
      vertex 34.202 -20.2641 1.6
    endloop
  endfacet
  facet normal 0 0 1
    outer loop
      vertex 34.0051 -20.357 1.6
      vertex 34.202 -20.2641 1.6
      vertex 34.1628 -20.2462 1.6
    endloop
  endfacet
  facet normal 0 0 1
    outer loop
      vertex 34.0051 -20.3498 1.6
      vertex 34.1628 -20.2462 1.6
      vertex 34.1257 -20.2265 1.6
    endloop
  endfacet
  facet normal 0 0 1
    outer loop
      vertex 34.0051 -20.3498 1.6
      vertex 34.1257 -20.2265 1.6
      vertex 34.0905 -20.2048 1.6
    endloop
  endfacet
  facet normal 0 0 1
    outer loop
      vertex 34.0051 -20.3498 1.6
      vertex 34.0905 -20.2048 1.6
      vertex 34.0573 -20.1813 1.6
    endloop
  endfacet
  facet normal 0 0 1
    outer loop
      vertex 34.2865 -20.2942 1.6
      vertex 34.0051 -20.357 1.6
      vertex 34.1143 -20.7652 1.6
    endloop
  endfacet
  facet normal 0 0 1
    outer loop
      vertex 34.0051 -20.3498 1.6
      vertex 34.0573 -20.1813 1.6
      vertex 34.0264 -20.1562 1.6
    endloop
  endfacet
  facet normal 0 0 1
    outer loop
      vertex 34.1628 -20.2462 1.6
      vertex 34.0051 -20.3498 1.6
      vertex 34.0051 -20.357 1.6
    endloop
  endfacet
  facet normal 0 0 1
    outer loop
      vertex 34.1143 -20.7652 1.6
      vertex 34.0051 -20.357 1.6
      vertex 34.0473 -20.7653 1.6
    endloop
  endfacet
  facet normal 0 0 1
    outer loop
      vertex 34.0051 -20.357 1.6
      vertex 33.9845 -20.7655 1.6
      vertex 34.0473 -20.7653 1.6
    endloop
  endfacet
  facet normal -0 0 1
    outer loop
      vertex 33.9502 -20.3584 1.6
      vertex 33.9845 -20.7655 1.6
      vertex 34.0051 -20.357 1.6
    endloop
  endfacet
  facet normal 0 0 1
    outer loop
      vertex 33.9502 -20.3584 1.6
      vertex 33.9258 -20.766 1.6
      vertex 33.9845 -20.7655 1.6
    endloop
  endfacet
  facet normal -0 0 1
    outer loop
      vertex 33.9011 -20.3598 1.6
      vertex 33.9258 -20.766 1.6
      vertex 33.9502 -20.3584 1.6
    endloop
  endfacet
  facet normal 0 0 1
    outer loop
      vertex 33.9011 -20.3598 1.6
      vertex 33.8713 -20.7666 1.6
      vertex 33.9258 -20.766 1.6
    endloop
  endfacet
  facet normal -0 0 1
    outer loop
      vertex 33.8576 -20.3611 1.6
      vertex 33.8713 -20.7666 1.6
      vertex 33.9011 -20.3598 1.6
    endloop
  endfacet
  facet normal -0 0 1
    outer loop
      vertex 33.8197 -20.3623 1.6
      vertex 33.8713 -20.7666 1.6
      vertex 33.8576 -20.3611 1.6
    endloop
  endfacet
  facet normal 0 0 1
    outer loop
      vertex 33.8713 -20.7666 1.6
      vertex 33.8197 -20.3623 1.6
      vertex 33.8208 -20.7673 1.6
    endloop
  endfacet
  facet normal -0 0 1
    outer loop
      vertex 33.8029 -20.3629 1.6
      vertex 33.8208 -20.7673 1.6
      vertex 33.8197 -20.3623 1.6
    endloop
  endfacet
  facet normal -0 0 1
    outer loop
      vertex 33.7736 -20.3641 1.6
      vertex 33.8208 -20.7673 1.6
      vertex 33.8029 -20.3629 1.6
    endloop
  endfacet
  facet normal 0 0 1
    outer loop
      vertex 33.8208 -20.7673 1.6
      vertex 33.7736 -20.3641 1.6
      vertex 33.7745 -20.7682 1.6
    endloop
  endfacet
  facet normal -0 0 1
    outer loop
      vertex 33.7611 -20.3647 1.6
      vertex 33.7745 -20.7682 1.6
      vertex 33.7736 -20.3641 1.6
    endloop
  endfacet
  facet normal 0 0 1
    outer loop
      vertex 33.7611 -20.3647 1.6
      vertex 33.7323 -20.7693 1.6
      vertex 33.7745 -20.7682 1.6
    endloop
  endfacet
  facet normal -0 0 1
    outer loop
      vertex 33.6637 -20.3696 1.6
      vertex 33.7323 -20.7693 1.6
      vertex 33.7611 -20.3647 1.6
    endloop
  endfacet
  facet normal 0 0 1
    outer loop
      vertex 33.7323 -20.7693 1.6
      vertex 33.6637 -20.3696 1.6
      vertex 33.6943 -20.7706 1.6
    endloop
  endfacet
  facet normal 0 0 1
    outer loop
      vertex 33.6637 -20.3696 1.6
      vertex 33.6604 -20.772 1.6
      vertex 33.6943 -20.7706 1.6
    endloop
  endfacet
  facet normal -0 0 1
    outer loop
      vertex 33.615 -20.3719 1.6
      vertex 33.6604 -20.772 1.6
      vertex 33.6637 -20.3696 1.6
    endloop
  endfacet
  facet normal 0 0 1
    outer loop
      vertex 33.6604 -20.772 1.6
      vertex 33.615 -20.3719 1.6
      vertex 33.6306 -20.7736 1.6
    endloop
  endfacet
  facet normal -0 0 1
    outer loop
      vertex 33.6018 -20.3727 1.6
      vertex 33.6306 -20.7736 1.6
      vertex 33.615 -20.3719 1.6
    endloop
  endfacet
  facet normal -0 0 1
    outer loop
      vertex 33.5905 -20.3734 1.6
      vertex 33.6306 -20.7736 1.6
      vertex 33.6018 -20.3727 1.6
    endloop
  endfacet
  facet normal 0 0 1
    outer loop
      vertex 33.6306 -20.7736 1.6
      vertex 33.5905 -20.3734 1.6
      vertex 33.6049 -20.7754 1.6
    endloop
  endfacet
  facet normal -0 0 1
    outer loop
      vertex 33.5811 -20.3741 1.6
      vertex 33.6049 -20.7754 1.6
      vertex 33.5905 -20.3734 1.6
    endloop
  endfacet
  facet normal -0 0 1
    outer loop
      vertex 33.5771 -20.3745 1.6
      vertex 33.6049 -20.7754 1.6
      vertex 33.5811 -20.3741 1.6
    endloop
  endfacet
  facet normal -0 0 1
    outer loop
      vertex 33.5736 -20.3748 1.6
      vertex 33.6049 -20.7754 1.6
      vertex 33.5771 -20.3745 1.6
    endloop
  endfacet
  facet normal -0 0 1
    outer loop
      vertex 33.566 -20.3759 1.6
      vertex 33.6049 -20.7754 1.6
      vertex 33.5736 -20.3748 1.6
    endloop
  endfacet
  facet normal 0 0 1
    outer loop
      vertex 33.566 -20.3759 1.6
      vertex 33.5736 -20.3748 1.6
      vertex 33.5706 -20.3752 1.6
    endloop
  endfacet
  facet normal 0 0 -1
    outer loop
      vertex 33.566 -20.3759 1.6
      vertex 33.5706 -20.3752 1.6
      vertex 33.5681 -20.3756 1.6
    endloop
  endfacet
  facet normal 0 0 1
    outer loop
      vertex 33.6049 -20.7754 1.6
      vertex 33.566 -20.3759 1.6
      vertex 33.5834 -20.7773 1.6
    endloop
  endfacet
  facet normal 0 0 1
    outer loop
      vertex 33.5834 -20.7773 1.6
      vertex 33.566 -20.3759 1.6
      vertex 33.566 -20.7794 1.6
    endloop
  endfacet
  facet normal -0.998402 -0.0565133 0
    outer loop
      vertex 36.18 -22.3046 1.6
      vertex 36.1755 -22.2251 2
      vertex 36.1755 -22.2251 1.6
    endloop
  endfacet
  facet normal -0.998402 -0.0565133 0
    outer loop
      vertex 36.1755 -22.2251 2
      vertex 36.18 -22.3046 1.6
      vertex 36.18 -22.3046 2
    endloop
  endfacet
  facet normal -0.995229 -0.0975714 0
    outer loop
      vertex 36.1755 -22.2251 1.6
      vertex 36.168 -22.1486 2
      vertex 36.168 -22.1486 1.6
    endloop
  endfacet
  facet normal -0.995229 -0.0975714 0
    outer loop
      vertex 36.168 -22.1486 2
      vertex 36.1755 -22.2251 1.6
      vertex 36.1755 -22.2251 2
    endloop
  endfacet
  facet normal -0.989976 -0.141233 0
    outer loop
      vertex 36.168 -22.1486 1.6
      vertex 36.1575 -22.075 2
      vertex 36.1575 -22.075 1.6
    endloop
  endfacet
  facet normal -0.989976 -0.141233 0
    outer loop
      vertex 36.1575 -22.075 2
      vertex 36.168 -22.1486 1.6
      vertex 36.168 -22.1486 2
    endloop
  endfacet
  facet normal -0.982204 -0.187815 0
    outer loop
      vertex 36.1575 -22.075 1.6
      vertex 36.144 -22.0044 2
      vertex 36.144 -22.0044 1.6
    endloop
  endfacet
  facet normal -0.982204 -0.187815 0
    outer loop
      vertex 36.144 -22.0044 2
      vertex 36.1575 -22.075 1.6
      vertex 36.1575 -22.075 2
    endloop
  endfacet
  facet normal -0.971148 -0.238477 0
    outer loop
      vertex 36.144 -22.0044 1.6
      vertex 36.1274 -21.9368 2
      vertex 36.1274 -21.9368 1.6
    endloop
  endfacet
  facet normal -0.971148 -0.238477 0
    outer loop
      vertex 36.1274 -21.9368 2
      vertex 36.144 -22.0044 1.6
      vertex 36.144 -22.0044 2
    endloop
  endfacet
  facet normal -0.957335 -0.288979 0
    outer loop
      vertex 36.1274 -21.9368 1.6
      vertex 36.1079 -21.8722 2
      vertex 36.1079 -21.8722 1.6
    endloop
  endfacet
  facet normal -0.957335 -0.288979 0
    outer loop
      vertex 36.1079 -21.8722 2
      vertex 36.1274 -21.9368 1.6
      vertex 36.1274 -21.9368 2
    endloop
  endfacet
  facet normal -0.938991 -0.343942 0
    outer loop
      vertex 36.1079 -21.8722 1.6
      vertex 36.0853 -21.8105 2
      vertex 36.0853 -21.8105 1.6
    endloop
  endfacet
  facet normal -0.938991 -0.343942 0
    outer loop
      vertex 36.0853 -21.8105 2
      vertex 36.1079 -21.8722 1.6
      vertex 36.1079 -21.8722 2
    endloop
  endfacet
  facet normal -0.916946 -0.399012 0
    outer loop
      vertex 36.0853 -21.8105 1.6
      vertex 36.0598 -21.7519 2
      vertex 36.0598 -21.7519 1.6
    endloop
  endfacet
  facet normal -0.916946 -0.399012 0
    outer loop
      vertex 36.0598 -21.7519 2
      vertex 36.0853 -21.8105 1.6
      vertex 36.0853 -21.8105 2
    endloop
  endfacet
  facet normal -0.889585 -0.456771 0
    outer loop
      vertex 36.0598 -21.7519 1.6
      vertex 36.0312 -21.6962 2
      vertex 36.0312 -21.6962 1.6
    endloop
  endfacet
  facet normal -0.889585 -0.456771 0
    outer loop
      vertex 36.0312 -21.6962 2
      vertex 36.0598 -21.7519 1.6
      vertex 36.0598 -21.7519 2
    endloop
  endfacet
  facet normal -0.858782 -0.512341 0
    outer loop
      vertex 36.0312 -21.6962 1.6
      vertex 35.9997 -21.6434 2
      vertex 35.9997 -21.6434 1.6
    endloop
  endfacet
  facet normal -0.858782 -0.512341 0
    outer loop
      vertex 35.9997 -21.6434 2
      vertex 36.0312 -21.6962 1.6
      vertex 36.0312 -21.6962 2
    endloop
  endfacet
  facet normal -0.820703 -0.571355 0
    outer loop
      vertex 35.9997 -21.6434 1.6
      vertex 35.9651 -21.5937 2
      vertex 35.9651 -21.5937 1.6
    endloop
  endfacet
  facet normal -0.820703 -0.571355 0
    outer loop
      vertex 35.9651 -21.5937 2
      vertex 35.9997 -21.6434 1.6
      vertex 35.9997 -21.6434 2
    endloop
  endfacet
  facet normal -0.779727 -0.626119 0
    outer loop
      vertex 35.9651 -21.5937 1.6
      vertex 35.9276 -21.547 2
      vertex 35.9276 -21.547 1.6
    endloop
  endfacet
  facet normal -0.779727 -0.626119 0
    outer loop
      vertex 35.9276 -21.547 2
      vertex 35.9651 -21.5937 1.6
      vertex 35.9651 -21.5937 2
    endloop
  endfacet
  facet normal -0.734351 -0.67877 0
    outer loop
      vertex 35.9276 -21.547 1.6
      vertex 35.8873 -21.5034 2
      vertex 35.8873 -21.5034 1.6
    endloop
  endfacet
  facet normal -0.734351 -0.67877 0
    outer loop
      vertex 35.8873 -21.5034 2
      vertex 35.9276 -21.547 1.6
      vertex 35.9276 -21.547 2
    endloop
  endfacet
  facet normal -0.682805 -0.730601 0
    outer loop
      vertex 35.8445 -21.4634 1.6
      vertex 35.8873 -21.5034 2
      vertex 35.8445 -21.4634 2
    endloop
  endfacet
  facet normal -0.682805 -0.730601 -0
    outer loop
      vertex 35.8873 -21.5034 2
      vertex 35.8445 -21.4634 1.6
      vertex 35.8873 -21.5034 1.6
    endloop
  endfacet
  facet normal -0.628457 -0.777844 0
    outer loop
      vertex 35.7992 -21.4268 1.6
      vertex 35.8445 -21.4634 2
      vertex 35.7992 -21.4268 2
    endloop
  endfacet
  facet normal -0.628457 -0.777844 -0
    outer loop
      vertex 35.8445 -21.4634 2
      vertex 35.7992 -21.4268 1.6
      vertex 35.8445 -21.4634 1.6
    endloop
  endfacet
  facet normal -0.570105 -0.821572 0
    outer loop
      vertex 35.7515 -21.3937 1.6
      vertex 35.7992 -21.4268 2
      vertex 35.7515 -21.3937 2
    endloop
  endfacet
  facet normal -0.570105 -0.821572 -0
    outer loop
      vertex 35.7992 -21.4268 2
      vertex 35.7515 -21.3937 1.6
      vertex 35.7992 -21.4268 1.6
    endloop
  endfacet
  facet normal -0.50792 -0.861404 0
    outer loop
      vertex 35.7013 -21.3641 1.6
      vertex 35.7515 -21.3937 2
      vertex 35.7013 -21.3641 2
    endloop
  endfacet
  facet normal -0.50792 -0.861404 -0
    outer loop
      vertex 35.7515 -21.3937 2
      vertex 35.7013 -21.3641 1.6
      vertex 35.7515 -21.3937 1.6
    endloop
  endfacet
  facet normal -0.44381 -0.896121 0
    outer loop
      vertex 35.6486 -21.338 1.6
      vertex 35.7013 -21.3641 2
      vertex 35.6486 -21.338 2
    endloop
  endfacet
  facet normal -0.44381 -0.896121 -0
    outer loop
      vertex 35.7013 -21.3641 2
      vertex 35.6486 -21.338 1.6
      vertex 35.7013 -21.3641 1.6
    endloop
  endfacet
  facet normal -0.380919 -0.924609 0
    outer loop
      vertex 35.5935 -21.3153 1.6
      vertex 35.6486 -21.338 2
      vertex 35.5935 -21.3153 2
    endloop
  endfacet
  facet normal -0.380919 -0.924609 -0
    outer loop
      vertex 35.6486 -21.338 2
      vertex 35.5935 -21.3153 1.6
      vertex 35.6486 -21.338 1.6
    endloop
  endfacet
  facet normal -0.314744 -0.949177 0
    outer loop
      vertex 35.5359 -21.2962 1.6
      vertex 35.5935 -21.3153 2
      vertex 35.5359 -21.2962 2
    endloop
  endfacet
  facet normal -0.314744 -0.949177 -0
    outer loop
      vertex 35.5935 -21.3153 2
      vertex 35.5359 -21.2962 1.6
      vertex 35.5935 -21.3153 1.6
    endloop
  endfacet
  facet normal -0.25275 -0.967532 0
    outer loop
      vertex 35.4758 -21.2805 1.6
      vertex 35.5359 -21.2962 2
      vertex 35.4758 -21.2805 2
    endloop
  endfacet
  facet normal -0.25275 -0.967532 -0
    outer loop
      vertex 35.5359 -21.2962 2
      vertex 35.4758 -21.2805 1.6
      vertex 35.5359 -21.2962 1.6
    endloop
  endfacet
  facet normal -0.191584 -0.981476 0
    outer loop
      vertex 35.4133 -21.2683 1.6
      vertex 35.4758 -21.2805 2
      vertex 35.4133 -21.2683 2
    endloop
  endfacet
  facet normal -0.191584 -0.981476 -0
    outer loop
      vertex 35.4758 -21.2805 2
      vertex 35.4133 -21.2683 1.6
      vertex 35.4758 -21.2805 1.6
    endloop
  endfacet
  facet normal -0.132663 -0.991161 0
    outer loop
      vertex 35.3483 -21.2596 1.6
      vertex 35.4133 -21.2683 2
      vertex 35.3483 -21.2596 2
    endloop
  endfacet
  facet normal -0.132663 -0.991161 -0
    outer loop
      vertex 35.4133 -21.2683 2
      vertex 35.3483 -21.2596 1.6
      vertex 35.4133 -21.2683 1.6
    endloop
  endfacet
  facet normal -0.0768095 -0.997046 0
    outer loop
      vertex 35.2808 -21.2544 1.6
      vertex 35.3483 -21.2596 2
      vertex 35.2808 -21.2544 2
    endloop
  endfacet
  facet normal -0.0768095 -0.997046 -0
    outer loop
      vertex 35.3483 -21.2596 2
      vertex 35.2808 -21.2544 1.6
      vertex 35.3483 -21.2596 1.6
    endloop
  endfacet
  facet normal -0.0257058 -0.99967 0
    outer loop
      vertex 35.2108 -21.2526 1.6
      vertex 35.2808 -21.2544 2
      vertex 35.2108 -21.2526 2
    endloop
  endfacet
  facet normal -0.0257058 -0.99967 -0
    outer loop
      vertex 35.2808 -21.2544 2
      vertex 35.2108 -21.2526 1.6
      vertex 35.2808 -21.2544 1.6
    endloop
  endfacet
  facet normal 0.0266845 -0.999644 0
    outer loop
      vertex 35.1621 -21.2539 1.6
      vertex 35.2108 -21.2526 2
      vertex 35.1621 -21.2539 2
    endloop
  endfacet
  facet normal 0.0266845 -0.999644 0
    outer loop
      vertex 35.2108 -21.2526 2
      vertex 35.1621 -21.2539 1.6
      vertex 35.2108 -21.2526 1.6
    endloop
  endfacet
  facet normal 0.0779859 -0.996954 0
    outer loop
      vertex 35.1148 -21.2576 1.6
      vertex 35.1621 -21.2539 2
      vertex 35.1148 -21.2576 2
    endloop
  endfacet
  facet normal 0.0779859 -0.996954 0
    outer loop
      vertex 35.1621 -21.2539 2
      vertex 35.1148 -21.2576 1.6
      vertex 35.1621 -21.2539 1.6
    endloop
  endfacet
  facet normal 0.13329 -0.991077 0
    outer loop
      vertex 35.0687 -21.2638 1.6
      vertex 35.1148 -21.2576 2
      vertex 35.0687 -21.2638 2
    endloop
  endfacet
  facet normal 0.13329 -0.991077 0
    outer loop
      vertex 35.1148 -21.2576 2
      vertex 35.0687 -21.2638 1.6
      vertex 35.1148 -21.2576 1.6
    endloop
  endfacet
  facet normal 0.188522 -0.982069 0
    outer loop
      vertex 35.0239 -21.2724 1.6
      vertex 35.0687 -21.2638 2
      vertex 35.0239 -21.2724 2
    endloop
  endfacet
  facet normal 0.188522 -0.982069 0
    outer loop
      vertex 35.0687 -21.2638 2
      vertex 35.0239 -21.2724 1.6
      vertex 35.0687 -21.2638 1.6
    endloop
  endfacet
  facet normal 0.247785 -0.968815 0
    outer loop
      vertex 34.9805 -21.2835 1.6
      vertex 35.0239 -21.2724 2
      vertex 34.9805 -21.2835 2
    endloop
  endfacet
  facet normal 0.247785 -0.968815 0
    outer loop
      vertex 35.0239 -21.2724 2
      vertex 34.9805 -21.2835 1.6
      vertex 35.0239 -21.2724 1.6
    endloop
  endfacet
  facet normal 0.306739 -0.951794 0
    outer loop
      vertex 34.9383 -21.2971 1.6
      vertex 34.9805 -21.2835 2
      vertex 34.9383 -21.2971 2
    endloop
  endfacet
  facet normal 0.306739 -0.951794 0
    outer loop
      vertex 34.9805 -21.2835 2
      vertex 34.9383 -21.2971 1.6
      vertex 34.9805 -21.2835 1.6
    endloop
  endfacet
  facet normal 0.366286 -0.930502 0
    outer loop
      vertex 34.8974 -21.3132 1.6
      vertex 34.9383 -21.2971 2
      vertex 34.8974 -21.3132 2
    endloop
  endfacet
  facet normal 0.366286 -0.930502 0
    outer loop
      vertex 34.9383 -21.2971 2
      vertex 34.8974 -21.3132 1.6
      vertex 34.9383 -21.2971 1.6
    endloop
  endfacet
  facet normal 0.423261 -0.906008 0
    outer loop
      vertex 34.8578 -21.3317 1.6
      vertex 34.8974 -21.3132 2
      vertex 34.8578 -21.3317 2
    endloop
  endfacet
  facet normal 0.423261 -0.906008 0
    outer loop
      vertex 34.8974 -21.3132 2
      vertex 34.8578 -21.3317 1.6
      vertex 34.8974 -21.3132 1.6
    endloop
  endfacet
  facet normal 0.482533 -0.875878 0
    outer loop
      vertex 34.8195 -21.3528 1.6
      vertex 34.8578 -21.3317 2
      vertex 34.8195 -21.3528 2
    endloop
  endfacet
  facet normal 0.482533 -0.875878 0
    outer loop
      vertex 34.8578 -21.3317 2
      vertex 34.8195 -21.3528 1.6
      vertex 34.8578 -21.3317 1.6
    endloop
  endfacet
  facet normal 0.533478 -0.845814 0
    outer loop
      vertex 34.7824 -21.3762 1.6
      vertex 34.8195 -21.3528 2
      vertex 34.7824 -21.3762 2
    endloop
  endfacet
  facet normal 0.533478 -0.845814 0
    outer loop
      vertex 34.8195 -21.3528 2
      vertex 34.7824 -21.3762 1.6
      vertex 34.8195 -21.3528 1.6
    endloop
  endfacet
  facet normal 0.58871 -0.808344 0
    outer loop
      vertex 34.7467 -21.4022 1.6
      vertex 34.7824 -21.3762 2
      vertex 34.7467 -21.4022 2
    endloop
  endfacet
  facet normal 0.58871 -0.808344 0
    outer loop
      vertex 34.7824 -21.3762 2
      vertex 34.7467 -21.4022 1.6
      vertex 34.7824 -21.3762 1.6
    endloop
  endfacet
  facet normal 0.63665 -0.771153 0
    outer loop
      vertex 34.7123 -21.4306 1.6
      vertex 34.7467 -21.4022 2
      vertex 34.7123 -21.4306 2
    endloop
  endfacet
  facet normal 0.63665 -0.771153 0
    outer loop
      vertex 34.7467 -21.4022 2
      vertex 34.7123 -21.4306 1.6
      vertex 34.7467 -21.4022 1.6
    endloop
  endfacet
  facet normal 0.681296 -0.732008 0
    outer loop
      vertex 34.6791 -21.4615 1.6
      vertex 34.7123 -21.4306 2
      vertex 34.6791 -21.4615 2
    endloop
  endfacet
  facet normal 0.681296 -0.732008 0
    outer loop
      vertex 34.7123 -21.4306 2
      vertex 34.6791 -21.4615 1.6
      vertex 34.7123 -21.4306 1.6
    endloop
  endfacet
  facet normal 0.725492 -0.688231 0
    outer loop
      vertex 34.6477 -21.4946 2
      vertex 34.6791 -21.4615 1.6
      vertex 34.6791 -21.4615 2
    endloop
  endfacet
  facet normal 0.725492 -0.688231 0
    outer loop
      vertex 34.6791 -21.4615 1.6
      vertex 34.6477 -21.4946 2
      vertex 34.6477 -21.4946 1.6
    endloop
  endfacet
  facet normal 0.765533 -0.643397 0
    outer loop
      vertex 34.6182 -21.5297 2
      vertex 34.6477 -21.4946 1.6
      vertex 34.6477 -21.4946 2
    endloop
  endfacet
  facet normal 0.765533 -0.643397 0
    outer loop
      vertex 34.6477 -21.4946 1.6
      vertex 34.6182 -21.5297 2
      vertex 34.6182 -21.5297 1.6
    endloop
  endfacet
  facet normal 0.803365 -0.595486 0
    outer loop
      vertex 34.5907 -21.5668 2
      vertex 34.6182 -21.5297 1.6
      vertex 34.6182 -21.5297 2
    endloop
  endfacet
  facet normal 0.803365 -0.595486 0
    outer loop
      vertex 34.6182 -21.5297 1.6
      vertex 34.5907 -21.5668 2
      vertex 34.5907 -21.5668 1.6
    endloop
  endfacet
  facet normal 0.837952 -0.545743 0
    outer loop
      vertex 34.5653 -21.6058 2
      vertex 34.5907 -21.5668 1.6
      vertex 34.5907 -21.5668 2
    endloop
  endfacet
  facet normal 0.837952 -0.545743 0
    outer loop
      vertex 34.5907 -21.5668 1.6
      vertex 34.5653 -21.6058 2
      vertex 34.5653 -21.6058 1.6
    endloop
  endfacet
  facet normal 0.867982 -0.496596 0
    outer loop
      vertex 34.5419 -21.6467 2
      vertex 34.5653 -21.6058 1.6
      vertex 34.5653 -21.6058 2
    endloop
  endfacet
  facet normal 0.867982 -0.496596 0
    outer loop
      vertex 34.5653 -21.6058 1.6
      vertex 34.5419 -21.6467 2
      vertex 34.5419 -21.6467 1.6
    endloop
  endfacet
  facet normal 0.896088 -0.443876 0
    outer loop
      vertex 34.5206 -21.6897 2
      vertex 34.5419 -21.6467 1.6
      vertex 34.5419 -21.6467 2
    endloop
  endfacet
  facet normal 0.896088 -0.443876 0
    outer loop
      vertex 34.5419 -21.6467 1.6
      vertex 34.5206 -21.6897 2
      vertex 34.5206 -21.6897 1.6
    endloop
  endfacet
  facet normal 0.917978 -0.396632 0
    outer loop
      vertex 34.5012 -21.7346 2
      vertex 34.5206 -21.6897 1.6
      vertex 34.5206 -21.6897 2
    endloop
  endfacet
  facet normal 0.917978 -0.396632 0
    outer loop
      vertex 34.5206 -21.6897 1.6
      vertex 34.5012 -21.7346 2
      vertex 34.5012 -21.7346 1.6
    endloop
  endfacet
  facet normal 0.938206 -0.346076 0
    outer loop
      vertex 34.4839 -21.7815 2
      vertex 34.5012 -21.7346 1.6
      vertex 34.5012 -21.7346 2
    endloop
  endfacet
  facet normal 0.938206 -0.346076 0
    outer loop
      vertex 34.5012 -21.7346 1.6
      vertex 34.4839 -21.7815 2
      vertex 34.4839 -21.7815 1.6
    endloop
  endfacet
  facet normal 0.954201 -0.299166 0
    outer loop
      vertex 34.4686 -21.8303 2
      vertex 34.4839 -21.7815 1.6
      vertex 34.4839 -21.7815 2
    endloop
  endfacet
  facet normal 0.954201 -0.299166 0
    outer loop
      vertex 34.4839 -21.7815 1.6
      vertex 34.4686 -21.8303 2
      vertex 34.4686 -21.8303 1.6
    endloop
  endfacet
  facet normal 0.967394 -0.253275 0
    outer loop
      vertex 34.4553 -21.8811 2
      vertex 34.4686 -21.8303 1.6
      vertex 34.4686 -21.8303 2
    endloop
  endfacet
  facet normal 0.967394 -0.253275 0
    outer loop
      vertex 34.4686 -21.8303 1.6
      vertex 34.4553 -21.8811 2
      vertex 34.4553 -21.8811 1.6
    endloop
  endfacet
  facet normal 0.977857 -0.209276 0
    outer loop
      vertex 34.444 -21.9339 2
      vertex 34.4553 -21.8811 1.6
      vertex 34.4553 -21.8811 2
    endloop
  endfacet
  facet normal 0.977857 -0.209276 0
    outer loop
      vertex 34.4553 -21.8811 1.6
      vertex 34.444 -21.9339 2
      vertex 34.444 -21.9339 1.6
    endloop
  endfacet
  facet normal 0.986149 -0.165861 0
    outer loop
      vertex 34.4348 -21.9886 2
      vertex 34.444 -21.9339 1.6
      vertex 34.444 -21.9339 2
    endloop
  endfacet
  facet normal 0.986149 -0.165861 0
    outer loop
      vertex 34.444 -21.9339 1.6
      vertex 34.4348 -21.9886 2
      vertex 34.4348 -21.9886 1.6
    endloop
  endfacet
  facet normal 0.992034 -0.125973 0
    outer loop
      vertex 34.4276 -22.0453 2
      vertex 34.4348 -21.9886 1.6
      vertex 34.4348 -21.9886 2
    endloop
  endfacet
  facet normal 0.992034 -0.125973 0
    outer loop
      vertex 34.4348 -21.9886 1.6
      vertex 34.4276 -22.0453 2
      vertex 34.4276 -22.0453 1.6
    endloop
  endfacet
  facet normal 0 -1 0
    outer loop
      vertex 34.4181 -22.0453 1.6
      vertex 34.4276 -22.0453 2
      vertex 34.4181 -22.0453 2
    endloop
  endfacet
  facet normal 0 -1 -0
    outer loop
      vertex 34.4276 -22.0453 2
      vertex 34.4181 -22.0453 1.6
      vertex 34.4276 -22.0453 1.6
    endloop
  endfacet
  facet normal -0.975244 -0.221131 0
    outer loop
      vertex 34.4181 -22.0453 1.6
      vertex 34.4064 -21.9937 2
      vertex 34.4064 -21.9937 1.6
    endloop
  endfacet
  facet normal -0.975244 -0.221131 0
    outer loop
      vertex 34.4064 -21.9937 2
      vertex 34.4181 -22.0453 1.6
      vertex 34.4181 -22.0453 2
    endloop
  endfacet
  facet normal -0.966009 -0.258509 0
    outer loop
      vertex 34.4064 -21.9937 1.6
      vertex 34.3931 -21.944 2
      vertex 34.3931 -21.944 1.6
    endloop
  endfacet
  facet normal -0.966009 -0.258509 0
    outer loop
      vertex 34.3931 -21.944 2
      vertex 34.4064 -21.9937 1.6
      vertex 34.4064 -21.9937 2
    endloop
  endfacet
  facet normal -0.955084 -0.296336 0
    outer loop
      vertex 34.3931 -21.944 1.6
      vertex 34.3783 -21.8963 2
      vertex 34.3783 -21.8963 1.6
    endloop
  endfacet
  facet normal -0.955084 -0.296336 0
    outer loop
      vertex 34.3783 -21.8963 2
      vertex 34.3931 -21.944 1.6
      vertex 34.3931 -21.944 2
    endloop
  endfacet
  facet normal -0.942344 -0.334645 0
    outer loop
      vertex 34.3783 -21.8963 1.6
      vertex 34.362 -21.8504 2
      vertex 34.362 -21.8504 1.6
    endloop
  endfacet
  facet normal -0.942344 -0.334645 0
    outer loop
      vertex 34.362 -21.8504 2
      vertex 34.3783 -21.8963 1.6
      vertex 34.3783 -21.8963 2
    endloop
  endfacet
  facet normal -0.926719 -0.375754 0
    outer loop
      vertex 34.362 -21.8504 1.6
      vertex 34.3442 -21.8065 2
      vertex 34.3442 -21.8065 1.6
    endloop
  endfacet
  facet normal -0.926719 -0.375754 0
    outer loop
      vertex 34.3442 -21.8065 2
      vertex 34.362 -21.8504 1.6
      vertex 34.362 -21.8504 2
    endloop
  endfacet
  facet normal -0.907833 -0.419332 0
    outer loop
      vertex 34.3442 -21.8065 1.6
      vertex 34.3248 -21.7645 2
      vertex 34.3248 -21.7645 1.6
    endloop
  endfacet
  facet normal -0.907833 -0.419332 0
    outer loop
      vertex 34.3248 -21.7645 2
      vertex 34.3442 -21.8065 1.6
      vertex 34.3442 -21.8065 2
    endloop
  endfacet
  facet normal -0.886782 -0.462188 0
    outer loop
      vertex 34.3248 -21.7645 1.6
      vertex 34.3039 -21.7244 2
      vertex 34.3039 -21.7244 1.6
    endloop
  endfacet
  facet normal -0.886782 -0.462188 0
    outer loop
      vertex 34.3039 -21.7244 2
      vertex 34.3248 -21.7645 1.6
      vertex 34.3248 -21.7645 2
    endloop
  endfacet
  facet normal -0.861061 -0.508501 0
    outer loop
      vertex 34.3039 -21.7244 1.6
      vertex 34.2814 -21.6863 2
      vertex 34.2814 -21.6863 1.6
    endloop
  endfacet
  facet normal -0.861061 -0.508501 0
    outer loop
      vertex 34.2814 -21.6863 2
      vertex 34.3039 -21.7244 1.6
      vertex 34.3039 -21.7244 2
    endloop
  endfacet
  facet normal -0.835222 -0.549912 0
    outer loop
      vertex 34.2814 -21.6863 1.6
      vertex 34.2575 -21.65 2
      vertex 34.2575 -21.65 1.6
    endloop
  endfacet
  facet normal -0.835222 -0.549912 0
    outer loop
      vertex 34.2575 -21.65 2
      vertex 34.2814 -21.6863 1.6
      vertex 34.2814 -21.6863 2
    endloop
  endfacet
  facet normal -0.80252 -0.596625 0
    outer loop
      vertex 34.2575 -21.65 1.6
      vertex 34.232 -21.6157 2
      vertex 34.232 -21.6157 1.6
    endloop
  endfacet
  facet normal -0.80252 -0.596625 0
    outer loop
      vertex 34.232 -21.6157 2
      vertex 34.2575 -21.65 1.6
      vertex 34.2575 -21.65 2
    endloop
  endfacet
  facet normal -0.767247 -0.641352 0
    outer loop
      vertex 34.232 -21.6157 1.6
      vertex 34.205 -21.5834 2
      vertex 34.205 -21.5834 1.6
    endloop
  endfacet
  facet normal -0.767247 -0.641352 0
    outer loop
      vertex 34.205 -21.5834 2
      vertex 34.232 -21.6157 1.6
      vertex 34.232 -21.6157 2
    endloop
  endfacet
  facet normal -0.729463 -0.684021 0
    outer loop
      vertex 34.205 -21.5834 1.6
      vertex 34.1764 -21.5529 2
      vertex 34.1764 -21.5529 1.6
    endloop
  endfacet
  facet normal -0.729463 -0.684021 0
    outer loop
      vertex 34.1764 -21.5529 2
      vertex 34.205 -21.5834 1.6
      vertex 34.205 -21.5834 2
    endloop
  endfacet
  facet normal -0.687544 -0.726143 0
    outer loop
      vertex 34.1463 -21.5244 1.6
      vertex 34.1764 -21.5529 2
      vertex 34.1463 -21.5244 2
    endloop
  endfacet
  facet normal -0.687544 -0.726143 -0
    outer loop
      vertex 34.1764 -21.5529 2
      vertex 34.1463 -21.5244 1.6
      vertex 34.1764 -21.5529 1.6
    endloop
  endfacet
  facet normal -0.642566 -0.76623 0
    outer loop
      vertex 34.1147 -21.4979 1.6
      vertex 34.1463 -21.5244 2
      vertex 34.1147 -21.4979 2
    endloop
  endfacet
  facet normal -0.642566 -0.76623 -0
    outer loop
      vertex 34.1463 -21.5244 2
      vertex 34.1147 -21.4979 1.6
      vertex 34.1463 -21.5244 1.6
    endloop
  endfacet
  facet normal -0.595695 -0.803211 0
    outer loop
      vertex 34.0818 -21.4735 1.6
      vertex 34.1147 -21.4979 2
      vertex 34.0818 -21.4735 2
    endloop
  endfacet
  facet normal -0.595695 -0.803211 -0
    outer loop
      vertex 34.1147 -21.4979 2
      vertex 34.0818 -21.4735 1.6
      vertex 34.1147 -21.4979 1.6
    endloop
  endfacet
  facet normal -0.543959 -0.839112 0
    outer loop
      vertex 34.0474 -21.4512 1.6
      vertex 34.0818 -21.4735 2
      vertex 34.0474 -21.4512 2
    endloop
  endfacet
  facet normal -0.543959 -0.839112 -0
    outer loop
      vertex 34.0818 -21.4735 2
      vertex 34.0474 -21.4512 1.6
      vertex 34.0818 -21.4735 1.6
    endloop
  endfacet
  facet normal -0.489567 -0.871966 0
    outer loop
      vertex 34.0116 -21.4311 1.6
      vertex 34.0474 -21.4512 2
      vertex 34.0116 -21.4311 2
    endloop
  endfacet
  facet normal -0.489567 -0.871966 -0
    outer loop
      vertex 34.0474 -21.4512 2
      vertex 34.0116 -21.4311 1.6
      vertex 34.0474 -21.4512 1.6
    endloop
  endfacet
  facet normal -0.436569 -0.899671 0
    outer loop
      vertex 33.9743 -21.413 1.6
      vertex 34.0116 -21.4311 2
      vertex 33.9743 -21.413 2
    endloop
  endfacet
  facet normal -0.436569 -0.899671 -0
    outer loop
      vertex 34.0116 -21.4311 2
      vertex 33.9743 -21.413 1.6
      vertex 34.0116 -21.4311 1.6
    endloop
  endfacet
  facet normal -0.38087 -0.924628 0
    outer loop
      vertex 33.9357 -21.3971 1.6
      vertex 33.9743 -21.413 2
      vertex 33.9357 -21.3971 2
    endloop
  endfacet
  facet normal -0.38087 -0.924628 -0
    outer loop
      vertex 33.9743 -21.413 2
      vertex 33.9357 -21.3971 1.6
      vertex 33.9743 -21.413 1.6
    endloop
  endfacet
  facet normal -0.325409 -0.945573 0
    outer loop
      vertex 33.8956 -21.3833 1.6
      vertex 33.9357 -21.3971 2
      vertex 33.8956 -21.3833 2
    endloop
  endfacet
  facet normal -0.325409 -0.945573 -0
    outer loop
      vertex 33.9357 -21.3971 2
      vertex 33.8956 -21.3833 1.6
      vertex 33.9357 -21.3971 1.6
    endloop
  endfacet
  facet normal -0.2692 -0.963084 0
    outer loop
      vertex 33.8541 -21.3717 1.6
      vertex 33.8956 -21.3833 2
      vertex 33.8541 -21.3717 2
    endloop
  endfacet
  facet normal -0.2692 -0.963084 -0
    outer loop
      vertex 33.8956 -21.3833 2
      vertex 33.8541 -21.3717 1.6
      vertex 33.8956 -21.3833 1.6
    endloop
  endfacet
  facet normal -0.218375 -0.975865 0
    outer loop
      vertex 33.8112 -21.3621 1.6
      vertex 33.8541 -21.3717 2
      vertex 33.8112 -21.3621 2
    endloop
  endfacet
  facet normal -0.218375 -0.975865 -0
    outer loop
      vertex 33.8541 -21.3717 2
      vertex 33.8112 -21.3621 1.6
      vertex 33.8541 -21.3717 1.6
    endloop
  endfacet
  facet normal -0.164399 -0.986394 0
    outer loop
      vertex 33.7668 -21.3547 1.6
      vertex 33.8112 -21.3621 2
      vertex 33.7668 -21.3547 2
    endloop
  endfacet
  facet normal -0.164399 -0.986394 -0
    outer loop
      vertex 33.8112 -21.3621 2
      vertex 33.7668 -21.3547 1.6
      vertex 33.8112 -21.3621 1.6
    endloop
  endfacet
  facet normal -0.115202 -0.993342 0
    outer loop
      vertex 33.7211 -21.3494 1.6
      vertex 33.7668 -21.3547 2
      vertex 33.7211 -21.3494 2
    endloop
  endfacet
  facet normal -0.115202 -0.993342 -0
    outer loop
      vertex 33.7668 -21.3547 2
      vertex 33.7211 -21.3494 1.6
      vertex 33.7668 -21.3547 1.6
    endloop
  endfacet
  facet normal -0.0676413 -0.99771 0
    outer loop
      vertex 33.6739 -21.3462 1.6
      vertex 33.7211 -21.3494 2
      vertex 33.6739 -21.3462 2
    endloop
  endfacet
  facet normal -0.0676413 -0.99771 -0
    outer loop
      vertex 33.7211 -21.3494 2
      vertex 33.6739 -21.3462 1.6
      vertex 33.7211 -21.3494 1.6
    endloop
  endfacet
  facet normal -0.0205718 -0.999788 0
    outer loop
      vertex 33.6253 -21.3452 1.6
      vertex 33.6739 -21.3462 2
      vertex 33.6253 -21.3452 2
    endloop
  endfacet
  facet normal -0.0205718 -0.999788 -0
    outer loop
      vertex 33.6739 -21.3462 2
      vertex 33.6253 -21.3452 1.6
      vertex 33.6739 -21.3462 1.6
    endloop
  endfacet
  facet normal 0.0253484 -0.999679 0
    outer loop
      vertex 33.5622 -21.3468 1.6
      vertex 33.6253 -21.3452 2
      vertex 33.5622 -21.3468 2
    endloop
  endfacet
  facet normal 0.0253484 -0.999679 0
    outer loop
      vertex 33.6253 -21.3452 2
      vertex 33.5622 -21.3468 1.6
      vertex 33.6253 -21.3452 1.6
    endloop
  endfacet
  facet normal 0.0816932 -0.996658 0
    outer loop
      vertex 33.5012 -21.3518 1.6
      vertex 33.5622 -21.3468 2
      vertex 33.5012 -21.3518 2
    endloop
  endfacet
  facet normal 0.0816932 -0.996658 0
    outer loop
      vertex 33.5622 -21.3468 2
      vertex 33.5012 -21.3518 1.6
      vertex 33.5622 -21.3468 1.6
    endloop
  endfacet
  facet normal 0.137889 -0.990448 0
    outer loop
      vertex 33.4423 -21.36 1.6
      vertex 33.5012 -21.3518 2
      vertex 33.4423 -21.36 2
    endloop
  endfacet
  facet normal 0.137889 -0.990448 0
    outer loop
      vertex 33.5012 -21.3518 2
      vertex 33.4423 -21.36 1.6
      vertex 33.5012 -21.3518 1.6
    endloop
  endfacet
  facet normal 0.200774 -0.979638 0
    outer loop
      vertex 33.3857 -21.3716 1.6
      vertex 33.4423 -21.36 2
      vertex 33.3857 -21.3716 2
    endloop
  endfacet
  facet normal 0.200774 -0.979638 0
    outer loop
      vertex 33.4423 -21.36 2
      vertex 33.3857 -21.3716 1.6
      vertex 33.4423 -21.36 1.6
    endloop
  endfacet
  facet normal 0.262068 -0.965049 0
    outer loop
      vertex 33.3312 -21.3864 1.6
      vertex 33.3857 -21.3716 2
      vertex 33.3312 -21.3864 2
    endloop
  endfacet
  facet normal 0.262068 -0.965049 0
    outer loop
      vertex 33.3857 -21.3716 2
      vertex 33.3312 -21.3864 1.6
      vertex 33.3857 -21.3716 1.6
    endloop
  endfacet
  facet normal 0.328661 -0.944448 0
    outer loop
      vertex 33.2789 -21.4046 1.6
      vertex 33.3312 -21.3864 2
      vertex 33.2789 -21.4046 2
    endloop
  endfacet
  facet normal 0.328661 -0.944448 0
    outer loop
      vertex 33.3312 -21.3864 2
      vertex 33.2789 -21.4046 1.6
      vertex 33.3312 -21.3864 1.6
    endloop
  endfacet
  facet normal 0.392811 -0.919619 0
    outer loop
      vertex 33.2288 -21.426 1.6
      vertex 33.2789 -21.4046 2
      vertex 33.2288 -21.426 2
    endloop
  endfacet
  facet normal 0.392811 -0.919619 0
    outer loop
      vertex 33.2789 -21.4046 2
      vertex 33.2288 -21.426 1.6
      vertex 33.2789 -21.4046 1.6
    endloop
  endfacet
  facet normal 0.459776 -0.888035 0
    outer loop
      vertex 33.1809 -21.4508 1.6
      vertex 33.2288 -21.426 2
      vertex 33.1809 -21.4508 2
    endloop
  endfacet
  facet normal 0.459776 -0.888035 0
    outer loop
      vertex 33.2288 -21.426 2
      vertex 33.1809 -21.4508 1.6
      vertex 33.2288 -21.426 1.6
    endloop
  endfacet
  facet normal 0.521601 -0.85319 0
    outer loop
      vertex 33.1351 -21.4788 1.6
      vertex 33.1809 -21.4508 2
      vertex 33.1351 -21.4788 2
    endloop
  endfacet
  facet normal 0.521601 -0.85319 0
    outer loop
      vertex 33.1809 -21.4508 2
      vertex 33.1351 -21.4788 1.6
      vertex 33.1809 -21.4508 1.6
    endloop
  endfacet
  facet normal 0.584403 -0.811464 0
    outer loop
      vertex 33.0915 -21.5102 1.6
      vertex 33.1351 -21.4788 2
      vertex 33.0915 -21.5102 2
    endloop
  endfacet
  facet normal 0.584403 -0.811464 0
    outer loop
      vertex 33.1351 -21.4788 2
      vertex 33.0915 -21.5102 1.6
      vertex 33.1351 -21.4788 1.6
    endloop
  endfacet
  facet normal 0.641278 -0.767309 0
    outer loop
      vertex 33.0501 -21.5448 1.6
      vertex 33.0915 -21.5102 2
      vertex 33.0501 -21.5448 2
    endloop
  endfacet
  facet normal 0.641278 -0.767309 0
    outer loop
      vertex 33.0915 -21.5102 2
      vertex 33.0501 -21.5448 1.6
      vertex 33.0915 -21.5102 1.6
    endloop
  endfacet
  facet normal 0.696031 -0.718011 0
    outer loop
      vertex 33.0109 -21.5828 1.6
      vertex 33.0501 -21.5448 2
      vertex 33.0109 -21.5828 2
    endloop
  endfacet
  facet normal 0.696031 -0.718011 0
    outer loop
      vertex 33.0501 -21.5448 2
      vertex 33.0109 -21.5828 1.6
      vertex 33.0501 -21.5448 1.6
    endloop
  endfacet
  facet normal 0.743921 -0.668268 0
    outer loop
      vertex 32.9738 -21.6241 2
      vertex 33.0109 -21.5828 1.6
      vertex 33.0109 -21.5828 2
    endloop
  endfacet
  facet normal 0.743921 -0.668268 0
    outer loop
      vertex 33.0109 -21.5828 1.6
      vertex 32.9738 -21.6241 2
      vertex 32.9738 -21.6241 1.6
    endloop
  endfacet
  facet normal 0.788295 -0.615298 0
    outer loop
      vertex 32.9393 -21.6683 2
      vertex 32.9738 -21.6241 1.6
      vertex 32.9738 -21.6241 2
    endloop
  endfacet
  facet normal 0.788295 -0.615298 0
    outer loop
      vertex 32.9738 -21.6241 1.6
      vertex 32.9393 -21.6683 2
      vertex 32.9393 -21.6683 1.6
    endloop
  endfacet
  facet normal 0.826861 -0.562406 0
    outer loop
      vertex 32.9074 -21.7152 2
      vertex 32.9393 -21.6683 1.6
      vertex 32.9393 -21.6683 2
    endloop
  endfacet
  facet normal 0.826861 -0.562406 0
    outer loop
      vertex 32.9393 -21.6683 1.6
      vertex 32.9074 -21.7152 2
      vertex 32.9074 -21.7152 1.6
    endloop
  endfacet
  facet normal 0.862829 -0.505496 0
    outer loop
      vertex 32.8784 -21.7647 2
      vertex 32.9074 -21.7152 1.6
      vertex 32.9074 -21.7152 2
    endloop
  endfacet
  facet normal 0.862829 -0.505496 0
    outer loop
      vertex 32.9074 -21.7152 1.6
      vertex 32.8784 -21.7647 2
      vertex 32.8784 -21.7647 1.6
    endloop
  endfacet
  facet normal 0.893054 -0.449949 0
    outer loop
      vertex 32.8521 -21.8169 2
      vertex 32.8784 -21.7647 1.6
      vertex 32.8784 -21.7647 2
    endloop
  endfacet
  facet normal 0.893054 -0.449949 0
    outer loop
      vertex 32.8784 -21.7647 1.6
      vertex 32.8521 -21.8169 2
      vertex 32.8521 -21.8169 1.6
    endloop
  endfacet
  facet normal 0.919318 -0.393515 0
    outer loop
      vertex 32.8286 -21.8718 2
      vertex 32.8521 -21.8169 1.6
      vertex 32.8521 -21.8169 2
    endloop
  endfacet
  facet normal 0.919318 -0.393515 0
    outer loop
      vertex 32.8521 -21.8169 1.6
      vertex 32.8286 -21.8718 2
      vertex 32.8286 -21.8718 1.6
    endloop
  endfacet
  facet normal 0.940365 -0.340167 0
    outer loop
      vertex 32.8078 -21.9293 2
      vertex 32.8286 -21.8718 1.6
      vertex 32.8286 -21.8718 2
    endloop
  endfacet
  facet normal 0.940365 -0.340167 0
    outer loop
      vertex 32.8286 -21.8718 1.6
      vertex 32.8078 -21.9293 2
      vertex 32.8078 -21.9293 1.6
    endloop
  endfacet
  facet normal 0.958395 -0.285445 0
    outer loop
      vertex 32.7899 -21.9894 2
      vertex 32.8078 -21.9293 1.6
      vertex 32.8078 -21.9293 2
    endloop
  endfacet
  facet normal 0.958395 -0.285445 0
    outer loop
      vertex 32.8078 -21.9293 1.6
      vertex 32.7899 -21.9894 2
      vertex 32.7899 -21.9894 1.6
    endloop
  endfacet
  facet normal 0.971581 -0.236707 0
    outer loop
      vertex 32.7746 -22.0522 2
      vertex 32.7899 -21.9894 1.6
      vertex 32.7899 -21.9894 2
    endloop
  endfacet
  facet normal 0.971581 -0.236707 0
    outer loop
      vertex 32.7899 -21.9894 1.6
      vertex 32.7746 -22.0522 2
      vertex 32.7746 -22.0522 1.6
    endloop
  endfacet
  facet normal 0.982548 -0.186009 0
    outer loop
      vertex 32.7622 -22.1177 2
      vertex 32.7746 -22.0522 1.6
      vertex 32.7746 -22.0522 2
    endloop
  endfacet
  facet normal 0.982548 -0.186009 0
    outer loop
      vertex 32.7746 -22.0522 1.6
      vertex 32.7622 -22.1177 2
      vertex 32.7622 -22.1177 1.6
    endloop
  endfacet
  facet normal 0.990008 -0.141014 0
    outer loop
      vertex 32.7525 -22.1858 2
      vertex 32.7622 -22.1177 1.6
      vertex 32.7622 -22.1177 2
    endloop
  endfacet
  facet normal 0.990008 -0.141014 0
    outer loop
      vertex 32.7622 -22.1177 1.6
      vertex 32.7525 -22.1858 2
      vertex 32.7525 -22.1858 1.6
    endloop
  endfacet
  facet normal 0.995285 -0.0969981 0
    outer loop
      vertex 32.7456 -22.2566 2
      vertex 32.7525 -22.1858 1.6
      vertex 32.7525 -22.1858 2
    endloop
  endfacet
  facet normal 0.995285 -0.0969981 0
    outer loop
      vertex 32.7525 -22.1858 1.6
      vertex 32.7456 -22.2566 2
      vertex 32.7456 -22.2566 1.6
    endloop
  endfacet
  facet normal 0.998367 -0.0571273 0
    outer loop
      vertex 32.7414 -22.33 2
      vertex 32.7456 -22.2566 1.6
      vertex 32.7456 -22.2566 2
    endloop
  endfacet
  facet normal 0.998367 -0.0571273 0
    outer loop
      vertex 32.7456 -22.2566 1.6
      vertex 32.7414 -22.33 2
      vertex 32.7414 -22.33 1.6
    endloop
  endfacet
  facet normal 0.999854 -0.0170803 0
    outer loop
      vertex 32.7401 -22.4061 2
      vertex 32.7414 -22.33 1.6
      vertex 32.7414 -22.33 2
    endloop
  endfacet
  facet normal 0.999854 -0.0170803 0
    outer loop
      vertex 32.7414 -22.33 1.6
      vertex 32.7401 -22.4061 2
      vertex 32.7401 -22.4061 1.6
    endloop
  endfacet
  facet normal 0.999827 0.0185948 0
    outer loop
      vertex 32.7414 -22.476 2
      vertex 32.7401 -22.4061 1.6
      vertex 32.7401 -22.4061 2
    endloop
  endfacet
  facet normal 0.999827 0.0185948 0
    outer loop
      vertex 32.7401 -22.4061 1.6
      vertex 32.7414 -22.476 2
      vertex 32.7414 -22.476 1.6
    endloop
  endfacet
  facet normal 0.998177 0.0603617 0
    outer loop
      vertex 32.7455 -22.5438 2
      vertex 32.7414 -22.476 1.6
      vertex 32.7414 -22.476 2
    endloop
  endfacet
  facet normal 0.998177 0.0603617 0
    outer loop
      vertex 32.7414 -22.476 1.6
      vertex 32.7455 -22.5438 2
      vertex 32.7455 -22.5438 1.6
    endloop
  endfacet
  facet normal 0.994718 0.102642 0
    outer loop
      vertex 32.7523 -22.6097 2
      vertex 32.7455 -22.5438 1.6
      vertex 32.7455 -22.5438 2
    endloop
  endfacet
  facet normal 0.994718 0.102642 0
    outer loop
      vertex 32.7455 -22.5438 1.6
      vertex 32.7523 -22.6097 2
      vertex 32.7523 -22.6097 1.6
    endloop
  endfacet
  facet normal 0.989129 0.147054 0
    outer loop
      vertex 32.7618 -22.6736 2
      vertex 32.7523 -22.6097 1.6
      vertex 32.7523 -22.6097 2
    endloop
  endfacet
  facet normal 0.989129 0.147054 0
    outer loop
      vertex 32.7523 -22.6097 1.6
      vertex 32.7618 -22.6736 2
      vertex 32.7618 -22.6736 1.6
    endloop
  endfacet
  facet normal 0.980824 0.194897 0
    outer loop
      vertex 32.7741 -22.7355 2
      vertex 32.7618 -22.6736 1.6
      vertex 32.7618 -22.6736 2
    endloop
  endfacet
  facet normal 0.980824 0.194897 0
    outer loop
      vertex 32.7618 -22.6736 1.6
      vertex 32.7741 -22.7355 2
      vertex 32.7741 -22.7355 1.6
    endloop
  endfacet
  facet normal 0.970143 0.242536 0
    outer loop
      vertex 32.7891 -22.7955 2
      vertex 32.7741 -22.7355 1.6
      vertex 32.7741 -22.7355 2
    endloop
  endfacet
  facet normal 0.970143 0.242536 0
    outer loop
      vertex 32.7741 -22.7355 1.6
      vertex 32.7891 -22.7955 2
      vertex 32.7891 -22.7955 1.6
    endloop
  endfacet
  facet normal 0.956454 0.291883 0
    outer loop
      vertex 32.8068 -22.8535 2
      vertex 32.7891 -22.7955 1.6
      vertex 32.7891 -22.7955 2
    endloop
  endfacet
  facet normal 0.956454 0.291883 0
    outer loop
      vertex 32.7891 -22.7955 1.6
      vertex 32.8068 -22.8535 2
      vertex 32.8068 -22.8535 1.6
    endloop
  endfacet
  facet normal 0.939597 0.342282 0
    outer loop
      vertex 32.8272 -22.9095 2
      vertex 32.8068 -22.8535 1.6
      vertex 32.8068 -22.8535 2
    endloop
  endfacet
  facet normal 0.939597 0.342282 0
    outer loop
      vertex 32.8068 -22.8535 1.6
      vertex 32.8272 -22.9095 2
      vertex 32.8272 -22.9095 1.6
    endloop
  endfacet
  facet normal 0.918793 0.394741 0
    outer loop
      vertex 32.8504 -22.9635 2
      vertex 32.8272 -22.9095 1.6
      vertex 32.8272 -22.9095 2
    endloop
  endfacet
  facet normal 0.918793 0.394741 0
    outer loop
      vertex 32.8272 -22.9095 1.6
      vertex 32.8504 -22.9635 2
      vertex 32.8504 -22.9635 1.6
    endloop
  endfacet
  facet normal 0.895115 0.445836 0
    outer loop
      vertex 32.8763 -23.0155 2
      vertex 32.8504 -22.9635 1.6
      vertex 32.8504 -22.9635 2
    endloop
  endfacet
  facet normal 0.895115 0.445836 0
    outer loop
      vertex 32.8504 -22.9635 1.6
      vertex 32.8763 -23.0155 2
      vertex 32.8763 -23.0155 1.6
    endloop
  endfacet
  facet normal 0.868029 0.496513 0
    outer loop
      vertex 32.9049 -23.0655 2
      vertex 32.8763 -23.0155 1.6
      vertex 32.8763 -23.0155 2
    endloop
  endfacet
  facet normal 0.868029 0.496513 0
    outer loop
      vertex 32.8763 -23.0155 1.6
      vertex 32.9049 -23.0655 2
      vertex 32.9049 -23.0655 1.6
    endloop
  endfacet
  facet normal 0.838165 0.545417 0
    outer loop
      vertex 32.9362 -23.1136 2
      vertex 32.9049 -23.0655 1.6
      vertex 32.9049 -23.0655 2
    endloop
  endfacet
  facet normal 0.838165 0.545417 0
    outer loop
      vertex 32.9049 -23.0655 1.6
      vertex 32.9362 -23.1136 2
      vertex 32.9362 -23.1136 1.6
    endloop
  endfacet
  facet normal 0.803959 0.594685 0
    outer loop
      vertex 32.9703 -23.1597 2
      vertex 32.9362 -23.1136 1.6
      vertex 32.9362 -23.1136 2
    endloop
  endfacet
  facet normal 0.803959 0.594685 0
    outer loop
      vertex 32.9362 -23.1136 1.6
      vertex 32.9703 -23.1597 2
      vertex 32.9703 -23.1597 1.6
    endloop
  endfacet
  facet normal 0.766778 0.641913 0
    outer loop
      vertex 33.0068 -23.2033 2
      vertex 32.9703 -23.1597 1.6
      vertex 32.9703 -23.1597 2
    endloop
  endfacet
  facet normal 0.766778 0.641913 0
    outer loop
      vertex 32.9703 -23.1597 1.6
      vertex 33.0068 -23.2033 2
      vertex 33.0068 -23.2033 1.6
    endloop
  endfacet
  facet normal 0.72642 0.687251 0
    outer loop
      vertex 33.0454 -23.2441 2
      vertex 33.0068 -23.2033 1.6
      vertex 33.0068 -23.2033 2
    endloop
  endfacet
  facet normal 0.72642 0.687251 0
    outer loop
      vertex 33.0068 -23.2033 1.6
      vertex 33.0454 -23.2441 2
      vertex 33.0454 -23.2441 1.6
    endloop
  endfacet
  facet normal 0.679623 0.733561 -0
    outer loop
      vertex 33.0862 -23.2819 1.6
      vertex 33.0454 -23.2441 2
      vertex 33.0862 -23.2819 2
    endloop
  endfacet
  facet normal 0.679623 0.733561 0
    outer loop
      vertex 33.0454 -23.2441 2
      vertex 33.0862 -23.2819 1.6
      vertex 33.0454 -23.2441 1.6
    endloop
  endfacet
  facet normal 0.631955 0.775005 -0
    outer loop
      vertex 33.129 -23.3168 1.6
      vertex 33.0862 -23.2819 2
      vertex 33.129 -23.3168 2
    endloop
  endfacet
  facet normal 0.631955 0.775005 0
    outer loop
      vertex 33.0862 -23.2819 2
      vertex 33.129 -23.3168 1.6
      vertex 33.0862 -23.2819 1.6
    endloop
  endfacet
  facet normal 0.578669 0.815562 -0
    outer loop
      vertex 33.1741 -23.3488 1.6
      vertex 33.129 -23.3168 2
      vertex 33.1741 -23.3488 2
    endloop
  endfacet
  facet normal 0.578669 0.815562 0
    outer loop
      vertex 33.129 -23.3168 2
      vertex 33.1741 -23.3488 1.6
      vertex 33.129 -23.3168 1.6
    endloop
  endfacet
  facet normal 0.525608 0.850727 -0
    outer loop
      vertex 33.2212 -23.3779 1.6
      vertex 33.1741 -23.3488 2
      vertex 33.2212 -23.3779 2
    endloop
  endfacet
  facet normal 0.525608 0.850727 0
    outer loop
      vertex 33.1741 -23.3488 2
      vertex 33.2212 -23.3779 1.6
      vertex 33.1741 -23.3488 1.6
    endloop
  endfacet
  facet normal 0.469286 0.883046 -0
    outer loop
      vertex 33.2705 -23.4041 1.6
      vertex 33.2212 -23.3779 2
      vertex 33.2705 -23.4041 2
    endloop
  endfacet
  facet normal 0.469286 0.883046 0
    outer loop
      vertex 33.2212 -23.3779 2
      vertex 33.2705 -23.4041 1.6
      vertex 33.2212 -23.3779 1.6
    endloop
  endfacet
  facet normal 0.412868 0.910791 -0
    outer loop
      vertex 33.3219 -23.4274 1.6
      vertex 33.2705 -23.4041 2
      vertex 33.3219 -23.4274 2
    endloop
  endfacet
  facet normal 0.412868 0.910791 0
    outer loop
      vertex 33.2705 -23.4041 2
      vertex 33.3219 -23.4274 1.6
      vertex 33.2705 -23.4041 1.6
    endloop
  endfacet
  facet normal 0.355705 0.934598 -0
    outer loop
      vertex 33.3755 -23.4478 1.6
      vertex 33.3219 -23.4274 2
      vertex 33.3755 -23.4478 2
    endloop
  endfacet
  facet normal 0.355705 0.934598 0
    outer loop
      vertex 33.3219 -23.4274 2
      vertex 33.3755 -23.4478 1.6
      vertex 33.3219 -23.4274 1.6
    endloop
  endfacet
  facet normal 0.299738 0.954022 -0
    outer loop
      vertex 33.4312 -23.4653 1.6
      vertex 33.3755 -23.4478 2
      vertex 33.4312 -23.4653 2
    endloop
  endfacet
  facet normal 0.299738 0.954022 0
    outer loop
      vertex 33.3755 -23.4478 2
      vertex 33.4312 -23.4653 1.6
      vertex 33.3755 -23.4478 1.6
    endloop
  endfacet
  facet normal 0.243325 0.969945 -0
    outer loop
      vertex 33.489 -23.4798 1.6
      vertex 33.4312 -23.4653 2
      vertex 33.489 -23.4798 2
    endloop
  endfacet
  facet normal 0.243325 0.969945 0
    outer loop
      vertex 33.4312 -23.4653 2
      vertex 33.489 -23.4798 1.6
      vertex 33.4312 -23.4653 1.6
    endloop
  endfacet
  facet normal 0.191395 0.981513 -0
    outer loop
      vertex 33.549 -23.4915 1.6
      vertex 33.489 -23.4798 2
      vertex 33.549 -23.4915 2
    endloop
  endfacet
  facet normal 0.191395 0.981513 0
    outer loop
      vertex 33.489 -23.4798 2
      vertex 33.549 -23.4915 1.6
      vertex 33.489 -23.4798 1.6
    endloop
  endfacet
  facet normal 0.140305 0.990108 -0
    outer loop
      vertex 33.6111 -23.5003 1.6
      vertex 33.549 -23.4915 2
      vertex 33.6111 -23.5003 2
    endloop
  endfacet
  facet normal 0.140305 0.990108 0
    outer loop
      vertex 33.549 -23.4915 2
      vertex 33.6111 -23.5003 1.6
      vertex 33.549 -23.4915 1.6
    endloop
  endfacet
  facet normal -0.997027 0.0770514 0
    outer loop
      vertex 33.6111 -23.5003 1.6
      vertex 33.6443 -23.0707 2
      vertex 33.6443 -23.0707 1.6
    endloop
  endfacet
  facet normal -0.997027 0.0770514 0
    outer loop
      vertex 33.6443 -23.0707 2
      vertex 33.6111 -23.5003 1.6
      vertex 33.6111 -23.5003 2
    endloop
  endfacet
  facet normal -0.132001 -0.99125 0
    outer loop
      vertex 33.6045 -23.0654 1.6
      vertex 33.6443 -23.0707 2
      vertex 33.6045 -23.0654 2
    endloop
  endfacet
  facet normal -0.132001 -0.99125 -0
    outer loop
      vertex 33.6443 -23.0707 2
      vertex 33.6045 -23.0654 1.6
      vertex 33.6443 -23.0707 1.6
    endloop
  endfacet
  facet normal -0.176855 -0.984237 0
    outer loop
      vertex 33.5661 -23.0585 1.6
      vertex 33.6045 -23.0654 2
      vertex 33.5661 -23.0585 2
    endloop
  endfacet
  facet normal -0.176855 -0.984237 -0
    outer loop
      vertex 33.6045 -23.0654 2
      vertex 33.5661 -23.0585 1.6
      vertex 33.6045 -23.0654 1.6
    endloop
  endfacet
  facet normal -0.228893 -0.973452 0
    outer loop
      vertex 33.5291 -23.0498 1.6
      vertex 33.5661 -23.0585 2
      vertex 33.5291 -23.0498 2
    endloop
  endfacet
  facet normal -0.228893 -0.973452 -0
    outer loop
      vertex 33.5661 -23.0585 2
      vertex 33.5291 -23.0498 1.6
      vertex 33.5661 -23.0585 1.6
    endloop
  endfacet
  facet normal -0.282166 -0.959366 0
    outer loop
      vertex 33.4934 -23.0393 1.6
      vertex 33.5291 -23.0498 2
      vertex 33.4934 -23.0393 2
    endloop
  endfacet
  facet normal -0.282166 -0.959366 -0
    outer loop
      vertex 33.5291 -23.0498 2
      vertex 33.4934 -23.0393 1.6
      vertex 33.5291 -23.0498 1.6
    endloop
  endfacet
  facet normal -0.333541 -0.942736 0
    outer loop
      vertex 33.4592 -23.0272 1.6
      vertex 33.4934 -23.0393 2
      vertex 33.4592 -23.0272 2
    endloop
  endfacet
  facet normal -0.333541 -0.942736 -0
    outer loop
      vertex 33.4934 -23.0393 2
      vertex 33.4592 -23.0272 1.6
      vertex 33.4934 -23.0393 1.6
    endloop
  endfacet
  facet normal -0.390189 -0.920735 0
    outer loop
      vertex 33.4264 -23.0133 1.6
      vertex 33.4592 -23.0272 2
      vertex 33.4264 -23.0133 2
    endloop
  endfacet
  facet normal -0.390189 -0.920735 -0
    outer loop
      vertex 33.4592 -23.0272 2
      vertex 33.4264 -23.0133 1.6
      vertex 33.4592 -23.0272 1.6
    endloop
  endfacet
  facet normal -0.44493 -0.895565 0
    outer loop
      vertex 33.395 -22.9977 1.6
      vertex 33.4264 -23.0133 2
      vertex 33.395 -22.9977 2
    endloop
  endfacet
  facet normal -0.44493 -0.895565 -0
    outer loop
      vertex 33.4264 -23.0133 2
      vertex 33.395 -22.9977 1.6
      vertex 33.4264 -23.0133 1.6
    endloop
  endfacet
  facet normal -0.501718 -0.865031 0
    outer loop
      vertex 33.365 -22.9803 1.6
      vertex 33.395 -22.9977 2
      vertex 33.365 -22.9803 2
    endloop
  endfacet
  facet normal -0.501718 -0.865031 -0
    outer loop
      vertex 33.395 -22.9977 2
      vertex 33.365 -22.9803 1.6
      vertex 33.395 -22.9977 1.6
    endloop
  endfacet
  facet normal -0.553355 -0.832945 0
    outer loop
      vertex 33.3364 -22.9613 1.6
      vertex 33.365 -22.9803 2
      vertex 33.3364 -22.9613 2
    endloop
  endfacet
  facet normal -0.553355 -0.832945 -0
    outer loop
      vertex 33.365 -22.9803 2
      vertex 33.3364 -22.9613 1.6
      vertex 33.365 -22.9803 1.6
    endloop
  endfacet
  facet normal -0.60745 -0.794358 0
    outer loop
      vertex 33.3092 -22.9405 1.6
      vertex 33.3364 -22.9613 2
      vertex 33.3092 -22.9405 2
    endloop
  endfacet
  facet normal -0.60745 -0.794358 -0
    outer loop
      vertex 33.3364 -22.9613 2
      vertex 33.3092 -22.9405 1.6
      vertex 33.3364 -22.9613 1.6
    endloop
  endfacet
  facet normal -0.658712 -0.752395 0
    outer loop
      vertex 33.2835 -22.918 1.6
      vertex 33.3092 -22.9405 2
      vertex 33.2835 -22.918 2
    endloop
  endfacet
  facet normal -0.658712 -0.752395 -0
    outer loop
      vertex 33.3092 -22.9405 2
      vertex 33.2835 -22.918 1.6
      vertex 33.3092 -22.9405 1.6
    endloop
  endfacet
  facet normal -0.705653 -0.708557 0
    outer loop
      vertex 33.2591 -22.8937 1.6
      vertex 33.2835 -22.918 2
      vertex 33.2591 -22.8937 2
    endloop
  endfacet
  facet normal -0.705653 -0.708557 -0
    outer loop
      vertex 33.2835 -22.918 2
      vertex 33.2591 -22.8937 1.6
      vertex 33.2835 -22.918 1.6
    endloop
  endfacet
  facet normal -0.747728 -0.664005 0
    outer loop
      vertex 33.2591 -22.8937 1.6
      vertex 33.2361 -22.8678 2
      vertex 33.2361 -22.8678 1.6
    endloop
  endfacet
  facet normal -0.747728 -0.664005 0
    outer loop
      vertex 33.2361 -22.8678 2
      vertex 33.2591 -22.8937 1.6
      vertex 33.2591 -22.8937 2
    endloop
  endfacet
  facet normal -0.789198 -0.614139 0
    outer loop
      vertex 33.2361 -22.8678 1.6
      vertex 33.2147 -22.8403 2
      vertex 33.2147 -22.8403 1.6
    endloop
  endfacet
  facet normal -0.789198 -0.614139 0
    outer loop
      vertex 33.2147 -22.8403 2
      vertex 33.2361 -22.8678 1.6
      vertex 33.2361 -22.8678 2
    endloop
  endfacet
  facet normal -0.825378 -0.564581 0
    outer loop
      vertex 33.2147 -22.8403 1.6
      vertex 33.195 -22.8115 2
      vertex 33.195 -22.8115 1.6
    endloop
  endfacet
  facet normal -0.825378 -0.564581 0
    outer loop
      vertex 33.195 -22.8115 2
      vertex 33.2147 -22.8403 1.6
      vertex 33.2147 -22.8403 2
    endloop
  endfacet
  facet normal -0.857493 -0.514496 0
    outer loop
      vertex 33.195 -22.8115 1.6
      vertex 33.177 -22.7815 2
      vertex 33.177 -22.7815 1.6
    endloop
  endfacet
  facet normal -0.857493 -0.514496 0
    outer loop
      vertex 33.177 -22.7815 2
      vertex 33.195 -22.8115 1.6
      vertex 33.195 -22.8115 2
    endloop
  endfacet
  facet normal -0.886938 -0.461888 0
    outer loop
      vertex 33.177 -22.7815 1.6
      vertex 33.1607 -22.7502 2
      vertex 33.1607 -22.7502 1.6
    endloop
  endfacet
  facet normal -0.886938 -0.461888 0
    outer loop
      vertex 33.1607 -22.7502 2
      vertex 33.177 -22.7815 1.6
      vertex 33.177 -22.7815 2
    endloop
  endfacet
  facet normal -0.912653 -0.408734 0
    outer loop
      vertex 33.1607 -22.7502 1.6
      vertex 33.1461 -22.7176 2
      vertex 33.1461 -22.7176 1.6
    endloop
  endfacet
  facet normal -0.912653 -0.408734 0
    outer loop
      vertex 33.1461 -22.7176 2
      vertex 33.1607 -22.7502 1.6
      vertex 33.1607 -22.7502 2
    endloop
  endfacet
  facet normal -0.935533 -0.35324 0
    outer loop
      vertex 33.1461 -22.7176 1.6
      vertex 33.1333 -22.6837 2
      vertex 33.1333 -22.6837 1.6
    endloop
  endfacet
  facet normal -0.935533 -0.35324 0
    outer loop
      vertex 33.1333 -22.6837 2
      vertex 33.1461 -22.7176 1.6
      vertex 33.1461 -22.7176 2
    endloop
  endfacet
  facet normal -0.952676 -0.303988 0
    outer loop
      vertex 33.1333 -22.6837 1.6
      vertex 33.1221 -22.6486 2
      vertex 33.1221 -22.6486 1.6
    endloop
  endfacet
  facet normal -0.952676 -0.303988 0
    outer loop
      vertex 33.1221 -22.6486 2
      vertex 33.1333 -22.6837 1.6
      vertex 33.1333 -22.6837 2
    endloop
  endfacet
  facet normal -0.968236 -0.250039 0
    outer loop
      vertex 33.1221 -22.6486 1.6
      vertex 33.1127 -22.6122 2
      vertex 33.1127 -22.6122 1.6
    endloop
  endfacet
  facet normal -0.968236 -0.250039 0
    outer loop
      vertex 33.1127 -22.6122 2
      vertex 33.1221 -22.6486 1.6
      vertex 33.1221 -22.6486 2
    endloop
  endfacet
  facet normal -0.979877 -0.199604 0
    outer loop
      vertex 33.1127 -22.6122 1.6
      vertex 33.105 -22.5744 2
      vertex 33.105 -22.5744 1.6
    endloop
  endfacet
  facet normal -0.979877 -0.199604 0
    outer loop
      vertex 33.105 -22.5744 2
      vertex 33.1127 -22.6122 1.6
      vertex 33.1127 -22.6122 2
    endloop
  endfacet
  facet normal -0.988313 -0.152439 0
    outer loop
      vertex 33.105 -22.5744 1.6
      vertex 33.099 -22.5355 2
      vertex 33.099 -22.5355 1.6
    endloop
  endfacet
  facet normal -0.988313 -0.152439 0
    outer loop
      vertex 33.099 -22.5355 2
      vertex 33.105 -22.5744 1.6
      vertex 33.105 -22.5744 2
    endloop
  endfacet
  facet normal -0.994356 -0.106098 0
    outer loop
      vertex 33.099 -22.5355 1.6
      vertex 33.0947 -22.4952 2
      vertex 33.0947 -22.4952 1.6
    endloop
  endfacet
  facet normal -0.994356 -0.106098 0
    outer loop
      vertex 33.0947 -22.4952 2
      vertex 33.099 -22.5355 1.6
      vertex 33.099 -22.5355 2
    endloop
  endfacet
  facet normal -0.99819 -0.060132 0
    outer loop
      vertex 33.0947 -22.4952 1.6
      vertex 33.0922 -22.4537 2
      vertex 33.0922 -22.4537 1.6
    endloop
  endfacet
  facet normal -0.99819 -0.060132 0
    outer loop
      vertex 33.0922 -22.4537 2
      vertex 33.0947 -22.4952 1.6
      vertex 33.0947 -22.4952 2
    endloop
  endfacet
  facet normal -0.999779 -0.0210234 0
    outer loop
      vertex 33.0922 -22.4537 1.6
      vertex 33.0913 -22.4109 2
      vertex 33.0913 -22.4109 1.6
    endloop
  endfacet
  facet normal -0.999779 -0.0210234 0
    outer loop
      vertex 33.0913 -22.4109 2
      vertex 33.0922 -22.4537 1.6
      vertex 33.0922 -22.4537 2
    endloop
  endfacet
  facet normal -0.999817 0.0191454 0
    outer loop
      vertex 33.0913 -22.4109 1.6
      vertex 33.0922 -22.3639 2
      vertex 33.0922 -22.3639 1.6
    endloop
  endfacet
  facet normal -0.999817 0.0191454 0
    outer loop
      vertex 33.0922 -22.3639 2
      vertex 33.0913 -22.4109 1.6
      vertex 33.0913 -22.4109 2
    endloop
  endfacet
  facet normal -0.998078 0.061965 0
    outer loop
      vertex 33.0922 -22.3639 1.6
      vertex 33.095 -22.3188 2
      vertex 33.095 -22.3188 1.6
    endloop
  endfacet
  facet normal -0.998078 0.061965 0
    outer loop
      vertex 33.095 -22.3188 2
      vertex 33.0922 -22.3639 1.6
      vertex 33.0922 -22.3639 2
    endloop
  endfacet
  facet normal -0.994404 0.105641 0
    outer loop
      vertex 33.095 -22.3188 1.6
      vertex 33.0996 -22.2755 2
      vertex 33.0996 -22.2755 1.6
    endloop
  endfacet
  facet normal -0.994404 0.105641 0
    outer loop
      vertex 33.0996 -22.2755 2
      vertex 33.095 -22.3188 1.6
      vertex 33.095 -22.3188 2
    endloop
  endfacet
  facet normal -0.988317 0.152415 0
    outer loop
      vertex 33.0996 -22.2755 1.6
      vertex 33.106 -22.234 2
      vertex 33.106 -22.234 1.6
    endloop
  endfacet
  facet normal -0.988317 0.152415 0
    outer loop
      vertex 33.106 -22.234 2
      vertex 33.0996 -22.2755 1.6
      vertex 33.0996 -22.2755 2
    endloop
  endfacet
  facet normal -0.978733 0.205138 0
    outer loop
      vertex 33.106 -22.234 1.6
      vertex 33.1143 -22.1944 2
      vertex 33.1143 -22.1944 1.6
    endloop
  endfacet
  facet normal -0.978733 0.205138 0
    outer loop
      vertex 33.1143 -22.1944 2
      vertex 33.106 -22.234 1.6
      vertex 33.106 -22.234 2
    endloop
  endfacet
  facet normal -0.966277 0.257504 0
    outer loop
      vertex 33.1143 -22.1944 1.6
      vertex 33.1244 -22.1565 2
      vertex 33.1244 -22.1565 1.6
    endloop
  endfacet
  facet normal -0.966277 0.257504 0
    outer loop
      vertex 33.1244 -22.1565 2
      vertex 33.1143 -22.1944 1.6
      vertex 33.1143 -22.1944 2
    endloop
  endfacet
  facet normal -0.948946 0.315439 0
    outer loop
      vertex 33.1244 -22.1565 1.6
      vertex 33.1364 -22.1204 2
      vertex 33.1364 -22.1204 1.6
    endloop
  endfacet
  facet normal -0.948946 0.315439 0
    outer loop
      vertex 33.1364 -22.1204 2
      vertex 33.1244 -22.1565 1.6
      vertex 33.1244 -22.1565 2
    endloop
  endfacet
  facet normal -0.92735 0.374194 0
    outer loop
      vertex 33.1364 -22.1204 1.6
      vertex 33.1502 -22.0862 2
      vertex 33.1502 -22.0862 1.6
    endloop
  endfacet
  facet normal -0.92735 0.374194 0
    outer loop
      vertex 33.1502 -22.0862 2
      vertex 33.1364 -22.1204 1.6
      vertex 33.1364 -22.1204 2
    endloop
  endfacet
  facet normal -0.901523 0.432731 0
    outer loop
      vertex 33.1502 -22.0862 1.6
      vertex 33.1658 -22.0537 2
      vertex 33.1658 -22.0537 1.6
    endloop
  endfacet
  facet normal -0.901523 0.432731 0
    outer loop
      vertex 33.1658 -22.0537 2
      vertex 33.1502 -22.0862 1.6
      vertex 33.1502 -22.0862 2
    endloop
  endfacet
  facet normal -0.868069 0.496444 0
    outer loop
      vertex 33.1658 -22.0537 1.6
      vertex 33.1833 -22.0231 2
      vertex 33.1833 -22.0231 1.6
    endloop
  endfacet
  facet normal -0.868069 0.496444 0
    outer loop
      vertex 33.1833 -22.0231 2
      vertex 33.1658 -22.0537 1.6
      vertex 33.1658 -22.0537 2
    endloop
  endfacet
  facet normal -0.830717 0.556696 0
    outer loop
      vertex 33.1833 -22.0231 1.6
      vertex 33.2026 -21.9943 2
      vertex 33.2026 -21.9943 1.6
    endloop
  endfacet
  facet normal -0.830717 0.556696 0
    outer loop
      vertex 33.2026 -21.9943 2
      vertex 33.1833 -22.0231 1.6
      vertex 33.1833 -22.0231 2
    endloop
  endfacet
  facet normal -0.78652 0.617564 0
    outer loop
      vertex 33.2026 -21.9943 1.6
      vertex 33.2238 -21.9673 2
      vertex 33.2238 -21.9673 1.6
    endloop
  endfacet
  facet normal -0.78652 0.617564 0
    outer loop
      vertex 33.2238 -21.9673 2
      vertex 33.2026 -21.9943 1.6
      vertex 33.2026 -21.9943 2
    endloop
  endfacet
  facet normal -0.738612 0.67413 0
    outer loop
      vertex 33.2238 -21.9673 1.6
      vertex 33.2468 -21.9421 2
      vertex 33.2468 -21.9421 1.6
    endloop
  endfacet
  facet normal -0.738612 0.67413 0
    outer loop
      vertex 33.2468 -21.9421 2
      vertex 33.2238 -21.9673 1.6
      vertex 33.2238 -21.9673 2
    endloop
  endfacet
  facet normal -0.687663 0.72603 0
    outer loop
      vertex 33.2714 -21.9188 1.6
      vertex 33.2468 -21.9421 2
      vertex 33.2714 -21.9188 2
    endloop
  endfacet
  facet normal -0.687663 0.72603 0
    outer loop
      vertex 33.2468 -21.9421 2
      vertex 33.2714 -21.9188 1.6
      vertex 33.2468 -21.9421 1.6
    endloop
  endfacet
  facet normal -0.638722 0.769437 0
    outer loop
      vertex 33.2973 -21.8973 1.6
      vertex 33.2714 -21.9188 2
      vertex 33.2973 -21.8973 2
    endloop
  endfacet
  facet normal -0.638722 0.769437 0
    outer loop
      vertex 33.2714 -21.9188 2
      vertex 33.2973 -21.8973 1.6
      vertex 33.2714 -21.9188 1.6
    endloop
  endfacet
  facet normal -0.584619 0.811308 0
    outer loop
      vertex 33.3245 -21.8777 1.6
      vertex 33.2973 -21.8973 2
      vertex 33.3245 -21.8777 2
    endloop
  endfacet
  facet normal -0.584619 0.811308 0
    outer loop
      vertex 33.2973 -21.8973 2
      vertex 33.3245 -21.8777 1.6
      vertex 33.2973 -21.8973 1.6
    endloop
  endfacet
  facet normal -0.528397 0.848997 0
    outer loop
      vertex 33.3531 -21.8599 1.6
      vertex 33.3245 -21.8777 2
      vertex 33.3531 -21.8599 2
    endloop
  endfacet
  facet normal -0.528397 0.848997 0
    outer loop
      vertex 33.3245 -21.8777 2
      vertex 33.3531 -21.8599 1.6
      vertex 33.3245 -21.8777 1.6
    endloop
  endfacet
  facet normal -0.46599 0.88479 0
    outer loop
      vertex 33.3831 -21.8441 1.6
      vertex 33.3531 -21.8599 2
      vertex 33.3831 -21.8441 2
    endloop
  endfacet
  facet normal -0.46599 0.88479 0
    outer loop
      vertex 33.3531 -21.8599 2
      vertex 33.3831 -21.8441 1.6
      vertex 33.3531 -21.8599 1.6
    endloop
  endfacet
  facet normal -0.411821 0.911265 0
    outer loop
      vertex 33.4143 -21.83 1.6
      vertex 33.3831 -21.8441 2
      vertex 33.4143 -21.83 2
    endloop
  endfacet
  facet normal -0.411821 0.911265 0
    outer loop
      vertex 33.3831 -21.8441 2
      vertex 33.4143 -21.83 1.6
      vertex 33.3831 -21.8441 1.6
    endloop
  endfacet
  facet normal -0.34797 0.937506 0
    outer loop
      vertex 33.4469 -21.8179 1.6
      vertex 33.4143 -21.83 2
      vertex 33.4469 -21.8179 2
    endloop
  endfacet
  facet normal -0.34797 0.937506 0
    outer loop
      vertex 33.4143 -21.83 2
      vertex 33.4469 -21.8179 1.6
      vertex 33.4143 -21.83 1.6
    endloop
  endfacet
  facet normal -0.290712 0.956811 0
    outer loop
      vertex 33.4808 -21.8076 1.6
      vertex 33.4469 -21.8179 2
      vertex 33.4808 -21.8076 2
    endloop
  endfacet
  facet normal -0.290712 0.956811 0
    outer loop
      vertex 33.4469 -21.8179 2
      vertex 33.4808 -21.8076 1.6
      vertex 33.4469 -21.8179 1.6
    endloop
  endfacet
  facet normal -0.231496 0.972836 0
    outer loop
      vertex 33.5161 -21.7992 1.6
      vertex 33.4808 -21.8076 2
      vertex 33.5161 -21.7992 2
    endloop
  endfacet
  facet normal -0.231496 0.972836 0
    outer loop
      vertex 33.4808 -21.8076 2
      vertex 33.5161 -21.7992 1.6
      vertex 33.4808 -21.8076 1.6
    endloop
  endfacet
  facet normal -0.174859 0.984593 0
    outer loop
      vertex 33.5527 -21.7927 1.6
      vertex 33.5161 -21.7992 2
      vertex 33.5527 -21.7927 2
    endloop
  endfacet
  facet normal -0.174859 0.984593 0
    outer loop
      vertex 33.5161 -21.7992 2
      vertex 33.5527 -21.7927 1.6
      vertex 33.5161 -21.7992 1.6
    endloop
  endfacet
  facet normal -0.123068 0.992398 0
    outer loop
      vertex 33.5906 -21.788 1.6
      vertex 33.5527 -21.7927 2
      vertex 33.5906 -21.788 2
    endloop
  endfacet
  facet normal -0.123068 0.992398 0
    outer loop
      vertex 33.5527 -21.7927 2
      vertex 33.5906 -21.788 1.6
      vertex 33.5527 -21.7927 1.6
    endloop
  endfacet
  facet normal -0.0710667 0.997472 0
    outer loop
      vertex 33.6299 -21.7852 1.6
      vertex 33.5906 -21.788 2
      vertex 33.6299 -21.7852 2
    endloop
  endfacet
  facet normal -0.0710667 0.997472 0
    outer loop
      vertex 33.5906 -21.788 2
      vertex 33.6299 -21.7852 1.6
      vertex 33.5906 -21.788 1.6
    endloop
  endfacet
  facet normal -0.022162 0.999754 0
    outer loop
      vertex 33.6705 -21.7843 1.6
      vertex 33.6299 -21.7852 2
      vertex 33.6705 -21.7843 2
    endloop
  endfacet
  facet normal -0.022162 0.999754 0
    outer loop
      vertex 33.6299 -21.7852 2
      vertex 33.6705 -21.7843 1.6
      vertex 33.6299 -21.7852 1.6
    endloop
  endfacet
  facet normal 0.0268851 0.999639 -0
    outer loop
      vertex 33.7114 -21.7854 1.6
      vertex 33.6705 -21.7843 2
      vertex 33.7114 -21.7854 2
    endloop
  endfacet
  facet normal 0.0268851 0.999639 0
    outer loop
      vertex 33.6705 -21.7843 2
      vertex 33.7114 -21.7854 1.6
      vertex 33.6705 -21.7843 1.6
    endloop
  endfacet
  facet normal 0.0882618 0.996097 -0
    outer loop
      vertex 33.7509 -21.7889 1.6
      vertex 33.7114 -21.7854 2
      vertex 33.7509 -21.7889 2
    endloop
  endfacet
  facet normal 0.0882618 0.996097 0
    outer loop
      vertex 33.7114 -21.7854 2
      vertex 33.7509 -21.7889 1.6
      vertex 33.7114 -21.7854 1.6
    endloop
  endfacet
  facet normal 0.147581 0.98905 -0
    outer loop
      vertex 33.7891 -21.7946 1.6
      vertex 33.7509 -21.7889 2
      vertex 33.7891 -21.7946 2
    endloop
  endfacet
  facet normal 0.147581 0.98905 0
    outer loop
      vertex 33.7509 -21.7889 2
      vertex 33.7891 -21.7946 1.6
      vertex 33.7509 -21.7889 1.6
    endloop
  endfacet
  facet normal 0.212982 0.977056 -0
    outer loop
      vertex 33.8258 -21.8026 1.6
      vertex 33.7891 -21.7946 2
      vertex 33.8258 -21.8026 2
    endloop
  endfacet
  facet normal 0.212982 0.977056 0
    outer loop
      vertex 33.7891 -21.7946 2
      vertex 33.8258 -21.8026 1.6
      vertex 33.7891 -21.7946 1.6
    endloop
  endfacet
  facet normal 0.279375 0.960182 -0
    outer loop
      vertex 33.8612 -21.8129 1.6
      vertex 33.8258 -21.8026 2
      vertex 33.8612 -21.8129 2
    endloop
  endfacet
  facet normal 0.279375 0.960182 0
    outer loop
      vertex 33.8258 -21.8026 2
      vertex 33.8612 -21.8129 1.6
      vertex 33.8258 -21.8026 1.6
    endloop
  endfacet
  facet normal 0.347494 0.937682 -0
    outer loop
      vertex 33.8952 -21.8255 1.6
      vertex 33.8612 -21.8129 2
      vertex 33.8952 -21.8255 2
    endloop
  endfacet
  facet normal 0.347494 0.937682 0
    outer loop
      vertex 33.8612 -21.8129 2
      vertex 33.8952 -21.8255 1.6
      vertex 33.8612 -21.8129 1.6
    endloop
  endfacet
  facet normal 0.415694 0.909505 -0
    outer loop
      vertex 33.9278 -21.8404 1.6
      vertex 33.8952 -21.8255 2
      vertex 33.9278 -21.8404 2
    endloop
  endfacet
  facet normal 0.415694 0.909505 0
    outer loop
      vertex 33.8952 -21.8255 2
      vertex 33.9278 -21.8404 1.6
      vertex 33.8952 -21.8255 1.6
    endloop
  endfacet
  facet normal 0.480623 0.876927 -0
    outer loop
      vertex 33.959 -21.8575 1.6
      vertex 33.9278 -21.8404 2
      vertex 33.959 -21.8575 2
    endloop
  endfacet
  facet normal 0.480623 0.876927 0
    outer loop
      vertex 33.9278 -21.8404 2
      vertex 33.959 -21.8575 1.6
      vertex 33.9278 -21.8404 1.6
    endloop
  endfacet
  facet normal 0.547552 0.836772 -0
    outer loop
      vertex 33.9888 -21.877 1.6
      vertex 33.959 -21.8575 2
      vertex 33.9888 -21.877 2
    endloop
  endfacet
  facet normal 0.547552 0.836772 0
    outer loop
      vertex 33.959 -21.8575 2
      vertex 33.9888 -21.877 1.6
      vertex 33.959 -21.8575 1.6
    endloop
  endfacet
  facet normal 0.607139 0.794596 -0
    outer loop
      vertex 34.0172 -21.8987 1.6
      vertex 33.9888 -21.877 2
      vertex 34.0172 -21.8987 2
    endloop
  endfacet
  facet normal 0.607139 0.794596 0
    outer loop
      vertex 33.9888 -21.877 2
      vertex 34.0172 -21.8987 1.6
      vertex 33.9888 -21.877 1.6
    endloop
  endfacet
  facet normal 0.665906 0.746036 -0
    outer loop
      vertex 34.0442 -21.9228 1.6
      vertex 34.0172 -21.8987 2
      vertex 34.0442 -21.9228 2
    endloop
  endfacet
  facet normal 0.665906 0.746036 0
    outer loop
      vertex 34.0172 -21.8987 2
      vertex 34.0442 -21.9228 1.6
      vertex 34.0172 -21.8987 1.6
    endloop
  endfacet
  facet normal 0.715218 0.698901 0
    outer loop
      vertex 34.0699 -21.9491 2
      vertex 34.0442 -21.9228 1.6
      vertex 34.0442 -21.9228 2
    endloop
  endfacet
  facet normal 0.715218 0.698901 0
    outer loop
      vertex 34.0442 -21.9228 1.6
      vertex 34.0699 -21.9491 2
      vertex 34.0699 -21.9491 1.6
    endloop
  endfacet
  facet normal 0.763386 0.645942 0
    outer loop
      vertex 34.0941 -21.9777 2
      vertex 34.0699 -21.9491 1.6
      vertex 34.0699 -21.9491 2
    endloop
  endfacet
  facet normal 0.763386 0.645942 0
    outer loop
      vertex 34.0699 -21.9491 1.6
      vertex 34.0941 -21.9777 2
      vertex 34.0941 -21.9777 1.6
    endloop
  endfacet
  facet normal 0.805319 0.592841 0
    outer loop
      vertex 34.1167 -22.0084 2
      vertex 34.0941 -21.9777 1.6
      vertex 34.0941 -21.9777 2
    endloop
  endfacet
  facet normal 0.805319 0.592841 0
    outer loop
      vertex 34.0941 -21.9777 1.6
      vertex 34.1167 -22.0084 2
      vertex 34.1167 -22.0084 1.6
    endloop
  endfacet
  facet normal 0.841849 0.539713 0
    outer loop
      vertex 34.1376 -22.041 2
      vertex 34.1167 -22.0084 1.6
      vertex 34.1167 -22.0084 2
    endloop
  endfacet
  facet normal 0.841849 0.539713 0
    outer loop
      vertex 34.1167 -22.0084 1.6
      vertex 34.1376 -22.041 2
      vertex 34.1376 -22.041 1.6
    endloop
  endfacet
  facet normal 0.875355 0.483481 0
    outer loop
      vertex 34.1566 -22.0754 2
      vertex 34.1376 -22.041 1.6
      vertex 34.1376 -22.041 2
    endloop
  endfacet
  facet normal 0.875355 0.483481 0
    outer loop
      vertex 34.1376 -22.041 1.6
      vertex 34.1566 -22.0754 2
      vertex 34.1566 -22.0754 1.6
    endloop
  endfacet
  facet normal 0.903687 0.428193 0
    outer loop
      vertex 34.1738 -22.1117 2
      vertex 34.1566 -22.0754 1.6
      vertex 34.1566 -22.0754 2
    endloop
  endfacet
  facet normal 0.903687 0.428193 0
    outer loop
      vertex 34.1566 -22.0754 1.6
      vertex 34.1738 -22.1117 2
      vertex 34.1738 -22.1117 1.6
    endloop
  endfacet
  facet normal 0.927469 0.373901 0
    outer loop
      vertex 34.1892 -22.1499 2
      vertex 34.1738 -22.1117 1.6
      vertex 34.1738 -22.1117 2
    endloop
  endfacet
  facet normal 0.927469 0.373901 0
    outer loop
      vertex 34.1738 -22.1117 1.6
      vertex 34.1892 -22.1499 2
      vertex 34.1892 -22.1499 1.6
    endloop
  endfacet
  facet normal 0.946773 0.321903 0
    outer loop
      vertex 34.2028 -22.1899 2
      vertex 34.1892 -22.1499 1.6
      vertex 34.1892 -22.1499 2
    endloop
  endfacet
  facet normal 0.946773 0.321903 0
    outer loop
      vertex 34.1892 -22.1499 1.6
      vertex 34.2028 -22.1899 2
      vertex 34.2028 -22.1899 1.6
    endloop
  endfacet
  facet normal 0.962557 0.271078 0
    outer loop
      vertex 34.2146 -22.2318 2
      vertex 34.2028 -22.1899 1.6
      vertex 34.2028 -22.1899 2
    endloop
  endfacet
  facet normal 0.962557 0.271078 0
    outer loop
      vertex 34.2028 -22.1899 1.6
      vertex 34.2146 -22.2318 2
      vertex 34.2146 -22.2318 1.6
    endloop
  endfacet
  facet normal 0.975395 0.220466 0
    outer loop
      vertex 34.2245 -22.2756 2
      vertex 34.2146 -22.2318 1.6
      vertex 34.2146 -22.2318 2
    endloop
  endfacet
  facet normal 0.975395 0.220466 0
    outer loop
      vertex 34.2146 -22.2318 1.6
      vertex 34.2245 -22.2756 2
      vertex 34.2245 -22.2756 1.6
    endloop
  endfacet
  facet normal 0.984213 0.176986 0
    outer loop
      vertex 34.2327 -22.3212 2
      vertex 34.2245 -22.2756 1.6
      vertex 34.2245 -22.2756 2
    endloop
  endfacet
  facet normal 0.984213 0.176986 0
    outer loop
      vertex 34.2245 -22.2756 1.6
      vertex 34.2327 -22.3212 2
      vertex 34.2327 -22.3212 1.6
    endloop
  endfacet
  facet normal 0.991319 0.13148 0
    outer loop
      vertex 34.239 -22.3687 2
      vertex 34.2327 -22.3212 1.6
      vertex 34.2327 -22.3212 2
    endloop
  endfacet
  facet normal 0.991319 0.13148 0
    outer loop
      vertex 34.2327 -22.3212 1.6
      vertex 34.239 -22.3687 2
      vertex 34.239 -22.3687 1.6
    endloop
  endfacet
  facet normal 0.995693 0.0927163 0
    outer loop
      vertex 34.2436 -22.4181 2
      vertex 34.239 -22.3687 1.6
      vertex 34.239 -22.3687 2
    endloop
  endfacet
  facet normal 0.995693 0.0927163 0
    outer loop
      vertex 34.239 -22.3687 1.6
      vertex 34.2436 -22.4181 2
      vertex 34.2436 -22.4181 1.6
    endloop
  endfacet
  facet normal 0.998612 0.0526612 0
    outer loop
      vertex 34.2463 -22.4693 2
      vertex 34.2436 -22.4181 1.6
      vertex 34.2436 -22.4181 2
    endloop
  endfacet
  facet normal 0.998612 0.0526612 0
    outer loop
      vertex 34.2436 -22.4181 1.6
      vertex 34.2463 -22.4693 2
      vertex 34.2463 -22.4693 1.6
    endloop
  endfacet
  facet normal 0.999856 0.0169467 0
    outer loop
      vertex 34.2472 -22.5224 2
      vertex 34.2463 -22.4693 1.6
      vertex 34.2463 -22.4693 2
    endloop
  endfacet
  facet normal 0.999856 0.0169467 0
    outer loop
      vertex 34.2463 -22.4693 1.6
      vertex 34.2472 -22.5224 2
      vertex 34.2472 -22.5224 1.6
    endloop
  endfacet
  facet normal 1 -0 0
    outer loop
      vertex 34.2472 -22.755 2
      vertex 34.2472 -22.5224 1.6
      vertex 34.2472 -22.5224 2
    endloop
  endfacet
  facet normal 1 0 0
    outer loop
      vertex 34.2472 -22.5224 1.6
      vertex 34.2472 -22.755 2
      vertex 34.2472 -22.755 1.6
    endloop
  endfacet
  facet normal 0 1 -0
    outer loop
      vertex 34.6174 -22.755 1.6
      vertex 34.2472 -22.755 2
      vertex 34.6174 -22.755 2
    endloop
  endfacet
  facet normal 0 1 0
    outer loop
      vertex 34.2472 -22.755 2
      vertex 34.6174 -22.755 1.6
      vertex 34.2472 -22.755 1.6
    endloop
  endfacet
  facet normal -1 0 0
    outer loop
      vertex 34.6174 -22.755 1.6
      vertex 34.6174 -22.5129 2
      vertex 34.6174 -22.5129 1.6
    endloop
  endfacet
  facet normal -1 -0 0
    outer loop
      vertex 34.6174 -22.5129 2
      vertex 34.6174 -22.755 1.6
      vertex 34.6174 -22.755 2
    endloop
  endfacet
  facet normal -0.999887 0.0150233 0
    outer loop
      vertex 34.6174 -22.5129 1.6
      vertex 34.6183 -22.453 2
      vertex 34.6183 -22.453 1.6
    endloop
  endfacet
  facet normal -0.999887 0.0150233 0
    outer loop
      vertex 34.6183 -22.453 2
      vertex 34.6174 -22.5129 1.6
      vertex 34.6174 -22.5129 2
    endloop
  endfacet
  facet normal -0.998821 0.0485538 0
    outer loop
      vertex 34.6183 -22.453 1.6
      vertex 34.6211 -22.3954 2
      vertex 34.6211 -22.3954 1.6
    endloop
  endfacet
  facet normal -0.998821 0.0485538 0
    outer loop
      vertex 34.6211 -22.3954 2
      vertex 34.6183 -22.453 1.6
      vertex 34.6183 -22.453 2
    endloop
  endfacet
  facet normal -0.996729 0.0808159 0
    outer loop
      vertex 34.6211 -22.3954 1.6
      vertex 34.6256 -22.3399 2
      vertex 34.6256 -22.3399 1.6
    endloop
  endfacet
  facet normal -0.996729 0.0808159 0
    outer loop
      vertex 34.6256 -22.3399 2
      vertex 34.6211 -22.3954 1.6
      vertex 34.6211 -22.3954 2
    endloop
  endfacet
  facet normal -0.993087 0.117382 0
    outer loop
      vertex 34.6256 -22.3399 1.6
      vertex 34.6319 -22.2866 2
      vertex 34.6319 -22.2866 1.6
    endloop
  endfacet
  facet normal -0.993087 0.117382 0
    outer loop
      vertex 34.6319 -22.2866 2
      vertex 34.6256 -22.3399 1.6
      vertex 34.6256 -22.3399 2
    endloop
  endfacet
  facet normal -0.98732 0.158745 0
    outer loop
      vertex 34.6319 -22.2866 1.6
      vertex 34.6401 -22.2356 2
      vertex 34.6401 -22.2356 1.6
    endloop
  endfacet
  facet normal -0.98732 0.158745 0
    outer loop
      vertex 34.6401 -22.2356 2
      vertex 34.6319 -22.2866 1.6
      vertex 34.6319 -22.2866 2
    endloop
  endfacet
  facet normal -0.980115 0.198428 0
    outer loop
      vertex 34.6401 -22.2356 1.6
      vertex 34.65 -22.1867 2
      vertex 34.65 -22.1867 1.6
    endloop
  endfacet
  facet normal -0.980115 0.198428 0
    outer loop
      vertex 34.65 -22.1867 2
      vertex 34.6401 -22.2356 1.6
      vertex 34.6401 -22.2356 2
    endloop
  endfacet
  facet normal -0.969404 0.245471 0
    outer loop
      vertex 34.65 -22.1867 1.6
      vertex 34.6618 -22.1401 2
      vertex 34.6618 -22.1401 1.6
    endloop
  endfacet
  facet normal -0.969404 0.245471 0
    outer loop
      vertex 34.6618 -22.1401 2
      vertex 34.65 -22.1867 1.6
      vertex 34.65 -22.1867 2
    endloop
  endfacet
  facet normal -0.956335 0.292273 0
    outer loop
      vertex 34.6618 -22.1401 1.6
      vertex 34.6754 -22.0956 2
      vertex 34.6754 -22.0956 1.6
    endloop
  endfacet
  facet normal -0.956335 0.292273 0
    outer loop
      vertex 34.6754 -22.0956 2
      vertex 34.6618 -22.1401 1.6
      vertex 34.6618 -22.1401 2
    endloop
  endfacet
  facet normal -0.939403 0.342815 0
    outer loop
      vertex 34.6754 -22.0956 1.6
      vertex 34.6908 -22.0534 2
      vertex 34.6908 -22.0534 1.6
    endloop
  endfacet
  facet normal -0.939403 0.342815 0
    outer loop
      vertex 34.6908 -22.0534 2
      vertex 34.6754 -22.0956 1.6
      vertex 34.6754 -22.0956 2
    endloop
  endfacet
  facet normal -0.918669 0.395028 0
    outer loop
      vertex 34.6908 -22.0534 1.6
      vertex 34.708 -22.0134 2
      vertex 34.708 -22.0134 1.6
    endloop
  endfacet
  facet normal -0.918669 0.395028 0
    outer loop
      vertex 34.708 -22.0134 2
      vertex 34.6908 -22.0534 1.6
      vertex 34.6908 -22.0534 2
    endloop
  endfacet
  facet normal -0.893009 0.450039 0
    outer loop
      vertex 34.708 -22.0134 1.6
      vertex 34.7271 -21.9755 2
      vertex 34.7271 -21.9755 1.6
    endloop
  endfacet
  facet normal -0.893009 0.450039 0
    outer loop
      vertex 34.7271 -21.9755 2
      vertex 34.708 -22.0134 1.6
      vertex 34.708 -22.0134 2
    endloop
  endfacet
  facet normal -0.863427 0.504474 0
    outer loop
      vertex 34.7271 -21.9755 1.6
      vertex 34.7479 -21.9399 2
      vertex 34.7479 -21.9399 1.6
    endloop
  endfacet
  facet normal -0.863427 0.504474 0
    outer loop
      vertex 34.7479 -21.9399 2
      vertex 34.7271 -21.9755 1.6
      vertex 34.7271 -21.9755 2
    endloop
  endfacet
  facet normal -0.828216 0.560409 0
    outer loop
      vertex 34.7479 -21.9399 1.6
      vertex 34.7705 -21.9065 2
      vertex 34.7705 -21.9065 1.6
    endloop
  endfacet
  facet normal -0.828216 0.560409 0
    outer loop
      vertex 34.7705 -21.9065 2
      vertex 34.7479 -21.9399 1.6
      vertex 34.7479 -21.9399 2
    endloop
  endfacet
  facet normal -0.787986 0.615693 0
    outer loop
      vertex 34.7705 -21.9065 1.6
      vertex 34.7948 -21.8754 2
      vertex 34.7948 -21.8754 1.6
    endloop
  endfacet
  facet normal -0.787986 0.615693 0
    outer loop
      vertex 34.7948 -21.8754 2
      vertex 34.7705 -21.9065 1.6
      vertex 34.7705 -21.9065 2
    endloop
  endfacet
  facet normal -0.743811 0.66839 0
    outer loop
      vertex 34.7948 -21.8754 1.6
      vertex 34.8205 -21.8468 2
      vertex 34.8205 -21.8468 1.6
    endloop
  endfacet
  facet normal -0.743811 0.66839 0
    outer loop
      vertex 34.8205 -21.8468 2
      vertex 34.7948 -21.8754 1.6
      vertex 34.7948 -21.8754 2
    endloop
  endfacet
  facet normal -0.69231 0.7216 0
    outer loop
      vertex 34.8476 -21.8208 1.6
      vertex 34.8205 -21.8468 2
      vertex 34.8476 -21.8208 2
    endloop
  endfacet
  facet normal -0.69231 0.7216 0
    outer loop
      vertex 34.8205 -21.8468 2
      vertex 34.8476 -21.8208 1.6
      vertex 34.8205 -21.8468 1.6
    endloop
  endfacet
  facet normal -0.639388 0.768884 0
    outer loop
      vertex 34.8761 -21.7971 1.6
      vertex 34.8476 -21.8208 2
      vertex 34.8761 -21.7971 2
    endloop
  endfacet
  facet normal -0.639388 0.768884 0
    outer loop
      vertex 34.8476 -21.8208 2
      vertex 34.8761 -21.7971 1.6
      vertex 34.8476 -21.8208 1.6
    endloop
  endfacet
  facet normal -0.576576 0.817044 0
    outer loop
      vertex 34.906 -21.776 1.6
      vertex 34.8761 -21.7971 2
      vertex 34.906 -21.776 2
    endloop
  endfacet
  facet normal -0.576576 0.817044 0
    outer loop
      vertex 34.8761 -21.7971 2
      vertex 34.906 -21.776 1.6
      vertex 34.8761 -21.7971 1.6
    endloop
  endfacet
  facet normal -0.509652 0.860381 0
    outer loop
      vertex 34.9374 -21.7574 1.6
      vertex 34.906 -21.776 2
      vertex 34.9374 -21.7574 2
    endloop
  endfacet
  facet normal -0.509652 0.860381 0
    outer loop
      vertex 34.906 -21.776 2
      vertex 34.9374 -21.7574 1.6
      vertex 34.906 -21.776 1.6
    endloop
  endfacet
  facet normal -0.443922 0.896065 0
    outer loop
      vertex 34.9701 -21.7412 1.6
      vertex 34.9374 -21.7574 2
      vertex 34.9701 -21.7412 2
    endloop
  endfacet
  facet normal -0.443922 0.896065 0
    outer loop
      vertex 34.9374 -21.7574 2
      vertex 34.9701 -21.7412 1.6
      vertex 34.9374 -21.7574 1.6
    endloop
  endfacet
  facet normal -0.371859 0.928289 0
    outer loop
      vertex 35.0043 -21.7275 1.6
      vertex 34.9701 -21.7412 2
      vertex 35.0043 -21.7275 2
    endloop
  endfacet
  facet normal -0.371859 0.928289 0
    outer loop
      vertex 34.9701 -21.7412 2
      vertex 35.0043 -21.7275 1.6
      vertex 34.9701 -21.7412 1.6
    endloop
  endfacet
  facet normal -0.297664 0.954671 0
    outer loop
      vertex 35.0399 -21.7164 1.6
      vertex 35.0043 -21.7275 2
      vertex 35.0399 -21.7164 2
    endloop
  endfacet
  facet normal -0.297664 0.954671 0
    outer loop
      vertex 35.0043 -21.7275 2
      vertex 35.0399 -21.7164 1.6
      vertex 35.0043 -21.7275 1.6
    endloop
  endfacet
  facet normal -0.228308 0.973589 0
    outer loop
      vertex 35.077 -21.7077 1.6
      vertex 35.0399 -21.7164 2
      vertex 35.077 -21.7077 2
    endloop
  endfacet
  facet normal -0.228308 0.973589 0
    outer loop
      vertex 35.0399 -21.7164 2
      vertex 35.077 -21.7077 1.6
      vertex 35.0399 -21.7164 1.6
    endloop
  endfacet
  facet normal -0.161898 0.986807 0
    outer loop
      vertex 35.1154 -21.7014 1.6
      vertex 35.077 -21.7077 2
      vertex 35.1154 -21.7014 2
    endloop
  endfacet
  facet normal -0.161898 0.986807 0
    outer loop
      vertex 35.077 -21.7077 2
      vertex 35.1154 -21.7014 1.6
      vertex 35.077 -21.7077 1.6
    endloop
  endfacet
  facet normal -0.0923357 0.995728 0
    outer loop
      vertex 35.1553 -21.6977 1.6
      vertex 35.1154 -21.7014 2
      vertex 35.1553 -21.6977 2
    endloop
  endfacet
  facet normal -0.0923357 0.995728 0
    outer loop
      vertex 35.1154 -21.7014 2
      vertex 35.1553 -21.6977 1.6
      vertex 35.1154 -21.7014 1.6
    endloop
  endfacet
  facet normal -0.0291139 0.999576 0
    outer loop
      vertex 35.1965 -21.6965 1.6
      vertex 35.1553 -21.6977 2
      vertex 35.1965 -21.6965 2
    endloop
  endfacet
  facet normal -0.0291139 0.999576 0
    outer loop
      vertex 35.1553 -21.6977 2
      vertex 35.1965 -21.6965 1.6
      vertex 35.1553 -21.6977 1.6
    endloop
  endfacet
  facet normal 0.0232495 0.99973 -0
    outer loop
      vertex 35.2438 -21.6976 1.6
      vertex 35.1965 -21.6965 2
      vertex 35.2438 -21.6976 2
    endloop
  endfacet
  facet normal 0.0232495 0.99973 0
    outer loop
      vertex 35.1965 -21.6965 2
      vertex 35.2438 -21.6976 1.6
      vertex 35.1965 -21.6965 1.6
    endloop
  endfacet
  facet normal 0.0701564 0.997536 -0
    outer loop
      vertex 35.2893 -21.7008 1.6
      vertex 35.2438 -21.6976 2
      vertex 35.2893 -21.7008 2
    endloop
  endfacet
  facet normal 0.0701564 0.997536 0
    outer loop
      vertex 35.2438 -21.6976 2
      vertex 35.2893 -21.7008 1.6
      vertex 35.2438 -21.6976 1.6
    endloop
  endfacet
  facet normal 0.125155 0.992137 -0
    outer loop
      vertex 35.3329 -21.7063 1.6
      vertex 35.2893 -21.7008 2
      vertex 35.3329 -21.7063 2
    endloop
  endfacet
  facet normal 0.125155 0.992137 0
    outer loop
      vertex 35.2893 -21.7008 2
      vertex 35.3329 -21.7063 1.6
      vertex 35.2893 -21.7008 1.6
    endloop
  endfacet
  facet normal 0.178885 0.98387 -0
    outer loop
      vertex 35.3747 -21.7139 1.6
      vertex 35.3329 -21.7063 2
      vertex 35.3747 -21.7139 2
    endloop
  endfacet
  facet normal 0.178885 0.98387 0
    outer loop
      vertex 35.3329 -21.7063 2
      vertex 35.3747 -21.7139 1.6
      vertex 35.3329 -21.7063 1.6
    endloop
  endfacet
  facet normal 0.237962 0.971274 -0
    outer loop
      vertex 35.4147 -21.7237 1.6
      vertex 35.3747 -21.7139 2
      vertex 35.4147 -21.7237 2
    endloop
  endfacet
  facet normal 0.237962 0.971274 0
    outer loop
      vertex 35.3747 -21.7139 2
      vertex 35.4147 -21.7237 1.6
      vertex 35.3747 -21.7139 1.6
    endloop
  endfacet
  facet normal 0.299697 0.954035 -0
    outer loop
      vertex 35.4529 -21.7357 1.6
      vertex 35.4147 -21.7237 2
      vertex 35.4529 -21.7357 2
    endloop
  endfacet
  facet normal 0.299697 0.954035 0
    outer loop
      vertex 35.4147 -21.7237 2
      vertex 35.4529 -21.7357 1.6
      vertex 35.4147 -21.7237 1.6
    endloop
  endfacet
  facet normal 0.362074 0.932149 -0
    outer loop
      vertex 35.4892 -21.7498 1.6
      vertex 35.4529 -21.7357 2
      vertex 35.4892 -21.7498 2
    endloop
  endfacet
  facet normal 0.362074 0.932149 0
    outer loop
      vertex 35.4529 -21.7357 2
      vertex 35.4892 -21.7498 1.6
      vertex 35.4529 -21.7357 1.6
    endloop
  endfacet
  facet normal 0.427185 0.904164 -0
    outer loop
      vertex 35.5237 -21.7661 1.6
      vertex 35.4892 -21.7498 2
      vertex 35.5237 -21.7661 2
    endloop
  endfacet
  facet normal 0.427185 0.904164 0
    outer loop
      vertex 35.4892 -21.7498 2
      vertex 35.5237 -21.7661 1.6
      vertex 35.4892 -21.7498 1.6
    endloop
  endfacet
  facet normal 0.492408 0.870364 -0
    outer loop
      vertex 35.5564 -21.7846 1.6
      vertex 35.5237 -21.7661 2
      vertex 35.5564 -21.7846 2
    endloop
  endfacet
  facet normal 0.492408 0.870364 0
    outer loop
      vertex 35.5237 -21.7661 2
      vertex 35.5564 -21.7846 1.6
      vertex 35.5237 -21.7661 1.6
    endloop
  endfacet
  facet normal 0.557806 0.829972 -0
    outer loop
      vertex 35.5872 -21.8053 1.6
      vertex 35.5564 -21.7846 2
      vertex 35.5872 -21.8053 2
    endloop
  endfacet
  facet normal 0.557806 0.829972 0
    outer loop
      vertex 35.5564 -21.7846 2
      vertex 35.5872 -21.8053 1.6
      vertex 35.5564 -21.7846 1.6
    endloop
  endfacet
  facet normal 0.618418 0.78585 -0
    outer loop
      vertex 35.6163 -21.8282 1.6
      vertex 35.5872 -21.8053 2
      vertex 35.6163 -21.8282 2
    endloop
  endfacet
  facet normal 0.618418 0.78585 0
    outer loop
      vertex 35.5872 -21.8053 2
      vertex 35.6163 -21.8282 1.6
      vertex 35.5872 -21.8053 1.6
    endloop
  endfacet
  facet normal 0.676705 0.736255 -0
    outer loop
      vertex 35.6435 -21.8532 1.6
      vertex 35.6163 -21.8282 2
      vertex 35.6435 -21.8532 2
    endloop
  endfacet
  facet normal 0.676705 0.736255 0
    outer loop
      vertex 35.6163 -21.8282 2
      vertex 35.6435 -21.8532 1.6
      vertex 35.6163 -21.8282 1.6
    endloop
  endfacet
  facet normal 0.730877 0.68251 0
    outer loop
      vertex 35.6689 -21.8804 2
      vertex 35.6435 -21.8532 1.6
      vertex 35.6435 -21.8532 2
    endloop
  endfacet
  facet normal 0.730877 0.68251 0
    outer loop
      vertex 35.6435 -21.8532 1.6
      vertex 35.6689 -21.8804 2
      vertex 35.6689 -21.8804 1.6
    endloop
  endfacet
  facet normal 0.777991 0.628275 0
    outer loop
      vertex 35.6924 -21.9095 2
      vertex 35.6689 -21.8804 1.6
      vertex 35.6689 -21.8804 2
    endloop
  endfacet
  facet normal 0.777991 0.628275 0
    outer loop
      vertex 35.6689 -21.8804 1.6
      vertex 35.6924 -21.9095 2
      vertex 35.6924 -21.9095 1.6
    endloop
  endfacet
  facet normal 0.818732 0.574176 0
    outer loop
      vertex 35.714 -21.9403 2
      vertex 35.6924 -21.9095 1.6
      vertex 35.6924 -21.9095 2
    endloop
  endfacet
  facet normal 0.818732 0.574176 0
    outer loop
      vertex 35.6924 -21.9095 1.6
      vertex 35.714 -21.9403 2
      vertex 35.714 -21.9403 1.6
    endloop
  endfacet
  facet normal 0.853282 0.52145 0
    outer loop
      vertex 35.7338 -21.9727 2
      vertex 35.714 -21.9403 1.6
      vertex 35.714 -21.9403 2
    endloop
  endfacet
  facet normal 0.853282 0.52145 0
    outer loop
      vertex 35.714 -21.9403 1.6
      vertex 35.7338 -21.9727 2
      vertex 35.7338 -21.9727 1.6
    endloop
  endfacet
  facet normal 0.885425 0.464783 0
    outer loop
      vertex 35.7517 -22.0068 2
      vertex 35.7338 -21.9727 1.6
      vertex 35.7338 -21.9727 2
    endloop
  endfacet
  facet normal 0.885425 0.464783 0
    outer loop
      vertex 35.7338 -21.9727 1.6
      vertex 35.7517 -22.0068 2
      vertex 35.7517 -22.0068 1.6
    endloop
  endfacet
  facet normal 0.912113 0.409939 0
    outer loop
      vertex 35.7677 -22.0424 2
      vertex 35.7517 -22.0068 1.6
      vertex 35.7517 -22.0068 2
    endloop
  endfacet
  facet normal 0.912113 0.409939 0
    outer loop
      vertex 35.7517 -22.0068 1.6
      vertex 35.7677 -22.0424 2
      vertex 35.7677 -22.0424 1.6
    endloop
  endfacet
  facet normal 0.935711 0.352768 0
    outer loop
      vertex 35.7818 -22.0798 2
      vertex 35.7677 -22.0424 1.6
      vertex 35.7677 -22.0424 2
    endloop
  endfacet
  facet normal 0.935711 0.352768 0
    outer loop
      vertex 35.7677 -22.0424 1.6
      vertex 35.7818 -22.0798 2
      vertex 35.7818 -22.0798 1.6
    endloop
  endfacet
  facet normal 0.954393 0.298554 0
    outer loop
      vertex 35.794 -22.1188 2
      vertex 35.7818 -22.0798 1.6
      vertex 35.7818 -22.0798 2
    endloop
  endfacet
  facet normal 0.954393 0.298554 0
    outer loop
      vertex 35.7818 -22.0798 1.6
      vertex 35.794 -22.1188 2
      vertex 35.794 -22.1188 1.6
    endloop
  endfacet
  facet normal 0.968723 0.248146 0
    outer loop
      vertex 35.8044 -22.1594 2
      vertex 35.794 -22.1188 1.6
      vertex 35.794 -22.1188 2
    endloop
  endfacet
  facet normal 0.968723 0.248146 0
    outer loop
      vertex 35.794 -22.1188 1.6
      vertex 35.8044 -22.1594 2
      vertex 35.8044 -22.1594 1.6
    endloop
  endfacet
  facet normal 0.980759 0.195222 0
    outer loop
      vertex 35.8128 -22.2016 2
      vertex 35.8044 -22.1594 1.6
      vertex 35.8044 -22.1594 2
    endloop
  endfacet
  facet normal 0.980759 0.195222 0
    outer loop
      vertex 35.8044 -22.1594 1.6
      vertex 35.8128 -22.2016 2
      vertex 35.8128 -22.2016 1.6
    endloop
  endfacet
  facet normal 0.988887 0.148671 0
    outer loop
      vertex 35.8194 -22.2455 2
      vertex 35.8128 -22.2016 1.6
      vertex 35.8128 -22.2016 2
    endloop
  endfacet
  facet normal 0.988887 0.148671 0
    outer loop
      vertex 35.8128 -22.2016 1.6
      vertex 35.8194 -22.2455 2
      vertex 35.8194 -22.2455 1.6
    endloop
  endfacet
  facet normal 0.99473 0.102527 0
    outer loop
      vertex 35.8241 -22.2911 2
      vertex 35.8194 -22.2455 1.6
      vertex 35.8194 -22.2455 2
    endloop
  endfacet
  facet normal 0.99473 0.102527 0
    outer loop
      vertex 35.8194 -22.2455 1.6
      vertex 35.8241 -22.2911 2
      vertex 35.8241 -22.2911 1.6
    endloop
  endfacet
  facet normal 0.998245 0.0592179 0
    outer loop
      vertex 35.8269 -22.3383 2
      vertex 35.8241 -22.2911 1.6
      vertex 35.8241 -22.2911 2
    endloop
  endfacet
  facet normal 0.998245 0.0592179 0
    outer loop
      vertex 35.8241 -22.2911 1.6
      vertex 35.8269 -22.3383 2
      vertex 35.8269 -22.3383 1.6
    endloop
  endfacet
  facet normal 0.99979 0.0204875 0
    outer loop
      vertex 35.8279 -22.3871 2
      vertex 35.8269 -22.3383 1.6
      vertex 35.8269 -22.3383 2
    endloop
  endfacet
  facet normal 0.99979 0.0204875 0
    outer loop
      vertex 35.8269 -22.3383 1.6
      vertex 35.8279 -22.3871 2
      vertex 35.8279 -22.3871 1.6
    endloop
  endfacet
  facet normal 0.999332 -0.0365482 0
    outer loop
      vertex 35.8244 -22.4828 2
      vertex 35.8279 -22.3871 1.6
      vertex 35.8279 -22.3871 2
    endloop
  endfacet
  facet normal 0.999332 -0.0365482 0
    outer loop
      vertex 35.8279 -22.3871 1.6
      vertex 35.8244 -22.4828 2
      vertex 35.8244 -22.4828 1.6
    endloop
  endfacet
  facet normal 0.992982 -0.118265 0
    outer loop
      vertex 35.8138 -22.5718 2
      vertex 35.8244 -22.4828 1.6
      vertex 35.8244 -22.4828 2
    endloop
  endfacet
  facet normal 0.992982 -0.118265 0
    outer loop
      vertex 35.8244 -22.4828 1.6
      vertex 35.8138 -22.5718 2
      vertex 35.8138 -22.5718 1.6
    endloop
  endfacet
  facet normal 0.978234 -0.207504 0
    outer loop
      vertex 35.7963 -22.6543 2
      vertex 35.8138 -22.5718 1.6
      vertex 35.8138 -22.5718 2
    endloop
  endfacet
  facet normal 0.978234 -0.207504 0
    outer loop
      vertex 35.8138 -22.5718 1.6
      vertex 35.7963 -22.6543 2
      vertex 35.7963 -22.6543 1.6
    endloop
  endfacet
  facet normal 0.951163 -0.308689 0
    outer loop
      vertex 35.7717 -22.7301 2
      vertex 35.7963 -22.6543 1.6
      vertex 35.7963 -22.6543 2
    endloop
  endfacet
  facet normal 0.951163 -0.308689 0
    outer loop
      vertex 35.7963 -22.6543 1.6
      vertex 35.7717 -22.7301 2
      vertex 35.7717 -22.7301 1.6
    endloop
  endfacet
  facet normal 0.909871 -0.414891 0
    outer loop
      vertex 35.7401 -22.7994 2
      vertex 35.7717 -22.7301 1.6
      vertex 35.7717 -22.7301 2
    endloop
  endfacet
  facet normal 0.909871 -0.414891 0
    outer loop
      vertex 35.7717 -22.7301 1.6
      vertex 35.7401 -22.7994 2
      vertex 35.7401 -22.7994 1.6
    endloop
  endfacet
  facet normal 0.851191 -0.524856 0
    outer loop
      vertex 35.7015 -22.862 2
      vertex 35.7401 -22.7994 1.6
      vertex 35.7401 -22.7994 2
    endloop
  endfacet
  facet normal 0.851191 -0.524856 0
    outer loop
      vertex 35.7401 -22.7994 1.6
      vertex 35.7015 -22.862 2
      vertex 35.7015 -22.862 1.6
    endloop
  endfacet
  facet normal 0.77531 -0.631581 0
    outer loop
      vertex 35.6558 -22.9181 2
      vertex 35.7015 -22.862 1.6
      vertex 35.7015 -22.862 2
    endloop
  endfacet
  facet normal 0.77531 -0.631581 0
    outer loop
      vertex 35.7015 -22.862 1.6
      vertex 35.6558 -22.9181 2
      vertex 35.6558 -22.9181 1.6
    endloop
  endfacet
  facet normal 0.684586 -0.728932 0
    outer loop
      vertex 35.6032 -22.9675 1.6
      vertex 35.6558 -22.9181 2
      vertex 35.6032 -22.9675 2
    endloop
  endfacet
  facet normal 0.684586 -0.728932 0
    outer loop
      vertex 35.6558 -22.9181 2
      vertex 35.6032 -22.9675 1.6
      vertex 35.6558 -22.9181 1.6
    endloop
  endfacet
  facet normal 0.583552 -0.812076 0
    outer loop
      vertex 35.5435 -23.0104 1.6
      vertex 35.6032 -22.9675 2
      vertex 35.5435 -23.0104 2
    endloop
  endfacet
  facet normal 0.583552 -0.812076 0
    outer loop
      vertex 35.6032 -22.9675 2
      vertex 35.5435 -23.0104 1.6
      vertex 35.6032 -22.9675 1.6
    endloop
  endfacet
  facet normal 0.477005 -0.878901 0
    outer loop
      vertex 35.4768 -23.0466 1.6
      vertex 35.5435 -23.0104 2
      vertex 35.4768 -23.0466 2
    endloop
  endfacet
  facet normal 0.477005 -0.878901 0
    outer loop
      vertex 35.5435 -23.0104 2
      vertex 35.4768 -23.0466 1.6
      vertex 35.5435 -23.0104 1.6
    endloop
  endfacet
  facet normal 0.37334 -0.927694 0
    outer loop
      vertex 35.403 -23.0763 1.6
      vertex 35.4768 -23.0466 2
      vertex 35.403 -23.0763 2
    endloop
  endfacet
  facet normal 0.37334 -0.927694 0
    outer loop
      vertex 35.4768 -23.0466 2
      vertex 35.403 -23.0763 1.6
      vertex 35.4768 -23.0466 1.6
    endloop
  endfacet
  facet normal 0.274091 -0.961704 0
    outer loop
      vertex 35.3223 -23.0993 1.6
      vertex 35.403 -23.0763 2
      vertex 35.3223 -23.0993 2
    endloop
  endfacet
  facet normal 0.274091 -0.961704 0
    outer loop
      vertex 35.403 -23.0763 2
      vertex 35.3223 -23.0993 1.6
      vertex 35.403 -23.0763 1.6
    endloop
  endfacet
  facet normal 0.184694 -0.982796 0
    outer loop
      vertex 35.2345 -23.1158 1.6
      vertex 35.3223 -23.0993 2
      vertex 35.2345 -23.1158 2
    endloop
  endfacet
  facet normal 0.184694 -0.982796 0
    outer loop
      vertex 35.3223 -23.0993 2
      vertex 35.2345 -23.1158 1.6
      vertex 35.3223 -23.0993 1.6
    endloop
  endfacet
  facet normal 0.995839 0.0911255 0
    outer loop
      vertex 35.2749 -23.5573 2
      vertex 35.2345 -23.1158 1.6
      vertex 35.2345 -23.1158 2
    endloop
  endfacet
  facet normal 0.995839 0.0911255 0
    outer loop
      vertex 35.2345 -23.1158 1.6
      vertex 35.2749 -23.5573 2
      vertex 35.2749 -23.5573 1.6
    endloop
  endfacet
  facet normal -0.150411 0.988624 0
    outer loop
      vertex 35.3426 -23.547 1.6
      vertex 35.2749 -23.5573 2
      vertex 35.3426 -23.547 2
    endloop
  endfacet
  facet normal -0.150411 0.988624 0
    outer loop
      vertex 35.2749 -23.5573 2
      vertex 35.3426 -23.547 1.6
      vertex 35.2749 -23.5573 1.6
    endloop
  endfacet
  facet normal -0.197274 0.980348 0
    outer loop
      vertex 35.4077 -23.5339 1.6
      vertex 35.3426 -23.547 2
      vertex 35.4077 -23.5339 2
    endloop
  endfacet
  facet normal -0.197274 0.980348 0
    outer loop
      vertex 35.3426 -23.547 2
      vertex 35.4077 -23.5339 1.6
      vertex 35.3426 -23.547 1.6
    endloop
  endfacet
  facet normal -0.248002 0.968759 0
    outer loop
      vertex 35.4702 -23.5179 1.6
      vertex 35.4077 -23.5339 2
      vertex 35.4702 -23.5179 2
    endloop
  endfacet
  facet normal -0.248002 0.968759 0
    outer loop
      vertex 35.4077 -23.5339 2
      vertex 35.4702 -23.5179 1.6
      vertex 35.4077 -23.5339 1.6
    endloop
  endfacet
  facet normal -0.30235 0.953197 0
    outer loop
      vertex 35.5301 -23.4989 1.6
      vertex 35.4702 -23.5179 2
      vertex 35.5301 -23.4989 2
    endloop
  endfacet
  facet normal -0.30235 0.953197 0
    outer loop
      vertex 35.4702 -23.5179 2
      vertex 35.5301 -23.4989 1.6
      vertex 35.4702 -23.5179 1.6
    endloop
  endfacet
  facet normal -0.355588 0.934643 0
    outer loop
      vertex 35.5874 -23.4771 1.6
      vertex 35.5301 -23.4989 2
      vertex 35.5874 -23.4771 2
    endloop
  endfacet
  facet normal -0.355588 0.934643 0
    outer loop
      vertex 35.5301 -23.4989 2
      vertex 35.5874 -23.4771 1.6
      vertex 35.5301 -23.4989 1.6
    endloop
  endfacet
  facet normal -0.412299 0.911048 0
    outer loop
      vertex 35.6422 -23.4523 1.6
      vertex 35.5874 -23.4771 2
      vertex 35.6422 -23.4523 2
    endloop
  endfacet
  facet normal -0.412299 0.911048 0
    outer loop
      vertex 35.5874 -23.4771 2
      vertex 35.6422 -23.4523 1.6
      vertex 35.5874 -23.4771 1.6
    endloop
  endfacet
  facet normal -0.468121 0.883664 0
    outer loop
      vertex 35.6943 -23.4247 1.6
      vertex 35.6422 -23.4523 2
      vertex 35.6943 -23.4247 2
    endloop
  endfacet
  facet normal -0.468121 0.883664 0
    outer loop
      vertex 35.6422 -23.4523 2
      vertex 35.6943 -23.4247 1.6
      vertex 35.6422 -23.4523 1.6
    endloop
  endfacet
  facet normal -0.525822 0.850595 0
    outer loop
      vertex 35.7438 -23.3941 1.6
      vertex 35.6943 -23.4247 2
      vertex 35.7438 -23.3941 2
    endloop
  endfacet
  facet normal -0.525822 0.850595 0
    outer loop
      vertex 35.6943 -23.4247 2
      vertex 35.7438 -23.3941 1.6
      vertex 35.6943 -23.4247 1.6
    endloop
  endfacet
  facet normal -0.581238 0.813733 0
    outer loop
      vertex 35.7907 -23.3606 1.6
      vertex 35.7438 -23.3941 2
      vertex 35.7907 -23.3606 2
    endloop
  endfacet
  facet normal -0.581238 0.813733 0
    outer loop
      vertex 35.7438 -23.3941 2
      vertex 35.7907 -23.3606 1.6
      vertex 35.7438 -23.3941 1.6
    endloop
  endfacet
  facet normal -0.633996 0.773336 0
    outer loop
      vertex 35.8351 -23.3242 1.6
      vertex 35.7907 -23.3606 2
      vertex 35.8351 -23.3242 2
    endloop
  endfacet
  facet normal -0.633996 0.773336 0
    outer loop
      vertex 35.7907 -23.3606 2
      vertex 35.8351 -23.3242 1.6
      vertex 35.7907 -23.3606 1.6
    endloop
  endfacet
  facet normal -0.684929 0.72861 0
    outer loop
      vertex 35.8768 -23.285 1.6
      vertex 35.8351 -23.3242 2
      vertex 35.8768 -23.285 2
    endloop
  endfacet
  facet normal -0.684929 0.72861 0
    outer loop
      vertex 35.8351 -23.3242 2
      vertex 35.8768 -23.285 1.6
      vertex 35.8351 -23.3242 1.6
    endloop
  endfacet
  facet normal -0.733536 0.679651 0
    outer loop
      vertex 35.8768 -23.285 1.6
      vertex 35.9159 -23.2428 2
      vertex 35.9159 -23.2428 1.6
    endloop
  endfacet
  facet normal -0.733536 0.679651 0
    outer loop
      vertex 35.9159 -23.2428 2
      vertex 35.8768 -23.285 1.6
      vertex 35.8768 -23.285 2
    endloop
  endfacet
  facet normal -0.776483 0.630139 0
    outer loop
      vertex 35.9159 -23.2428 1.6
      vertex 35.9525 -23.1977 2
      vertex 35.9525 -23.1977 1.6
    endloop
  endfacet
  facet normal -0.776483 0.630139 0
    outer loop
      vertex 35.9525 -23.1977 2
      vertex 35.9159 -23.2428 1.6
      vertex 35.9159 -23.2428 2
    endloop
  endfacet
  facet normal -0.815689 0.578491 0
    outer loop
      vertex 35.9525 -23.1977 1.6
      vertex 35.9864 -23.1499 2
      vertex 35.9864 -23.1499 1.6
    endloop
  endfacet
  facet normal -0.815689 0.578491 0
    outer loop
      vertex 35.9864 -23.1499 2
      vertex 35.9525 -23.1977 1.6
      vertex 35.9525 -23.1977 2
    endloop
  endfacet
  facet normal -0.850085 0.526646 0
    outer loop
      vertex 35.9864 -23.1499 1.6
      vertex 36.0175 -23.0997 2
      vertex 36.0175 -23.0997 1.6
    endloop
  endfacet
  facet normal -0.850085 0.526646 0
    outer loop
      vertex 36.0175 -23.0997 2
      vertex 35.9864 -23.1499 1.6
      vertex 35.9864 -23.1499 2
    endloop
  endfacet
  facet normal -0.879234 0.476391 0
    outer loop
      vertex 36.0175 -23.0997 1.6
      vertex 36.046 -23.0471 2
      vertex 36.046 -23.0471 1.6
    endloop
  endfacet
  facet normal -0.879234 0.476391 0
    outer loop
      vertex 36.046 -23.0471 2
      vertex 36.0175 -23.0997 1.6
      vertex 36.0175 -23.0997 2
    endloop
  endfacet
  facet normal -0.906267 0.422705 0
    outer loop
      vertex 36.046 -23.0471 1.6
      vertex 36.0717 -22.992 2
      vertex 36.0717 -22.992 1.6
    endloop
  endfacet
  facet normal -0.906267 0.422705 0
    outer loop
      vertex 36.0717 -22.992 2
      vertex 36.046 -23.0471 1.6
      vertex 36.046 -23.0471 2
    endloop
  endfacet
  facet normal -0.927919 0.372781 0
    outer loop
      vertex 36.0717 -22.992 1.6
      vertex 36.0948 -22.9345 2
      vertex 36.0948 -22.9345 1.6
    endloop
  endfacet
  facet normal -0.927919 0.372781 0
    outer loop
      vertex 36.0948 -22.9345 2
      vertex 36.0717 -22.992 1.6
      vertex 36.0717 -22.992 2
    endloop
  endfacet
  facet normal -0.94709 0.320967 0
    outer loop
      vertex 36.0948 -22.9345 1.6
      vertex 36.1151 -22.8746 2
      vertex 36.1151 -22.8746 1.6
    endloop
  endfacet
  facet normal -0.94709 0.320967 0
    outer loop
      vertex 36.1151 -22.8746 2
      vertex 36.0948 -22.9345 1.6
      vertex 36.0948 -22.9345 2
    endloop
  endfacet
  facet normal -0.96245 0.27146 0
    outer loop
      vertex 36.1151 -22.8746 1.6
      vertex 36.1327 -22.8122 2
      vertex 36.1327 -22.8122 1.6
    endloop
  endfacet
  facet normal -0.96245 0.27146 0
    outer loop
      vertex 36.1327 -22.8122 2
      vertex 36.1151 -22.8746 1.6
      vertex 36.1151 -22.8746 2
    endloop
  endfacet
  facet normal -0.974493 0.224419 0
    outer loop
      vertex 36.1327 -22.8122 1.6
      vertex 36.1476 -22.7475 2
      vertex 36.1476 -22.7475 1.6
    endloop
  endfacet
  facet normal -0.974493 0.224419 0
    outer loop
      vertex 36.1476 -22.7475 2
      vertex 36.1327 -22.8122 1.6
      vertex 36.1327 -22.8122 2
    endloop
  endfacet
  facet normal -0.983917 0.178628 0
    outer loop
      vertex 36.1476 -22.7475 1.6
      vertex 36.1598 -22.6803 2
      vertex 36.1598 -22.6803 1.6
    endloop
  endfacet
  facet normal -0.983917 0.178628 0
    outer loop
      vertex 36.1598 -22.6803 2
      vertex 36.1476 -22.7475 1.6
      vertex 36.1476 -22.7475 2
    endloop
  endfacet
  facet normal -0.990839 0.13505 0
    outer loop
      vertex 36.1598 -22.6803 1.6
      vertex 36.1693 -22.6106 2
      vertex 36.1693 -22.6106 1.6
    endloop
  endfacet
  facet normal -0.990839 0.13505 0
    outer loop
      vertex 36.1693 -22.6106 2
      vertex 36.1598 -22.6803 1.6
      vertex 36.1598 -22.6803 2
    endloop
  endfacet
  facet normal -0.995582 0.0938968 0
    outer loop
      vertex 36.1693 -22.6106 1.6
      vertex 36.1761 -22.5385 2
      vertex 36.1761 -22.5385 1.6
    endloop
  endfacet
  facet normal -0.995582 0.0938968 0
    outer loop
      vertex 36.1761 -22.5385 2
      vertex 36.1693 -22.6106 1.6
      vertex 36.1693 -22.6106 2
    endloop
  endfacet
  facet normal -0.998485 0.055024 0
    outer loop
      vertex 36.1761 -22.5385 1.6
      vertex 36.1802 -22.4641 2
      vertex 36.1802 -22.4641 1.6
    endloop
  endfacet
  facet normal -0.998485 0.055024 0
    outer loop
      vertex 36.1802 -22.4641 2
      vertex 36.1761 -22.5385 1.6
      vertex 36.1761 -22.5385 2
    endloop
  endfacet
  facet normal -0.999858 0.0168807 0
    outer loop
      vertex 36.1802 -22.4641 1.6
      vertex 36.1815 -22.3871 2
      vertex 36.1815 -22.3871 1.6
    endloop
  endfacet
  facet normal -0.999858 0.0168807 0
    outer loop
      vertex 36.1815 -22.3871 2
      vertex 36.1802 -22.4641 1.6
      vertex 36.1802 -22.4641 2
    endloop
  endfacet
  facet normal -0.999835 -0.0181788 0
    outer loop
      vertex 36.1815 -22.3871 1.6
      vertex 36.18 -22.3046 2
      vertex 36.18 -22.3046 1.6
    endloop
  endfacet
  facet normal -0.999835 -0.0181788 0
    outer loop
      vertex 36.18 -22.3046 2
      vertex 36.1815 -22.3871 1.6
      vertex 36.1815 -22.3871 2
    endloop
  endfacet
  facet normal 1 -0 0
    outer loop
      vertex 35.7638 -16.2957 2
      vertex 35.7638 -14.6058 1.6
      vertex 35.7638 -14.6058 2
    endloop
  endfacet
  facet normal 1 0 0
    outer loop
      vertex 35.7638 -14.6058 1.6
      vertex 35.7638 -16.2957 2
      vertex 35.7638 -16.2957 1.6
    endloop
  endfacet
  facet normal 0 -1 0
    outer loop
      vertex 32.7899 -16.2957 1.6
      vertex 35.7638 -16.2957 2
      vertex 32.7899 -16.2957 2
    endloop
  endfacet
  facet normal 0 -1 -0
    outer loop
      vertex 35.7638 -16.2957 2
      vertex 32.7899 -16.2957 1.6
      vertex 35.7638 -16.2957 1.6
    endloop
  endfacet
  facet normal 1 -0 0
    outer loop
      vertex 32.7899 -16.749 2
      vertex 32.7899 -16.2957 1.6
      vertex 32.7899 -16.2957 2
    endloop
  endfacet
  facet normal 1 0 0
    outer loop
      vertex 32.7899 -16.2957 1.6
      vertex 32.7899 -16.749 2
      vertex 32.7899 -16.749 1.6
    endloop
  endfacet
  facet normal 0 1 -0
    outer loop
      vertex 36.134 -16.749 1.6
      vertex 32.7899 -16.749 2
      vertex 36.134 -16.749 2
    endloop
  endfacet
  facet normal 0 1 0
    outer loop
      vertex 32.7899 -16.749 2
      vertex 36.134 -16.749 1.6
      vertex 32.7899 -16.749 1.6
    endloop
  endfacet
  facet normal -1 0 0
    outer loop
      vertex 36.134 -16.749 1.6
      vertex 36.134 -14.6058 2
      vertex 36.134 -14.6058 1.6
    endloop
  endfacet
  facet normal -1 -0 0
    outer loop
      vertex 36.134 -14.6058 2
      vertex 36.134 -16.749 1.6
      vertex 36.134 -16.749 2
    endloop
  endfacet
  facet normal 0 -1 0
    outer loop
      vertex 35.7638 -14.6058 1.6
      vertex 36.134 -14.6058 2
      vertex 35.7638 -14.6058 2
    endloop
  endfacet
  facet normal 0 -1 -0
    outer loop
      vertex 36.134 -14.6058 2
      vertex 35.7638 -14.6058 1.6
      vertex 36.134 -14.6058 1.6
    endloop
  endfacet
  facet normal -0.0156775 -0.999877 0
    outer loop
      vertex 34.5885 -20.3394 1.6
      vertex 34.6459 -20.3403 2
      vertex 34.5885 -20.3394 2
    endloop
  endfacet
  facet normal -0.0156775 -0.999877 -0
    outer loop
      vertex 34.6459 -20.3403 2
      vertex 34.5885 -20.3394 1.6
      vertex 34.6459 -20.3403 1.6
    endloop
  endfacet
  facet normal -0.0504771 -0.998725 0
    outer loop
      vertex 34.5331 -20.3366 1.6
      vertex 34.5885 -20.3394 2
      vertex 34.5331 -20.3366 2
    endloop
  endfacet
  facet normal -0.0504771 -0.998725 -0
    outer loop
      vertex 34.5885 -20.3394 2
      vertex 34.5331 -20.3366 1.6
      vertex 34.5885 -20.3394 1.6
    endloop
  endfacet
  facet normal -0.0878393 -0.996135 0
    outer loop
      vertex 34.4798 -20.3319 1.6
      vertex 34.5331 -20.3366 2
      vertex 34.4798 -20.3319 2
    endloop
  endfacet
  facet normal -0.0878393 -0.996135 -0
    outer loop
      vertex 34.5331 -20.3366 2
      vertex 34.4798 -20.3319 1.6
      vertex 34.5331 -20.3366 1.6
    endloop
  endfacet
  facet normal -0.127359 -0.991857 0
    outer loop
      vertex 34.4284 -20.3253 1.6
      vertex 34.4798 -20.3319 2
      vertex 34.4284 -20.3253 2
    endloop
  endfacet
  facet normal -0.127359 -0.991857 -0
    outer loop
      vertex 34.4798 -20.3319 2
      vertex 34.4284 -20.3253 1.6
      vertex 34.4798 -20.3319 1.6
    endloop
  endfacet
  facet normal -0.169907 -0.98546 0
    outer loop
      vertex 34.3791 -20.3168 1.6
      vertex 34.4284 -20.3253 2
      vertex 34.3791 -20.3168 2
    endloop
  endfacet
  facet normal -0.169907 -0.98546 -0
    outer loop
      vertex 34.4284 -20.3253 2
      vertex 34.3791 -20.3168 1.6
      vertex 34.4284 -20.3253 1.6
    endloop
  endfacet
  facet normal -0.212773 -0.977102 0
    outer loop
      vertex 34.3318 -20.3065 1.6
      vertex 34.3791 -20.3168 2
      vertex 34.3318 -20.3065 2
    endloop
  endfacet
  facet normal -0.212773 -0.977102 -0
    outer loop
      vertex 34.3791 -20.3168 2
      vertex 34.3318 -20.3065 1.6
      vertex 34.3791 -20.3168 1.6
    endloop
  endfacet
  facet normal -0.262036 -0.965058 0
    outer loop
      vertex 34.2865 -20.2942 1.6
      vertex 34.3318 -20.3065 2
      vertex 34.2865 -20.2942 2
    endloop
  endfacet
  facet normal -0.262036 -0.965058 -0
    outer loop
      vertex 34.3318 -20.3065 2
      vertex 34.2865 -20.2942 1.6
      vertex 34.3318 -20.3065 1.6
    endloop
  endfacet
  facet normal -0.31028 -0.950645 0
    outer loop
      vertex 34.2433 -20.2801 1.6
      vertex 34.2865 -20.2942 2
      vertex 34.2433 -20.2801 2
    endloop
  endfacet
  facet normal -0.31028 -0.950645 -0
    outer loop
      vertex 34.2865 -20.2942 2
      vertex 34.2433 -20.2801 1.6
      vertex 34.2865 -20.2942 1.6
    endloop
  endfacet
  facet normal -0.361247 -0.93247 0
    outer loop
      vertex 34.202 -20.2641 1.6
      vertex 34.2433 -20.2801 2
      vertex 34.202 -20.2641 2
    endloop
  endfacet
  facet normal -0.361247 -0.93247 -0
    outer loop
      vertex 34.2433 -20.2801 2
      vertex 34.202 -20.2641 1.6
      vertex 34.2433 -20.2801 1.6
    endloop
  endfacet
  facet normal -0.415376 -0.90965 0
    outer loop
      vertex 34.1628 -20.2462 1.6
      vertex 34.202 -20.2641 2
      vertex 34.1628 -20.2462 2
    endloop
  endfacet
  facet normal -0.415376 -0.90965 -0
    outer loop
      vertex 34.202 -20.2641 2
      vertex 34.1628 -20.2462 1.6
      vertex 34.202 -20.2641 1.6
    endloop
  endfacet
  facet normal -0.468981 -0.883208 0
    outer loop
      vertex 34.1257 -20.2265 1.6
      vertex 34.1628 -20.2462 2
      vertex 34.1257 -20.2265 2
    endloop
  endfacet
  facet normal -0.468981 -0.883208 -0
    outer loop
      vertex 34.1628 -20.2462 2
      vertex 34.1257 -20.2265 1.6
      vertex 34.1628 -20.2462 1.6
    endloop
  endfacet
  facet normal -0.524772 -0.851243 0
    outer loop
      vertex 34.0905 -20.2048 1.6
      vertex 34.1257 -20.2265 2
      vertex 34.0905 -20.2048 2
    endloop
  endfacet
  facet normal -0.524772 -0.851243 -0
    outer loop
      vertex 34.1257 -20.2265 2
      vertex 34.0905 -20.2048 1.6
      vertex 34.1257 -20.2265 1.6
    endloop
  endfacet
  facet normal -0.577744 -0.816218 0
    outer loop
      vertex 34.0573 -20.1813 1.6
      vertex 34.0905 -20.2048 2
      vertex 34.0573 -20.1813 2
    endloop
  endfacet
  facet normal -0.577744 -0.816218 -0
    outer loop
      vertex 34.0905 -20.2048 2
      vertex 34.0573 -20.1813 1.6
      vertex 34.0905 -20.2048 1.6
    endloop
  endfacet
  facet normal -0.630498 -0.776191 0
    outer loop
      vertex 34.0264 -20.1562 1.6
      vertex 34.0573 -20.1813 2
      vertex 34.0264 -20.1562 2
    endloop
  endfacet
  facet normal -0.630498 -0.776191 -0
    outer loop
      vertex 34.0573 -20.1813 2
      vertex 34.0264 -20.1562 1.6
      vertex 34.0573 -20.1813 1.6
    endloop
  endfacet
  facet normal -0.682227 -0.731141 0
    outer loop
      vertex 33.998 -20.1297 1.6
      vertex 34.0264 -20.1562 2
      vertex 33.998 -20.1297 2
    endloop
  endfacet
  facet normal -0.682227 -0.731141 -0
    outer loop
      vertex 34.0264 -20.1562 2
      vertex 33.998 -20.1297 1.6
      vertex 34.0264 -20.1562 1.6
    endloop
  endfacet
  facet normal -0.731668 -0.681662 0
    outer loop
      vertex 33.998 -20.1297 1.6
      vertex 33.9721 -20.1019 2
      vertex 33.9721 -20.1019 1.6
    endloop
  endfacet
  facet normal -0.731668 -0.681662 0
    outer loop
      vertex 33.9721 -20.1019 2
      vertex 33.998 -20.1297 1.6
      vertex 33.998 -20.1297 2
    endloop
  endfacet
  facet normal -0.779043 -0.62697 0
    outer loop
      vertex 33.9721 -20.1019 1.6
      vertex 33.9486 -20.0727 2
      vertex 33.9486 -20.0727 1.6
    endloop
  endfacet
  facet normal -0.779043 -0.62697 0
    outer loop
      vertex 33.9486 -20.0727 2
      vertex 33.9721 -20.1019 1.6
      vertex 33.9721 -20.1019 2
    endloop
  endfacet
  facet normal -0.824513 -0.565842 0
    outer loop
      vertex 33.9486 -20.0727 1.6
      vertex 33.9276 -20.0421 2
      vertex 33.9276 -20.0421 1.6
    endloop
  endfacet
  facet normal -0.824513 -0.565842 0
    outer loop
      vertex 33.9276 -20.0421 2
      vertex 33.9486 -20.0727 1.6
      vertex 33.9486 -20.0727 2
    endloop
  endfacet
  facet normal -0.863188 -0.504883 0
    outer loop
      vertex 33.9276 -20.0421 1.6
      vertex 33.909 -20.0103 2
      vertex 33.909 -20.0103 1.6
    endloop
  endfacet
  facet normal -0.863188 -0.504883 0
    outer loop
      vertex 33.909 -20.0103 2
      vertex 33.9276 -20.0421 1.6
      vertex 33.9276 -20.0421 2
    endloop
  endfacet
  facet normal -0.901354 -0.433083 0
    outer loop
      vertex 33.909 -20.0103 1.6
      vertex 33.893 -19.977 2
      vertex 33.893 -19.977 1.6
    endloop
  endfacet
  facet normal -0.901354 -0.433083 0
    outer loop
      vertex 33.893 -19.977 2
      vertex 33.909 -20.0103 1.6
      vertex 33.909 -20.0103 2
    endloop
  endfacet
  facet normal -0.930325 -0.366737 0
    outer loop
      vertex 33.893 -19.977 1.6
      vertex 33.8794 -19.9425 2
      vertex 33.8794 -19.9425 1.6
    endloop
  endfacet
  facet normal -0.930325 -0.366737 0
    outer loop
      vertex 33.8794 -19.9425 2
      vertex 33.893 -19.977 1.6
      vertex 33.893 -19.977 2
    endloop
  endfacet
  facet normal -0.954857 -0.297067 0
    outer loop
      vertex 33.8794 -19.9425 1.6
      vertex 33.8682 -19.9065 2
      vertex 33.8682 -19.9065 1.6
    endloop
  endfacet
  facet normal -0.954857 -0.297067 0
    outer loop
      vertex 33.8682 -19.9065 2
      vertex 33.8794 -19.9425 1.6
      vertex 33.8794 -19.9425 2
    endloop
  endfacet
  facet normal -0.974303 -0.225242 0
    outer loop
      vertex 33.8682 -19.9065 1.6
      vertex 33.8596 -19.8693 2
      vertex 33.8596 -19.8693 1.6
    endloop
  endfacet
  facet normal -0.974303 -0.225242 0
    outer loop
      vertex 33.8596 -19.8693 2
      vertex 33.8682 -19.9065 1.6
      vertex 33.8682 -19.9065 2
    endloop
  endfacet
  facet normal -0.987409 -0.15819 0
    outer loop
      vertex 33.8596 -19.8693 1.6
      vertex 33.8534 -19.8306 2
      vertex 33.8534 -19.8306 1.6
    endloop
  endfacet
  facet normal -0.987409 -0.15819 0
    outer loop
      vertex 33.8534 -19.8306 2
      vertex 33.8596 -19.8693 1.6
      vertex 33.8596 -19.8693 2
    endloop
  endfacet
  facet normal -0.995728 -0.0923357 0
    outer loop
      vertex 33.8534 -19.8306 1.6
      vertex 33.8497 -19.7907 2
      vertex 33.8497 -19.7907 1.6
    endloop
  endfacet
  facet normal -0.995728 -0.0923357 0
    outer loop
      vertex 33.8497 -19.7907 2
      vertex 33.8534 -19.8306 1.6
      vertex 33.8534 -19.8306 2
    endloop
  endfacet
  facet normal -0.999578 -0.0290434 0
    outer loop
      vertex 33.8497 -19.7907 1.6
      vertex 33.8485 -19.7494 2
      vertex 33.8485 -19.7494 1.6
    endloop
  endfacet
  facet normal -0.999578 -0.0290434 0
    outer loop
      vertex 33.8485 -19.7494 2
      vertex 33.8497 -19.7907 1.6
      vertex 33.8497 -19.7907 2
    endloop
  endfacet
  facet normal -0.9998 0.019996 0
    outer loop
      vertex 33.8485 -19.7494 1.6
      vertex 33.8493 -19.7094 2
      vertex 33.8493 -19.7094 1.6
    endloop
  endfacet
  facet normal -0.9998 0.019996 0
    outer loop
      vertex 33.8493 -19.7094 2
      vertex 33.8485 -19.7494 1.6
      vertex 33.8485 -19.7494 2
    endloop
  endfacet
  facet normal -0.997843 0.0656476 0
    outer loop
      vertex 33.8493 -19.7094 1.6
      vertex 33.8518 -19.6714 2
      vertex 33.8518 -19.6714 1.6
    endloop
  endfacet
  facet normal -0.997843 0.0656476 0
    outer loop
      vertex 33.8518 -19.6714 2
      vertex 33.8493 -19.7094 1.6
      vertex 33.8493 -19.7094 2
    endloop
  endfacet
  facet normal -0.993263 0.115881 0
    outer loop
      vertex 33.8518 -19.6714 1.6
      vertex 33.856 -19.6354 2
      vertex 33.856 -19.6354 1.6
    endloop
  endfacet
  facet normal -0.993263 0.115881 0
    outer loop
      vertex 33.856 -19.6354 2
      vertex 33.8518 -19.6714 1.6
      vertex 33.8518 -19.6714 2
    endloop
  endfacet
  facet normal -0.984871 0.173291 0
    outer loop
      vertex 33.856 -19.6354 1.6
      vertex 33.862 -19.6013 2
      vertex 33.862 -19.6013 1.6
    endloop
  endfacet
  facet normal -0.984871 0.173291 0
    outer loop
      vertex 33.862 -19.6013 2
      vertex 33.856 -19.6354 1.6
      vertex 33.856 -19.6354 2
    endloop
  endfacet
  facet normal -0.97393 0.226847 0
    outer loop
      vertex 33.862 -19.6013 1.6
      vertex 33.8695 -19.5691 2
      vertex 33.8695 -19.5691 1.6
    endloop
  endfacet
  facet normal -0.97393 0.226847 0
    outer loop
      vertex 33.8695 -19.5691 2
      vertex 33.862 -19.6013 1.6
      vertex 33.862 -19.6013 2
    endloop
  endfacet
  facet normal -0.955711 0.294308 0
    outer loop
      vertex 33.8695 -19.5691 1.6
      vertex 33.8788 -19.5389 2
      vertex 33.8788 -19.5389 1.6
    endloop
  endfacet
  facet normal -0.955711 0.294308 0
    outer loop
      vertex 33.8788 -19.5389 2
      vertex 33.8695 -19.5691 1.6
      vertex 33.8695 -19.5691 2
    endloop
  endfacet
  facet normal -0.932066 0.362287 0
    outer loop
      vertex 33.8788 -19.5389 1.6
      vertex 33.8898 -19.5106 2
      vertex 33.8898 -19.5106 1.6
    endloop
  endfacet
  facet normal -0.932066 0.362287 0
    outer loop
      vertex 33.8898 -19.5106 2
      vertex 33.8788 -19.5389 1.6
      vertex 33.8788 -19.5389 2
    endloop
  endfacet
  facet normal -0.902481 0.43073 0
    outer loop
      vertex 33.8898 -19.5106 1.6
      vertex 33.9024 -19.4842 2
      vertex 33.9024 -19.4842 1.6
    endloop
  endfacet
  facet normal -0.902481 0.43073 0
    outer loop
      vertex 33.9024 -19.4842 2
      vertex 33.8898 -19.5106 1.6
      vertex 33.8898 -19.5106 2
    endloop
  endfacet
  facet normal -0.862751 0.505629 0
    outer loop
      vertex 33.9024 -19.4842 1.6
      vertex 33.9167 -19.4598 2
      vertex 33.9167 -19.4598 1.6
    endloop
  endfacet
  facet normal -0.862751 0.505629 0
    outer loop
      vertex 33.9167 -19.4598 2
      vertex 33.9024 -19.4842 1.6
      vertex 33.9024 -19.4842 2
    endloop
  endfacet
  facet normal -0.814955 0.579524 0
    outer loop
      vertex 33.9167 -19.4598 1.6
      vertex 33.9327 -19.4373 2
      vertex 33.9327 -19.4373 1.6
    endloop
  endfacet
  facet normal -0.814955 0.579524 0
    outer loop
      vertex 33.9327 -19.4373 2
      vertex 33.9167 -19.4598 1.6
      vertex 33.9167 -19.4598 2
    endloop
  endfacet
  facet normal -0.756906 0.653524 0
    outer loop
      vertex 33.9327 -19.4373 1.6
      vertex 33.9504 -19.4168 2
      vertex 33.9504 -19.4168 1.6
    endloop
  endfacet
  facet normal -0.756906 0.653524 0
    outer loop
      vertex 33.9504 -19.4168 2
      vertex 33.9327 -19.4373 1.6
      vertex 33.9327 -19.4373 2
    endloop
  endfacet
  facet normal -0.693998 0.719977 0
    outer loop
      vertex 33.9698 -19.3981 1.6
      vertex 33.9504 -19.4168 2
      vertex 33.9698 -19.3981 2
    endloop
  endfacet
  facet normal -0.693998 0.719977 0
    outer loop
      vertex 33.9504 -19.4168 2
      vertex 33.9698 -19.3981 1.6
      vertex 33.9504 -19.4168 1.6
    endloop
  endfacet
  facet normal -0.618315 0.78593 0
    outer loop
      vertex 33.9909 -19.3815 1.6
      vertex 33.9698 -19.3981 2
      vertex 33.9909 -19.3815 2
    endloop
  endfacet
  facet normal -0.618315 0.78593 0
    outer loop
      vertex 33.9698 -19.3981 2
      vertex 33.9909 -19.3815 1.6
      vertex 33.9698 -19.3981 1.6
    endloop
  endfacet
  facet normal -0.545496 0.838113 0
    outer loop
      vertex 34.0141 -19.3664 1.6
      vertex 33.9909 -19.3815 2
      vertex 34.0141 -19.3664 2
    endloop
  endfacet
  facet normal -0.545496 0.838113 0
    outer loop
      vertex 33.9909 -19.3815 2
      vertex 34.0141 -19.3664 1.6
      vertex 33.9909 -19.3815 1.6
    endloop
  endfacet
  facet normal -0.471468 0.881883 0
    outer loop
      vertex 34.0401 -19.3525 1.6
      vertex 34.0141 -19.3664 2
      vertex 34.0401 -19.3525 2
    endloop
  endfacet
  facet normal -0.471468 0.881883 0
    outer loop
      vertex 34.0141 -19.3664 2
      vertex 34.0401 -19.3525 1.6
      vertex 34.0141 -19.3664 1.6
    endloop
  endfacet
  facet normal -0.403484 0.914987 0
    outer loop
      vertex 34.0689 -19.3398 1.6
      vertex 34.0401 -19.3525 2
      vertex 34.0689 -19.3398 2
    endloop
  endfacet
  facet normal -0.403484 0.914987 0
    outer loop
      vertex 34.0401 -19.3525 2
      vertex 34.0689 -19.3398 1.6
      vertex 34.0401 -19.3525 1.6
    endloop
  endfacet
  facet normal -0.343903 0.939005 0
    outer loop
      vertex 34.1003 -19.3283 1.6
      vertex 34.0689 -19.3398 2
      vertex 34.1003 -19.3283 2
    endloop
  endfacet
  facet normal -0.343903 0.939005 0
    outer loop
      vertex 34.0689 -19.3398 2
      vertex 34.1003 -19.3283 1.6
      vertex 34.0689 -19.3398 1.6
    endloop
  endfacet
  facet normal -0.285805 0.958288 0
    outer loop
      vertex 34.1345 -19.3181 1.6
      vertex 34.1003 -19.3283 2
      vertex 34.1345 -19.3181 2
    endloop
  endfacet
  facet normal -0.285805 0.958288 0
    outer loop
      vertex 34.1003 -19.3283 2
      vertex 34.1345 -19.3181 1.6
      vertex 34.1003 -19.3283 1.6
    endloop
  endfacet
  facet normal -0.239439 0.970911 0
    outer loop
      vertex 34.1714 -19.309 1.6
      vertex 34.1345 -19.3181 2
      vertex 34.1714 -19.309 2
    endloop
  endfacet
  facet normal -0.239439 0.970911 0
    outer loop
      vertex 34.1345 -19.3181 2
      vertex 34.1714 -19.309 1.6
      vertex 34.1345 -19.3181 1.6
    endloop
  endfacet
  facet normal -0.193256 0.981148 0
    outer loop
      vertex 34.211 -19.3012 1.6
      vertex 34.1714 -19.309 2
      vertex 34.211 -19.3012 2
    endloop
  endfacet
  facet normal -0.193256 0.981148 0
    outer loop
      vertex 34.1714 -19.309 2
      vertex 34.211 -19.3012 1.6
      vertex 34.1714 -19.309 1.6
    endloop
  endfacet
  facet normal -0.156442 0.987687 0
    outer loop
      vertex 34.2533 -19.2945 1.6
      vertex 34.211 -19.3012 2
      vertex 34.2533 -19.2945 2
    endloop
  endfacet
  facet normal -0.156442 0.987687 0
    outer loop
      vertex 34.211 -19.3012 2
      vertex 34.2533 -19.2945 1.6
      vertex 34.211 -19.3012 1.6
    endloop
  endfacet
  facet normal -0.118885 0.992908 0
    outer loop
      vertex 34.2984 -19.2891 1.6
      vertex 34.2533 -19.2945 2
      vertex 34.2984 -19.2891 2
    endloop
  endfacet
  facet normal -0.118885 0.992908 0
    outer loop
      vertex 34.2533 -19.2945 2
      vertex 34.2984 -19.2891 1.6
      vertex 34.2533 -19.2945 1.6
    endloop
  endfacet
  facet normal -0.0875289 0.996162 0
    outer loop
      vertex 34.3462 -19.2849 1.6
      vertex 34.2984 -19.2891 2
      vertex 34.3462 -19.2849 2
    endloop
  endfacet
  facet normal -0.0875289 0.996162 0
    outer loop
      vertex 34.2984 -19.2891 2
      vertex 34.3462 -19.2849 1.6
      vertex 34.2984 -19.2891 1.6
    endloop
  endfacet
  facet normal -0.0612708 0.998121 0
    outer loop
      vertex 34.3967 -19.2818 1.6
      vertex 34.3462 -19.2849 2
      vertex 34.3967 -19.2818 2
    endloop
  endfacet
  facet normal -0.0612708 0.998121 0
    outer loop
      vertex 34.3462 -19.2849 2
      vertex 34.3967 -19.2818 1.6
      vertex 34.3462 -19.2849 1.6
    endloop
  endfacet
  facet normal -0.0338152 0.999428 0
    outer loop
      vertex 34.4499 -19.28 1.6
      vertex 34.3967 -19.2818 2
      vertex 34.4499 -19.28 2
    endloop
  endfacet
  facet normal -0.0338152 0.999428 0
    outer loop
      vertex 34.3967 -19.2818 2
      vertex 34.4499 -19.28 1.6
      vertex 34.3967 -19.2818 1.6
    endloop
  endfacet
  facet normal -0.0107137 0.999943 0
    outer loop
      vertex 34.5059 -19.2794 1.6
      vertex 34.4499 -19.28 2
      vertex 34.5059 -19.2794 2
    endloop
  endfacet
  facet normal -0.0107137 0.999943 0
    outer loop
      vertex 34.4499 -19.28 2
      vertex 34.5059 -19.2794 1.6
      vertex 34.4499 -19.28 1.6
    endloop
  endfacet
  facet normal 0 1 -0
    outer loop
      vertex 36.134 -19.2794 1.6
      vertex 34.5059 -19.2794 2
      vertex 36.134 -19.2794 2
    endloop
  endfacet
  facet normal 0 1 0
    outer loop
      vertex 34.5059 -19.2794 2
      vertex 36.134 -19.2794 1.6
      vertex 34.5059 -19.2794 1.6
    endloop
  endfacet
  facet normal -1 0 0
    outer loop
      vertex 36.134 -19.2794 1.6
      vertex 36.134 -18.8569 2
      vertex 36.134 -18.8569 1.6
    endloop
  endfacet
  facet normal -1 -0 0
    outer loop
      vertex 36.134 -18.8569 2
      vertex 36.134 -19.2794 1.6
      vertex 36.134 -19.2794 2
    endloop
  endfacet
  facet normal 0 -1 0
    outer loop
      vertex 34.6459 -18.8569 1.6
      vertex 36.134 -18.8569 2
      vertex 34.6459 -18.8569 2
    endloop
  endfacet
  facet normal 0 -1 -0
    outer loop
      vertex 36.134 -18.8569 2
      vertex 34.6459 -18.8569 1.6
      vertex 36.134 -18.8569 1.6
    endloop
  endfacet
  facet normal -0.015596 -0.999878 0
    outer loop
      vertex 34.5882 -18.856 1.6
      vertex 34.6459 -18.8569 2
      vertex 34.5882 -18.856 2
    endloop
  endfacet
  facet normal -0.015596 -0.999878 -0
    outer loop
      vertex 34.6459 -18.8569 2
      vertex 34.5882 -18.856 1.6
      vertex 34.6459 -18.8569 1.6
    endloop
  endfacet
  facet normal -0.0484171 -0.998827 0
    outer loop
      vertex 34.5325 -18.8533 1.6
      vertex 34.5882 -18.856 2
      vertex 34.5325 -18.8533 2
    endloop
  endfacet
  facet normal -0.0484171 -0.998827 -0
    outer loop
      vertex 34.5882 -18.856 2
      vertex 34.5325 -18.8533 1.6
      vertex 34.5882 -18.856 1.6
    endloop
  endfacet
  facet normal -0.0855066 -0.996338 0
    outer loop
      vertex 34.4789 -18.8487 1.6
      vertex 34.5325 -18.8533 2
      vertex 34.4789 -18.8487 2
    endloop
  endfacet
  facet normal -0.0855066 -0.996338 -0
    outer loop
      vertex 34.5325 -18.8533 2
      vertex 34.4789 -18.8487 1.6
      vertex 34.5325 -18.8533 1.6
    endloop
  endfacet
  facet normal -0.124981 -0.992159 0
    outer loop
      vertex 34.4273 -18.8422 1.6
      vertex 34.4789 -18.8487 2
      vertex 34.4273 -18.8422 2
    endloop
  endfacet
  facet normal -0.124981 -0.992159 -0
    outer loop
      vertex 34.4789 -18.8487 2
      vertex 34.4273 -18.8422 1.6
      vertex 34.4789 -18.8487 1.6
    endloop
  endfacet
  facet normal -0.163429 -0.986555 0
    outer loop
      vertex 34.3778 -18.834 1.6
      vertex 34.4273 -18.8422 2
      vertex 34.3778 -18.834 2
    endloop
  endfacet
  facet normal -0.163429 -0.986555 -0
    outer loop
      vertex 34.4273 -18.8422 2
      vertex 34.3778 -18.834 1.6
      vertex 34.4273 -18.8422 1.6
    endloop
  endfacet
  facet normal -0.210374 -0.977621 0
    outer loop
      vertex 34.3304 -18.8238 1.6
      vertex 34.3778 -18.834 2
      vertex 34.3304 -18.8238 2
    endloop
  endfacet
  facet normal -0.210374 -0.977621 -0
    outer loop
      vertex 34.3778 -18.834 2
      vertex 34.3304 -18.8238 1.6
      vertex 34.3778 -18.834 1.6
    endloop
  endfacet
  facet normal -0.253549 -0.967322 0
    outer loop
      vertex 34.285 -18.8119 1.6
      vertex 34.3304 -18.8238 2
      vertex 34.285 -18.8119 2
    endloop
  endfacet
  facet normal -0.253549 -0.967322 -0
    outer loop
      vertex 34.3304 -18.8238 2
      vertex 34.285 -18.8119 1.6
      vertex 34.3304 -18.8238 1.6
    endloop
  endfacet
  facet normal -0.303658 -0.952781 0
    outer loop
      vertex 34.2417 -18.7981 1.6
      vertex 34.285 -18.8119 2
      vertex 34.2417 -18.7981 2
    endloop
  endfacet
  facet normal -0.303658 -0.952781 -0
    outer loop
      vertex 34.285 -18.8119 2
      vertex 34.2417 -18.7981 1.6
      vertex 34.285 -18.8119 1.6
    endloop
  endfacet
  facet normal -0.354107 -0.935205 0
    outer loop
      vertex 34.2005 -18.7825 1.6
      vertex 34.2417 -18.7981 2
      vertex 34.2005 -18.7825 2
    endloop
  endfacet
  facet normal -0.354107 -0.935205 -0
    outer loop
      vertex 34.2417 -18.7981 2
      vertex 34.2005 -18.7825 1.6
      vertex 34.2417 -18.7981 1.6
    endloop
  endfacet
  facet normal -0.407651 -0.913138 0
    outer loop
      vertex 34.1613 -18.765 1.6
      vertex 34.2005 -18.7825 2
      vertex 34.1613 -18.765 2
    endloop
  endfacet
  facet normal -0.407651 -0.913138 -0
    outer loop
      vertex 34.2005 -18.7825 2
      vertex 34.1613 -18.765 1.6
      vertex 34.2005 -18.7825 1.6
    endloop
  endfacet
  facet normal -0.461503 -0.887138 0
    outer loop
      vertex 34.1242 -18.7457 1.6
      vertex 34.1613 -18.765 2
      vertex 34.1242 -18.7457 2
    endloop
  endfacet
  facet normal -0.461503 -0.887138 -0
    outer loop
      vertex 34.1613 -18.765 2
      vertex 34.1242 -18.7457 1.6
      vertex 34.1613 -18.765 1.6
    endloop
  endfacet
  facet normal -0.517004 -0.855983 0
    outer loop
      vertex 34.0891 -18.7245 1.6
      vertex 34.1242 -18.7457 2
      vertex 34.0891 -18.7245 2
    endloop
  endfacet
  facet normal -0.517004 -0.855983 -0
    outer loop
      vertex 34.1242 -18.7457 2
      vertex 34.0891 -18.7245 1.6
      vertex 34.1242 -18.7457 1.6
    endloop
  endfacet
  facet normal -0.572961 -0.819583 0
    outer loop
      vertex 34.0562 -18.7015 1.6
      vertex 34.0891 -18.7245 2
      vertex 34.0562 -18.7015 2
    endloop
  endfacet
  facet normal -0.572961 -0.819583 -0
    outer loop
      vertex 34.0891 -18.7245 2
      vertex 34.0562 -18.7015 1.6
      vertex 34.0891 -18.7245 1.6
    endloop
  endfacet
  facet normal -0.624076 -0.781364 0
    outer loop
      vertex 34.0254 -18.6769 1.6
      vertex 34.0562 -18.7015 2
      vertex 34.0254 -18.6769 2
    endloop
  endfacet
  facet normal -0.624076 -0.781364 -0
    outer loop
      vertex 34.0562 -18.7015 2
      vertex 34.0254 -18.6769 1.6
      vertex 34.0562 -18.7015 1.6
    endloop
  endfacet
  facet normal -0.68065 -0.732608 0
    outer loop
      vertex 33.9972 -18.6507 1.6
      vertex 34.0254 -18.6769 2
      vertex 33.9972 -18.6507 2
    endloop
  endfacet
  facet normal -0.68065 -0.732608 -0
    outer loop
      vertex 34.0254 -18.6769 2
      vertex 33.9972 -18.6507 1.6
      vertex 34.0254 -18.6769 1.6
    endloop
  endfacet
  facet normal -0.730527 -0.682884 0
    outer loop
      vertex 33.9972 -18.6507 1.6
      vertex 33.9714 -18.6231 2
      vertex 33.9714 -18.6231 1.6
    endloop
  endfacet
  facet normal -0.730527 -0.682884 0
    outer loop
      vertex 33.9714 -18.6231 2
      vertex 33.9972 -18.6507 1.6
      vertex 33.9972 -18.6507 2
    endloop
  endfacet
  facet normal -0.779299 -0.626653 0
    outer loop
      vertex 33.9714 -18.6231 1.6
      vertex 33.948 -18.594 2
      vertex 33.948 -18.594 1.6
    endloop
  endfacet
  facet normal -0.779299 -0.626653 0
    outer loop
      vertex 33.948 -18.594 2
      vertex 33.9714 -18.6231 1.6
      vertex 33.9714 -18.6231 2
    endloop
  endfacet
  facet normal -0.824909 -0.565266 0
    outer loop
      vertex 33.948 -18.594 1.6
      vertex 33.9271 -18.5635 2
      vertex 33.9271 -18.5635 1.6
    endloop
  endfacet
  facet normal -0.824909 -0.565266 0
    outer loop
      vertex 33.9271 -18.5635 2
      vertex 33.948 -18.594 1.6
      vertex 33.948 -18.594 2
    endloop
  endfacet
  facet normal -0.866906 -0.498471 0
    outer loop
      vertex 33.9271 -18.5635 1.6
      vertex 33.9087 -18.5315 2
      vertex 33.9087 -18.5315 1.6
    endloop
  endfacet
  facet normal -0.866906 -0.498471 0
    outer loop
      vertex 33.9087 -18.5315 2
      vertex 33.9271 -18.5635 1.6
      vertex 33.9271 -18.5635 2
    endloop
  endfacet
  facet normal -0.902362 -0.430979 0
    outer loop
      vertex 33.9087 -18.5315 1.6
      vertex 33.8927 -18.498 2
      vertex 33.8927 -18.498 1.6
    endloop
  endfacet
  facet normal -0.902362 -0.430979 0
    outer loop
      vertex 33.8927 -18.498 2
      vertex 33.9087 -18.5315 1.6
      vertex 33.9087 -18.5315 2
    endloop
  endfacet
  facet normal -0.933002 -0.359872 0
    outer loop
      vertex 33.8927 -18.498 1.6
      vertex 33.8792 -18.463 2
      vertex 33.8792 -18.463 1.6
    endloop
  endfacet
  facet normal -0.933002 -0.359872 0
    outer loop
      vertex 33.8792 -18.463 2
      vertex 33.8927 -18.498 1.6
      vertex 33.8927 -18.498 2
    endloop
  endfacet
  facet normal -0.956737 -0.290953 0
    outer loop
      vertex 33.8792 -18.463 1.6
      vertex 33.8681 -18.4265 2
      vertex 33.8681 -18.4265 1.6
    endloop
  endfacet
  facet normal -0.956737 -0.290953 0
    outer loop
      vertex 33.8681 -18.4265 2
      vertex 33.8792 -18.463 1.6
      vertex 33.8792 -18.463 2
    endloop
  endfacet
  facet normal -0.975209 -0.221287 0
    outer loop
      vertex 33.8681 -18.4265 1.6
      vertex 33.8595 -18.3886 2
      vertex 33.8595 -18.3886 1.6
    endloop
  endfacet
  facet normal -0.975209 -0.221287 0
    outer loop
      vertex 33.8595 -18.3886 2
      vertex 33.8681 -18.4265 1.6
      vertex 33.8681 -18.4265 2
    endloop
  endfacet
  facet normal -0.988226 -0.152999 0
    outer loop
      vertex 33.8595 -18.3886 1.6
      vertex 33.8534 -18.3492 2
      vertex 33.8534 -18.3492 1.6
    endloop
  endfacet
  facet normal -0.988226 -0.152999 0
    outer loop
      vertex 33.8534 -18.3492 2
      vertex 33.8595 -18.3886 1.6
      vertex 33.8595 -18.3886 2
    endloop
  endfacet
  facet normal -0.995933 -0.0900966 0
    outer loop
      vertex 33.8534 -18.3492 1.6
      vertex 33.8497 -18.3083 2
      vertex 33.8497 -18.3083 1.6
    endloop
  endfacet
  facet normal -0.995933 -0.0900966 0
    outer loop
      vertex 33.8497 -18.3083 2
      vertex 33.8534 -18.3492 1.6
      vertex 33.8534 -18.3492 2
    endloop
  endfacet
  facet normal -0.999598 -0.0283574 0
    outer loop
      vertex 33.8497 -18.3083 1.6
      vertex 33.8485 -18.266 2
      vertex 33.8485 -18.266 1.6
    endloop
  endfacet
  facet normal -0.999598 -0.0283574 0
    outer loop
      vertex 33.8485 -18.266 2
      vertex 33.8497 -18.3083 1.6
      vertex 33.8497 -18.3083 2
    endloop
  endfacet
  facet normal -0.9998 0.019996 0
    outer loop
      vertex 33.8485 -18.266 1.6
      vertex 33.8493 -18.226 2
      vertex 33.8493 -18.226 1.6
    endloop
  endfacet
  facet normal -0.9998 0.019996 0
    outer loop
      vertex 33.8493 -18.226 2
      vertex 33.8485 -18.266 1.6
      vertex 33.8485 -18.266 2
    endloop
  endfacet
  facet normal -0.997832 0.06582 0
    outer loop
      vertex 33.8493 -18.226 1.6
      vertex 33.8518 -18.1881 2
      vertex 33.8518 -18.1881 1.6
    endloop
  endfacet
  facet normal -0.997832 0.06582 0
    outer loop
      vertex 33.8518 -18.1881 2
      vertex 33.8493 -18.226 1.6
      vertex 33.8493 -18.226 2
    endloop
  endfacet
  facet normal -0.9933 0.115564 0
    outer loop
      vertex 33.8518 -18.1881 1.6
      vertex 33.856 -18.152 2
      vertex 33.856 -18.152 1.6
    endloop
  endfacet
  facet normal -0.9933 0.115564 0
    outer loop
      vertex 33.856 -18.152 2
      vertex 33.8518 -18.1881 1.6
      vertex 33.8518 -18.1881 2
    endloop
  endfacet
  facet normal -0.984871 0.173291 0
    outer loop
      vertex 33.856 -18.152 1.6
      vertex 33.862 -18.1179 2
      vertex 33.862 -18.1179 1.6
    endloop
  endfacet
  facet normal -0.984871 0.173291 0
    outer loop
      vertex 33.862 -18.1179 2
      vertex 33.856 -18.152 1.6
      vertex 33.856 -18.152 2
    endloop
  endfacet
  facet normal -0.97393 0.226847 0
    outer loop
      vertex 33.862 -18.1179 1.6
      vertex 33.8695 -18.0857 2
      vertex 33.8695 -18.0857 1.6
    endloop
  endfacet
  facet normal -0.97393 0.226847 0
    outer loop
      vertex 33.8695 -18.0857 2
      vertex 33.862 -18.1179 1.6
      vertex 33.862 -18.1179 2
    endloop
  endfacet
  facet normal -0.955711 0.294308 0
    outer loop
      vertex 33.8695 -18.0857 1.6
      vertex 33.8788 -18.0555 2
      vertex 33.8788 -18.0555 1.6
    endloop
  endfacet
  facet normal -0.955711 0.294308 0
    outer loop
      vertex 33.8788 -18.0555 2
      vertex 33.8695 -18.0857 1.6
      vertex 33.8695 -18.0857 2
    endloop
  endfacet
  facet normal -0.932066 0.362287 0
    outer loop
      vertex 33.8788 -18.0555 1.6
      vertex 33.8898 -18.0272 2
      vertex 33.8898 -18.0272 1.6
    endloop
  endfacet
  facet normal -0.932066 0.362287 0
    outer loop
      vertex 33.8898 -18.0272 2
      vertex 33.8788 -18.0555 1.6
      vertex 33.8788 -18.0555 2
    endloop
  endfacet
  facet normal -0.902481 0.43073 0
    outer loop
      vertex 33.8898 -18.0272 1.6
      vertex 33.9024 -18.0008 2
      vertex 33.9024 -18.0008 1.6
    endloop
  endfacet
  facet normal -0.902481 0.43073 0
    outer loop
      vertex 33.9024 -18.0008 2
      vertex 33.8898 -18.0272 1.6
      vertex 33.8898 -18.0272 2
    endloop
  endfacet
  facet normal -0.862751 0.505629 0
    outer loop
      vertex 33.9024 -18.0008 1.6
      vertex 33.9167 -17.9764 2
      vertex 33.9167 -17.9764 1.6
    endloop
  endfacet
  facet normal -0.862751 0.505629 0
    outer loop
      vertex 33.9167 -17.9764 2
      vertex 33.9024 -18.0008 1.6
      vertex 33.9024 -18.0008 2
    endloop
  endfacet
  facet normal -0.814955 0.579524 0
    outer loop
      vertex 33.9167 -17.9764 1.6
      vertex 33.9327 -17.9539 2
      vertex 33.9327 -17.9539 1.6
    endloop
  endfacet
  facet normal -0.814955 0.579524 0
    outer loop
      vertex 33.9327 -17.9539 2
      vertex 33.9167 -17.9764 1.6
      vertex 33.9167 -17.9764 2
    endloop
  endfacet
  facet normal -0.756906 0.653524 0
    outer loop
      vertex 33.9327 -17.9539 1.6
      vertex 33.9504 -17.9334 2
      vertex 33.9504 -17.9334 1.6
    endloop
  endfacet
  facet normal -0.756906 0.653524 0
    outer loop
      vertex 33.9504 -17.9334 2
      vertex 33.9327 -17.9539 1.6
      vertex 33.9327 -17.9539 2
    endloop
  endfacet
  facet normal -0.692067 0.721833 0
    outer loop
      vertex 33.9698 -17.9148 1.6
      vertex 33.9504 -17.9334 2
      vertex 33.9698 -17.9148 2
    endloop
  endfacet
  facet normal -0.692067 0.721833 0
    outer loop
      vertex 33.9504 -17.9334 2
      vertex 33.9698 -17.9148 1.6
      vertex 33.9504 -17.9334 1.6
    endloop
  endfacet
  facet normal -0.620608 0.784121 0
    outer loop
      vertex 33.9909 -17.8981 1.6
      vertex 33.9698 -17.9148 2
      vertex 33.9909 -17.8981 2
    endloop
  endfacet
  facet normal -0.620608 0.784121 0
    outer loop
      vertex 33.9698 -17.9148 2
      vertex 33.9909 -17.8981 1.6
      vertex 33.9698 -17.9148 1.6
    endloop
  endfacet
  facet normal -0.545496 0.838113 0
    outer loop
      vertex 34.0141 -17.883 1.6
      vertex 33.9909 -17.8981 2
      vertex 34.0141 -17.883 2
    endloop
  endfacet
  facet normal -0.545496 0.838113 0
    outer loop
      vertex 33.9909 -17.8981 2
      vertex 34.0141 -17.883 1.6
      vertex 33.9909 -17.8981 1.6
    endloop
  endfacet
  facet normal -0.471468 0.881883 0
    outer loop
      vertex 34.0401 -17.8691 1.6
      vertex 34.0141 -17.883 2
      vertex 34.0401 -17.8691 2
    endloop
  endfacet
  facet normal -0.471468 0.881883 0
    outer loop
      vertex 34.0141 -17.883 2
      vertex 34.0401 -17.8691 1.6
      vertex 34.0141 -17.883 1.6
    endloop
  endfacet
  facet normal -0.403484 0.914987 0
    outer loop
      vertex 34.0689 -17.8564 1.6
      vertex 34.0401 -17.8691 2
      vertex 34.0689 -17.8564 2
    endloop
  endfacet
  facet normal -0.403484 0.914987 0
    outer loop
      vertex 34.0401 -17.8691 2
      vertex 34.0689 -17.8564 1.6
      vertex 34.0401 -17.8691 1.6
    endloop
  endfacet
  facet normal -0.343903 0.939005 0
    outer loop
      vertex 34.1003 -17.8449 1.6
      vertex 34.0689 -17.8564 2
      vertex 34.1003 -17.8449 2
    endloop
  endfacet
  facet normal -0.343903 0.939005 0
    outer loop
      vertex 34.0689 -17.8564 2
      vertex 34.1003 -17.8449 1.6
      vertex 34.0689 -17.8564 1.6
    endloop
  endfacet
  facet normal -0.285805 0.958288 0
    outer loop
      vertex 34.1345 -17.8347 1.6
      vertex 34.1003 -17.8449 2
      vertex 34.1345 -17.8347 2
    endloop
  endfacet
  facet normal -0.285805 0.958288 0
    outer loop
      vertex 34.1003 -17.8449 2
      vertex 34.1345 -17.8347 1.6
      vertex 34.1003 -17.8449 1.6
    endloop
  endfacet
  facet normal -0.239439 0.970911 0
    outer loop
      vertex 34.1714 -17.8256 1.6
      vertex 34.1345 -17.8347 2
      vertex 34.1714 -17.8256 2
    endloop
  endfacet
  facet normal -0.239439 0.970911 0
    outer loop
      vertex 34.1345 -17.8347 2
      vertex 34.1714 -17.8256 1.6
      vertex 34.1345 -17.8347 1.6
    endloop
  endfacet
  facet normal -0.193256 0.981148 0
    outer loop
      vertex 34.211 -17.8178 1.6
      vertex 34.1714 -17.8256 2
      vertex 34.211 -17.8178 2
    endloop
  endfacet
  facet normal -0.193256 0.981148 0
    outer loop
      vertex 34.1714 -17.8256 2
      vertex 34.211 -17.8178 1.6
      vertex 34.1714 -17.8256 1.6
    endloop
  endfacet
  facet normal -0.156442 0.987687 0
    outer loop
      vertex 34.2533 -17.8111 1.6
      vertex 34.211 -17.8178 2
      vertex 34.2533 -17.8111 2
    endloop
  endfacet
  facet normal -0.156442 0.987687 0
    outer loop
      vertex 34.211 -17.8178 2
      vertex 34.2533 -17.8111 1.6
      vertex 34.211 -17.8178 1.6
    endloop
  endfacet
  facet normal -0.118885 0.992908 0
    outer loop
      vertex 34.2984 -17.8057 1.6
      vertex 34.2533 -17.8111 2
      vertex 34.2984 -17.8057 2
    endloop
  endfacet
  facet normal -0.118885 0.992908 0
    outer loop
      vertex 34.2533 -17.8111 2
      vertex 34.2984 -17.8057 1.6
      vertex 34.2533 -17.8111 1.6
    endloop
  endfacet
  facet normal -0.0875289 0.996162 0
    outer loop
      vertex 34.3462 -17.8015 1.6
      vertex 34.2984 -17.8057 2
      vertex 34.3462 -17.8015 2
    endloop
  endfacet
  facet normal -0.0875289 0.996162 0
    outer loop
      vertex 34.2984 -17.8057 2
      vertex 34.3462 -17.8015 1.6
      vertex 34.2984 -17.8057 1.6
    endloop
  endfacet
  facet normal -0.0612708 0.998121 0
    outer loop
      vertex 34.3967 -17.7984 1.6
      vertex 34.3462 -17.8015 2
      vertex 34.3967 -17.7984 2
    endloop
  endfacet
  facet normal -0.0612708 0.998121 0
    outer loop
      vertex 34.3462 -17.8015 2
      vertex 34.3967 -17.7984 1.6
      vertex 34.3462 -17.8015 1.6
    endloop
  endfacet
  facet normal -0.0338152 0.999428 0
    outer loop
      vertex 34.4499 -17.7966 1.6
      vertex 34.3967 -17.7984 2
      vertex 34.4499 -17.7966 2
    endloop
  endfacet
  facet normal -0.0338152 0.999428 0
    outer loop
      vertex 34.3967 -17.7984 2
      vertex 34.4499 -17.7966 1.6
      vertex 34.3967 -17.7984 1.6
    endloop
  endfacet
  facet normal -0.0107137 0.999943 0
    outer loop
      vertex 34.5059 -17.796 1.6
      vertex 34.4499 -17.7966 2
      vertex 34.5059 -17.796 2
    endloop
  endfacet
  facet normal -0.0107137 0.999943 0
    outer loop
      vertex 34.4499 -17.7966 2
      vertex 34.5059 -17.796 1.6
      vertex 34.4499 -17.7966 1.6
    endloop
  endfacet
  facet normal 0 1 -0
    outer loop
      vertex 36.134 -17.796 1.6
      vertex 34.5059 -17.796 2
      vertex 36.134 -17.796 2
    endloop
  endfacet
  facet normal 0 1 0
    outer loop
      vertex 34.5059 -17.796 2
      vertex 36.134 -17.796 1.6
      vertex 34.5059 -17.796 1.6
    endloop
  endfacet
  facet normal -1 0 0
    outer loop
      vertex 36.134 -17.796 1.6
      vertex 36.134 -17.3736 2
      vertex 36.134 -17.3736 1.6
    endloop
  endfacet
  facet normal -1 -0 0
    outer loop
      vertex 36.134 -17.3736 2
      vertex 36.134 -17.796 1.6
      vertex 36.134 -17.796 2
    endloop
  endfacet
  facet normal 0 -1 0
    outer loop
      vertex 34.4228 -17.3736 1.6
      vertex 36.134 -17.3736 2
      vertex 34.4228 -17.3736 2
    endloop
  endfacet
  facet normal 0 -1 -0
    outer loop
      vertex 36.134 -17.3736 2
      vertex 34.4228 -17.3736 1.6
      vertex 36.134 -17.3736 1.6
    endloop
  endfacet
  facet normal 0.0137918 -0.999905 0
    outer loop
      vertex 34.3503 -17.3746 1.6
      vertex 34.4228 -17.3736 2
      vertex 34.3503 -17.3746 2
    endloop
  endfacet
  facet normal 0.0137918 -0.999905 0
    outer loop
      vertex 34.4228 -17.3736 2
      vertex 34.3503 -17.3746 1.6
      vertex 34.4228 -17.3736 1.6
    endloop
  endfacet
  facet normal 0.0461269 -0.998936 0
    outer loop
      vertex 34.281 -17.3778 1.6
      vertex 34.3503 -17.3746 2
      vertex 34.281 -17.3778 2
    endloop
  endfacet
  facet normal 0.0461269 -0.998936 0
    outer loop
      vertex 34.3503 -17.3746 2
      vertex 34.281 -17.3778 1.6
      vertex 34.3503 -17.3746 1.6
    endloop
  endfacet
  facet normal 0.0783086 -0.996929 0
    outer loop
      vertex 34.2148 -17.383 1.6
      vertex 34.281 -17.3778 2
      vertex 34.2148 -17.383 2
    endloop
  endfacet
  facet normal 0.0783086 -0.996929 0
    outer loop
      vertex 34.281 -17.3778 2
      vertex 34.2148 -17.383 1.6
      vertex 34.281 -17.3778 1.6
    endloop
  endfacet
  facet normal 0.115283 -0.993333 0
    outer loop
      vertex 34.1519 -17.3903 1.6
      vertex 34.2148 -17.383 2
      vertex 34.1519 -17.3903 2
    endloop
  endfacet
  facet normal 0.115283 -0.993333 0
    outer loop
      vertex 34.2148 -17.383 2
      vertex 34.1519 -17.3903 1.6
      vertex 34.2148 -17.383 1.6
    endloop
  endfacet
  facet normal 0.155538 -0.98783 0
    outer loop
      vertex 34.0922 -17.3997 1.6
      vertex 34.1519 -17.3903 2
      vertex 34.0922 -17.3997 2
    endloop
  endfacet
  facet normal 0.155538 -0.98783 0
    outer loop
      vertex 34.1519 -17.3903 2
      vertex 34.0922 -17.3997 1.6
      vertex 34.1519 -17.3903 1.6
    endloop
  endfacet
  facet normal 0.19945 -0.979908 0
    outer loop
      vertex 34.0357 -17.4112 1.6
      vertex 34.0922 -17.3997 2
      vertex 34.0357 -17.4112 2
    endloop
  endfacet
  facet normal 0.19945 -0.979908 0
    outer loop
      vertex 34.0922 -17.3997 2
      vertex 34.0357 -17.4112 1.6
      vertex 34.0922 -17.3997 1.6
    endloop
  endfacet
  facet normal 0.248944 -0.968518 0
    outer loop
      vertex 33.9824 -17.4249 1.6
      vertex 34.0357 -17.4112 2
      vertex 33.9824 -17.4249 2
    endloop
  endfacet
  facet normal 0.248944 -0.968518 0
    outer loop
      vertex 34.0357 -17.4112 2
      vertex 33.9824 -17.4249 1.6
      vertex 34.0357 -17.4112 1.6
    endloop
  endfacet
  facet normal 0.297298 -0.954785 0
    outer loop
      vertex 33.9323 -17.4405 1.6
      vertex 33.9824 -17.4249 2
      vertex 33.9323 -17.4405 2
    endloop
  endfacet
  facet normal 0.297298 -0.954785 0
    outer loop
      vertex 33.9824 -17.4249 2
      vertex 33.9323 -17.4405 1.6
      vertex 33.9824 -17.4249 1.6
    endloop
  endfacet
  facet normal 0.354835 -0.934929 0
    outer loop
      vertex 33.8854 -17.4583 1.6
      vertex 33.9323 -17.4405 2
      vertex 33.8854 -17.4583 2
    endloop
  endfacet
  facet normal 0.354835 -0.934929 0
    outer loop
      vertex 33.9323 -17.4405 2
      vertex 33.8854 -17.4583 1.6
      vertex 33.9323 -17.4405 1.6
    endloop
  endfacet
  facet normal 0.41443 -0.910081 0
    outer loop
      vertex 33.8417 -17.4782 1.6
      vertex 33.8854 -17.4583 2
      vertex 33.8417 -17.4782 2
    endloop
  endfacet
  facet normal 0.41443 -0.910081 0
    outer loop
      vertex 33.8854 -17.4583 2
      vertex 33.8417 -17.4782 1.6
      vertex 33.8854 -17.4583 1.6
    endloop
  endfacet
  facet normal 0.477331 -0.878723 0
    outer loop
      vertex 33.8012 -17.5002 1.6
      vertex 33.8417 -17.4782 2
      vertex 33.8012 -17.5002 2
    endloop
  endfacet
  facet normal 0.477331 -0.878723 0
    outer loop
      vertex 33.8417 -17.4782 2
      vertex 33.8012 -17.5002 1.6
      vertex 33.8417 -17.4782 1.6
    endloop
  endfacet
  facet normal 0.541099 -0.840959 0
    outer loop
      vertex 33.7639 -17.5242 1.6
      vertex 33.8012 -17.5002 2
      vertex 33.7639 -17.5242 2
    endloop
  endfacet
  facet normal 0.541099 -0.840959 0
    outer loop
      vertex 33.8012 -17.5002 2
      vertex 33.7639 -17.5242 1.6
      vertex 33.8012 -17.5002 1.6
    endloop
  endfacet
  facet normal 0.609261 -0.79297 0
    outer loop
      vertex 33.7298 -17.5504 1.6
      vertex 33.7639 -17.5242 2
      vertex 33.7298 -17.5504 2
    endloop
  endfacet
  facet normal 0.609261 -0.79297 0
    outer loop
      vertex 33.7639 -17.5242 2
      vertex 33.7298 -17.5504 1.6
      vertex 33.7639 -17.5242 1.6
    endloop
  endfacet
  facet normal 0.67326 -0.739405 0
    outer loop
      vertex 33.6985 -17.5789 1.6
      vertex 33.7298 -17.5504 2
      vertex 33.6985 -17.5789 2
    endloop
  endfacet
  facet normal 0.67326 -0.739405 0
    outer loop
      vertex 33.7298 -17.5504 2
      vertex 33.6985 -17.5789 1.6
      vertex 33.7298 -17.5504 1.6
    endloop
  endfacet
  facet normal 0.732709 -0.680542 0
    outer loop
      vertex 33.6698 -17.6098 2
      vertex 33.6985 -17.5789 1.6
      vertex 33.6985 -17.5789 2
    endloop
  endfacet
  facet normal 0.732709 -0.680542 0
    outer loop
      vertex 33.6985 -17.5789 1.6
      vertex 33.6698 -17.6098 2
      vertex 33.6698 -17.6098 1.6
    endloop
  endfacet
  facet normal 0.786563 -0.61751 0
    outer loop
      vertex 33.6435 -17.6433 2
      vertex 33.6698 -17.6098 1.6
      vertex 33.6698 -17.6098 2
    endloop
  endfacet
  facet normal 0.786563 -0.61751 0
    outer loop
      vertex 33.6698 -17.6098 1.6
      vertex 33.6435 -17.6433 2
      vertex 33.6435 -17.6433 1.6
    endloop
  endfacet
  facet normal 0.835249 -0.549872 0
    outer loop
      vertex 33.6198 -17.6793 2
      vertex 33.6435 -17.6433 1.6
      vertex 33.6435 -17.6433 2
    endloop
  endfacet
  facet normal 0.835249 -0.549872 0
    outer loop
      vertex 33.6435 -17.6433 1.6
      vertex 33.6198 -17.6793 2
      vertex 33.6198 -17.6793 1.6
    endloop
  endfacet
  facet normal 0.875014 -0.484098 0
    outer loop
      vertex 33.5985 -17.7178 2
      vertex 33.6198 -17.6793 1.6
      vertex 33.6198 -17.6793 2
    endloop
  endfacet
  facet normal 0.875014 -0.484098 0
    outer loop
      vertex 33.6198 -17.6793 1.6
      vertex 33.5985 -17.7178 2
      vertex 33.5985 -17.7178 1.6
    endloop
  endfacet
  facet normal 0.910215 -0.414137 0
    outer loop
      vertex 33.5798 -17.7589 2
      vertex 33.5985 -17.7178 1.6
      vertex 33.5985 -17.7178 2
    endloop
  endfacet
  facet normal 0.910215 -0.414137 0
    outer loop
      vertex 33.5985 -17.7178 1.6
      vertex 33.5798 -17.7589 2
      vertex 33.5798 -17.7589 1.6
    endloop
  endfacet
  facet normal 0.937124 -0.348998 0
    outer loop
      vertex 33.5636 -17.8024 2
      vertex 33.5798 -17.7589 1.6
      vertex 33.5798 -17.7589 2
    endloop
  endfacet
  facet normal 0.937124 -0.348998 0
    outer loop
      vertex 33.5798 -17.7589 1.6
      vertex 33.5636 -17.8024 2
      vertex 33.5636 -17.8024 1.6
    endloop
  endfacet
  facet normal 0.957998 -0.286776 0
    outer loop
      vertex 33.5498 -17.8485 2
      vertex 33.5636 -17.8024 1.6
      vertex 33.5636 -17.8024 2
    endloop
  endfacet
  facet normal 0.957998 -0.286776 0
    outer loop
      vertex 33.5636 -17.8024 1.6
      vertex 33.5498 -17.8485 2
      vertex 33.5498 -17.8485 1.6
    endloop
  endfacet
  facet normal 0.974357 -0.225006 0
    outer loop
      vertex 33.5386 -17.897 2
      vertex 33.5498 -17.8485 1.6
      vertex 33.5498 -17.8485 2
    endloop
  endfacet
  facet normal 0.974357 -0.225006 0
    outer loop
      vertex 33.5498 -17.8485 1.6
      vertex 33.5386 -17.897 2
      vertex 33.5386 -17.897 1.6
    endloop
  endfacet
  facet normal 0.985494 -0.169713 0
    outer loop
      vertex 33.5298 -17.9481 2
      vertex 33.5386 -17.897 1.6
      vertex 33.5386 -17.897 2
    endloop
  endfacet
  facet normal 0.985494 -0.169713 0
    outer loop
      vertex 33.5386 -17.897 1.6
      vertex 33.5298 -17.9481 2
      vertex 33.5298 -17.9481 1.6
    endloop
  endfacet
  facet normal 0.993376 -0.114905 0
    outer loop
      vertex 33.5236 -18.0017 2
      vertex 33.5298 -17.9481 1.6
      vertex 33.5298 -17.9481 2
    endloop
  endfacet
  facet normal 0.993376 -0.114905 0
    outer loop
      vertex 33.5298 -17.9481 1.6
      vertex 33.5236 -18.0017 2
      vertex 33.5236 -18.0017 1.6
    endloop
  endfacet
  facet normal 0.997714 -0.0675813 0
    outer loop
      vertex 33.5198 -18.0578 2
      vertex 33.5236 -18.0017 1.6
      vertex 33.5236 -18.0017 2
    endloop
  endfacet
  facet normal 0.997714 -0.0675813 0
    outer loop
      vertex 33.5236 -18.0017 1.6
      vertex 33.5198 -18.0578 2
      vertex 33.5198 -18.0578 1.6
    endloop
  endfacet
  facet normal 0.999791 -0.0204387 0
    outer loop
      vertex 33.5186 -18.1165 2
      vertex 33.5198 -18.0578 1.6
      vertex 33.5198 -18.0578 2
    endloop
  endfacet
  facet normal 0.999791 -0.0204387 0
    outer loop
      vertex 33.5198 -18.0578 1.6
      vertex 33.5186 -18.1165 2
      vertex 33.5186 -18.1165 1.6
    endloop
  endfacet
  facet normal 0.999891 0.0147404 0
    outer loop
      vertex 33.5192 -18.1572 2
      vertex 33.5186 -18.1165 1.6
      vertex 33.5186 -18.1165 2
    endloop
  endfacet
  facet normal 0.999891 0.0147404 0
    outer loop
      vertex 33.5186 -18.1165 1.6
      vertex 33.5192 -18.1572 2
      vertex 33.5192 -18.1572 1.6
    endloop
  endfacet
  facet normal 0.998618 0.0525588 0
    outer loop
      vertex 33.5213 -18.1971 2
      vertex 33.5192 -18.1572 1.6
      vertex 33.5192 -18.1572 2
    endloop
  endfacet
  facet normal 0.998618 0.0525588 0
    outer loop
      vertex 33.5192 -18.1572 1.6
      vertex 33.5213 -18.1971 2
      vertex 33.5213 -18.1971 1.6
    endloop
  endfacet
  facet normal 0.996421 0.0845293 0
    outer loop
      vertex 33.5246 -18.236 2
      vertex 33.5213 -18.1971 1.6
      vertex 33.5213 -18.1971 2
    endloop
  endfacet
  facet normal 0.996421 0.0845293 0
    outer loop
      vertex 33.5213 -18.1971 1.6
      vertex 33.5246 -18.236 2
      vertex 33.5246 -18.236 1.6
    endloop
  endfacet
  facet normal 0.992438 0.122749 0
    outer loop
      vertex 33.5293 -18.274 2
      vertex 33.5246 -18.236 1.6
      vertex 33.5246 -18.236 2
    endloop
  endfacet
  facet normal 0.992438 0.122749 0
    outer loop
      vertex 33.5246 -18.236 1.6
      vertex 33.5293 -18.274 2
      vertex 33.5293 -18.274 1.6
    endloop
  endfacet
  facet normal 0.986681 0.162669 0
    outer loop
      vertex 33.5354 -18.311 2
      vertex 33.5293 -18.274 1.6
      vertex 33.5293 -18.274 2
    endloop
  endfacet
  facet normal 0.986681 0.162669 0
    outer loop
      vertex 33.5293 -18.274 1.6
      vertex 33.5354 -18.311 2
      vertex 33.5354 -18.311 1.6
    endloop
  endfacet
  facet normal 0.97963 0.200811 0
    outer loop
      vertex 33.5428 -18.3471 2
      vertex 33.5354 -18.311 1.6
      vertex 33.5354 -18.311 2
    endloop
  endfacet
  facet normal 0.97963 0.200811 0
    outer loop
      vertex 33.5354 -18.311 1.6
      vertex 33.5428 -18.3471 2
      vertex 33.5428 -18.3471 1.6
    endloop
  endfacet
  facet normal 0.96998 0.243186 0
    outer loop
      vertex 33.5516 -18.3822 2
      vertex 33.5428 -18.3471 1.6
      vertex 33.5428 -18.3471 2
    endloop
  endfacet
  facet normal 0.96998 0.243186 0
    outer loop
      vertex 33.5428 -18.3471 1.6
      vertex 33.5516 -18.3822 2
      vertex 33.5516 -18.3822 1.6
    endloop
  endfacet
  facet normal 0.959052 0.283229 0
    outer loop
      vertex 33.5617 -18.4164 2
      vertex 33.5516 -18.3822 1.6
      vertex 33.5516 -18.3822 2
    endloop
  endfacet
  facet normal 0.959052 0.283229 0
    outer loop
      vertex 33.5516 -18.3822 1.6
      vertex 33.5617 -18.4164 2
      vertex 33.5617 -18.4164 1.6
    endloop
  endfacet
  facet normal 0.945222 0.326428 0
    outer loop
      vertex 33.5732 -18.4497 2
      vertex 33.5617 -18.4164 1.6
      vertex 33.5617 -18.4164 2
    endloop
  endfacet
  facet normal 0.945222 0.326428 0
    outer loop
      vertex 33.5617 -18.4164 1.6
      vertex 33.5732 -18.4497 2
      vertex 33.5732 -18.4497 1.6
    endloop
  endfacet
  facet normal 0.929663 0.368411 0
    outer loop
      vertex 33.586 -18.482 2
      vertex 33.5732 -18.4497 1.6
      vertex 33.5732 -18.4497 2
    endloop
  endfacet
  facet normal 0.929663 0.368411 0
    outer loop
      vertex 33.5732 -18.4497 1.6
      vertex 33.586 -18.482 2
      vertex 33.586 -18.482 1.6
    endloop
  endfacet
  facet normal 0.912247 0.40964 0
    outer loop
      vertex 33.6001 -18.5134 2
      vertex 33.586 -18.482 1.6
      vertex 33.586 -18.482 2
    endloop
  endfacet
  facet normal 0.912247 0.40964 0
    outer loop
      vertex 33.586 -18.482 1.6
      vertex 33.6001 -18.5134 2
      vertex 33.6001 -18.5134 1.6
    endloop
  endfacet
  facet normal 0.890883 0.454233 0
    outer loop
      vertex 33.6156 -18.5438 2
      vertex 33.6001 -18.5134 1.6
      vertex 33.6001 -18.5134 2
    endloop
  endfacet
  facet normal 0.890883 0.454233 0
    outer loop
      vertex 33.6001 -18.5134 1.6
      vertex 33.6156 -18.5438 2
      vertex 33.6156 -18.5438 1.6
    endloop
  endfacet
  facet normal 0.8677 0.497089 0
    outer loop
      vertex 33.6325 -18.5733 2
      vertex 33.6156 -18.5438 1.6
      vertex 33.6156 -18.5438 2
    endloop
  endfacet
  facet normal 0.8677 0.497089 0
    outer loop
      vertex 33.6156 -18.5438 1.6
      vertex 33.6325 -18.5733 2
      vertex 33.6325 -18.5733 1.6
    endloop
  endfacet
  facet normal 0.841845 0.539719 0
    outer loop
      vertex 33.6509 -18.602 2
      vertex 33.6325 -18.5733 1.6
      vertex 33.6325 -18.5733 2
    endloop
  endfacet
  facet normal 0.841845 0.539719 0
    outer loop
      vertex 33.6325 -18.5733 1.6
      vertex 33.6509 -18.602 2
      vertex 33.6509 -18.602 1.6
    endloop
  endfacet
  facet normal 0.813342 0.581786 0
    outer loop
      vertex 33.671 -18.6301 2
      vertex 33.6509 -18.602 1.6
      vertex 33.6509 -18.602 2
    endloop
  endfacet
  facet normal 0.813342 0.581786 0
    outer loop
      vertex 33.6509 -18.602 1.6
      vertex 33.671 -18.6301 2
      vertex 33.671 -18.6301 1.6
    endloop
  endfacet
  facet normal 0.782538 0.622603 0
    outer loop
      vertex 33.6928 -18.6575 2
      vertex 33.671 -18.6301 1.6
      vertex 33.671 -18.6301 2
    endloop
  endfacet
  facet normal 0.782538 0.622603 0
    outer loop
      vertex 33.671 -18.6301 1.6
      vertex 33.6928 -18.6575 2
      vertex 33.6928 -18.6575 1.6
    endloop
  endfacet
  facet normal 0.750658 0.660691 0
    outer loop
      vertex 33.7163 -18.6842 2
      vertex 33.6928 -18.6575 1.6
      vertex 33.6928 -18.6575 2
    endloop
  endfacet
  facet normal 0.750658 0.660691 0
    outer loop
      vertex 33.6928 -18.6575 1.6
      vertex 33.7163 -18.6842 2
      vertex 33.7163 -18.6842 1.6
    endloop
  endfacet
  facet normal 0.718068 0.695973 0
    outer loop
      vertex 33.7415 -18.7102 2
      vertex 33.7163 -18.6842 1.6
      vertex 33.7163 -18.6842 2
    endloop
  endfacet
  facet normal 0.718068 0.695973 0
    outer loop
      vertex 33.7163 -18.6842 1.6
      vertex 33.7415 -18.7102 2
      vertex 33.7415 -18.7102 1.6
    endloop
  endfacet
  facet normal 0.685196 0.728358 -0
    outer loop
      vertex 33.7685 -18.7356 1.6
      vertex 33.7415 -18.7102 2
      vertex 33.7685 -18.7356 2
    endloop
  endfacet
  facet normal 0.685196 0.728358 0
    outer loop
      vertex 33.7415 -18.7102 2
      vertex 33.7685 -18.7356 1.6
      vertex 33.7415 -18.7102 1.6
    endloop
  endfacet
  facet normal 0.655132 0.755515 -0
    outer loop
      vertex 33.7971 -18.7604 1.6
      vertex 33.7685 -18.7356 2
      vertex 33.7971 -18.7604 2
    endloop
  endfacet
  facet normal 0.655132 0.755515 0
    outer loop
      vertex 33.7685 -18.7356 2
      vertex 33.7971 -18.7604 1.6
      vertex 33.7685 -18.7356 1.6
    endloop
  endfacet
  facet normal 0.619644 0.784883 -0
    outer loop
      vertex 33.8275 -18.7844 1.6
      vertex 33.7971 -18.7604 2
      vertex 33.8275 -18.7844 2
    endloop
  endfacet
  facet normal 0.619644 0.784883 0
    outer loop
      vertex 33.7971 -18.7604 2
      vertex 33.8275 -18.7844 1.6
      vertex 33.7971 -18.7604 1.6
    endloop
  endfacet
  facet normal 0.59071 0.806884 -0
    outer loop
      vertex 33.8596 -18.8079 1.6
      vertex 33.8275 -18.7844 2
      vertex 33.8596 -18.8079 2
    endloop
  endfacet
  facet normal 0.59071 0.806884 0
    outer loop
      vertex 33.8275 -18.7844 2
      vertex 33.8596 -18.8079 1.6
      vertex 33.8275 -18.7844 1.6
    endloop
  endfacet
  facet normal 0.557531 0.830156 -0
    outer loop
      vertex 33.8934 -18.8306 1.6
      vertex 33.8596 -18.8079 2
      vertex 33.8934 -18.8306 2
    endloop
  endfacet
  facet normal 0.557531 0.830156 0
    outer loop
      vertex 33.8596 -18.8079 2
      vertex 33.8934 -18.8306 1.6
      vertex 33.8596 -18.8079 1.6
    endloop
  endfacet
  facet normal 0.528493 0.848937 -0
    outer loop
      vertex 33.9289 -18.8527 1.6
      vertex 33.8934 -18.8306 2
      vertex 33.9289 -18.8527 2
    endloop
  endfacet
  facet normal 0.528493 0.848937 0
    outer loop
      vertex 33.8934 -18.8306 2
      vertex 33.9289 -18.8527 1.6
      vertex 33.8934 -18.8306 1.6
    endloop
  endfacet
  facet normal 0.497641 0.867383 -0
    outer loop
      vertex 33.9662 -18.8741 1.6
      vertex 33.9289 -18.8527 2
      vertex 33.9662 -18.8741 2
    endloop
  endfacet
  facet normal 0.497641 0.867383 0
    outer loop
      vertex 33.9289 -18.8527 2
      vertex 33.9662 -18.8741 1.6
      vertex 33.9289 -18.8527 1.6
    endloop
  endfacet
  facet normal 0.471529 0.88185 -0
    outer loop
      vertex 34.0051 -18.8949 1.6
      vertex 33.9662 -18.8741 2
      vertex 34.0051 -18.8949 2
    endloop
  endfacet
  facet normal 0.471529 0.88185 0
    outer loop
      vertex 33.9662 -18.8741 2
      vertex 34.0051 -18.8949 1.6
      vertex 33.9662 -18.8741 1.6
    endloop
  endfacet
  facet normal 1 -0 0
    outer loop
      vertex 34.0051 -18.9021 2
      vertex 34.0051 -18.8949 1.6
      vertex 34.0051 -18.8949 2
    endloop
  endfacet
  facet normal 1 0 0
    outer loop
      vertex 34.0051 -18.8949 1.6
      vertex 34.0051 -18.9021 2
      vertex 34.0051 -18.9021 1.6
    endloop
  endfacet
  facet normal 0.2714 -0.962467 0
    outer loop
      vertex 33.9668 -18.9129 1.6
      vertex 34.0051 -18.9021 2
      vertex 33.9668 -18.9129 2
    endloop
  endfacet
  facet normal 0.2714 -0.962467 0
    outer loop
      vertex 34.0051 -18.9021 2
      vertex 33.9668 -18.9129 1.6
      vertex 34.0051 -18.9021 1.6
    endloop
  endfacet
  facet normal 0.313892 -0.949459 0
    outer loop
      vertex 33.9302 -18.925 1.6
      vertex 33.9668 -18.9129 2
      vertex 33.9302 -18.925 2
    endloop
  endfacet
  facet normal 0.313892 -0.949459 0
    outer loop
      vertex 33.9668 -18.9129 2
      vertex 33.9302 -18.925 1.6
      vertex 33.9668 -18.9129 1.6
    endloop
  endfacet
  facet normal 0.352881 -0.935668 0
    outer loop
      vertex 33.8952 -18.9382 1.6
      vertex 33.9302 -18.925 2
      vertex 33.8952 -18.9382 2
    endloop
  endfacet
  facet normal 0.352881 -0.935668 0
    outer loop
      vertex 33.9302 -18.925 2
      vertex 33.8952 -18.9382 1.6
      vertex 33.9302 -18.925 1.6
    endloop
  endfacet
  facet normal 0.398224 -0.917288 0
    outer loop
      vertex 33.8618 -18.9527 1.6
      vertex 33.8952 -18.9382 2
      vertex 33.8618 -18.9527 2
    endloop
  endfacet
  facet normal 0.398224 -0.917288 0
    outer loop
      vertex 33.8952 -18.9382 2
      vertex 33.8618 -18.9527 1.6
      vertex 33.8952 -18.9382 1.6
    endloop
  endfacet
  facet normal 0.446084 -0.894991 0
    outer loop
      vertex 33.8301 -18.9685 1.6
      vertex 33.8618 -18.9527 2
      vertex 33.8301 -18.9685 2
    endloop
  endfacet
  facet normal 0.446084 -0.894991 0
    outer loop
      vertex 33.8618 -18.9527 2
      vertex 33.8301 -18.9685 1.6
      vertex 33.8618 -18.9527 1.6
    endloop
  endfacet
  facet normal 0.489573 -0.871962 0
    outer loop
      vertex 33.8 -18.9854 1.6
      vertex 33.8301 -18.9685 2
      vertex 33.8 -18.9854 2
    endloop
  endfacet
  facet normal 0.489573 -0.871962 0
    outer loop
      vertex 33.8301 -18.9685 2
      vertex 33.8 -18.9854 1.6
      vertex 33.8301 -18.9685 1.6
    endloop
  endfacet
  facet normal 0.538214 -0.842808 0
    outer loop
      vertex 33.7715 -19.0036 1.6
      vertex 33.8 -18.9854 2
      vertex 33.7715 -19.0036 2
    endloop
  endfacet
  facet normal 0.538214 -0.842808 0
    outer loop
      vertex 33.8 -18.9854 2
      vertex 33.7715 -19.0036 1.6
      vertex 33.8 -18.9854 1.6
    endloop
  endfacet
  facet normal 0.586373 -0.810041 0
    outer loop
      vertex 33.7447 -19.023 1.6
      vertex 33.7715 -19.0036 2
      vertex 33.7447 -19.023 2
    endloop
  endfacet
  facet normal 0.586373 -0.810041 0
    outer loop
      vertex 33.7715 -19.0036 2
      vertex 33.7447 -19.023 1.6
      vertex 33.7715 -19.0036 1.6
    endloop
  endfacet
  facet normal 0.632903 -0.774231 0
    outer loop
      vertex 33.7195 -19.0436 1.6
      vertex 33.7447 -19.023 2
      vertex 33.7195 -19.0436 2
    endloop
  endfacet
  facet normal 0.632903 -0.774231 0
    outer loop
      vertex 33.7447 -19.023 2
      vertex 33.7195 -19.0436 1.6
      vertex 33.7447 -19.023 1.6
    endloop
  endfacet
  facet normal 0.678539 -0.734565 0
    outer loop
      vertex 33.6959 -19.0654 1.6
      vertex 33.7195 -19.0436 2
      vertex 33.6959 -19.0654 2
    endloop
  endfacet
  facet normal 0.678539 -0.734565 0
    outer loop
      vertex 33.7195 -19.0436 2
      vertex 33.6959 -19.0654 1.6
      vertex 33.7195 -19.0436 1.6
    endloop
  endfacet
  facet normal 0.724138 -0.689655 0
    outer loop
      vertex 33.6739 -19.0885 2
      vertex 33.6959 -19.0654 1.6
      vertex 33.6959 -19.0654 2
    endloop
  endfacet
  facet normal 0.724138 -0.689655 0
    outer loop
      vertex 33.6959 -19.0654 1.6
      vertex 33.6739 -19.0885 2
      vertex 33.6739 -19.0885 1.6
    endloop
  endfacet
  facet normal 0.766141 -0.642672 0
    outer loop
      vertex 33.6536 -19.1127 2
      vertex 33.6739 -19.0885 1.6
      vertex 33.6739 -19.0885 2
    endloop
  endfacet
  facet normal 0.766141 -0.642672 0
    outer loop
      vertex 33.6739 -19.0885 1.6
      vertex 33.6536 -19.1127 2
      vertex 33.6536 -19.1127 1.6
    endloop
  endfacet
  facet normal 0.806405 -0.591364 0
    outer loop
      vertex 33.6349 -19.1382 2
      vertex 33.6536 -19.1127 1.6
      vertex 33.6536 -19.1127 2
    endloop
  endfacet
  facet normal 0.806405 -0.591364 0
    outer loop
      vertex 33.6536 -19.1127 1.6
      vertex 33.6349 -19.1382 2
      vertex 33.6349 -19.1382 1.6
    endloop
  endfacet
  facet normal 0.842499 -0.538698 0
    outer loop
      vertex 33.6177 -19.1651 2
      vertex 33.6349 -19.1382 1.6
      vertex 33.6349 -19.1382 2
    endloop
  endfacet
  facet normal 0.842499 -0.538698 0
    outer loop
      vertex 33.6349 -19.1382 1.6
      vertex 33.6177 -19.1651 2
      vertex 33.6177 -19.1651 1.6
    endloop
  endfacet
  facet normal 0.87108 -0.491141 0
    outer loop
      vertex 33.6018 -19.1933 2
      vertex 33.6177 -19.1651 1.6
      vertex 33.6177 -19.1651 2
    endloop
  endfacet
  facet normal 0.87108 -0.491141 0
    outer loop
      vertex 33.6177 -19.1651 1.6
      vertex 33.6018 -19.1933 2
      vertex 33.6018 -19.1933 1.6
    endloop
  endfacet
  facet normal 0.900388 -0.435087 0
    outer loop
      vertex 33.5874 -19.2231 2
      vertex 33.6018 -19.1933 1.6
      vertex 33.6018 -19.1933 2
    endloop
  endfacet
  facet normal 0.900388 -0.435087 0
    outer loop
      vertex 33.6018 -19.1933 1.6
      vertex 33.5874 -19.2231 2
      vertex 33.5874 -19.2231 1.6
    endloop
  endfacet
  facet normal 0.92158 -0.388189 0
    outer loop
      vertex 33.5743 -19.2542 2
      vertex 33.5874 -19.2231 1.6
      vertex 33.5874 -19.2231 2
    endloop
  endfacet
  facet normal 0.92158 -0.388189 0
    outer loop
      vertex 33.5874 -19.2231 1.6
      vertex 33.5743 -19.2542 2
      vertex 33.5743 -19.2542 1.6
    endloop
  endfacet
  facet normal 0.941218 -0.337799 0
    outer loop
      vertex 33.5626 -19.2868 2
      vertex 33.5743 -19.2542 1.6
      vertex 33.5743 -19.2542 2
    endloop
  endfacet
  facet normal 0.941218 -0.337799 0
    outer loop
      vertex 33.5743 -19.2542 1.6
      vertex 33.5626 -19.2868 2
      vertex 33.5626 -19.2868 1.6
    endloop
  endfacet
  facet normal 0.957284 -0.28915 0
    outer loop
      vertex 33.5523 -19.3209 2
      vertex 33.5626 -19.2868 1.6
      vertex 33.5626 -19.2868 2
    endloop
  endfacet
  facet normal 0.957284 -0.28915 0
    outer loop
      vertex 33.5626 -19.2868 1.6
      vertex 33.5523 -19.3209 2
      vertex 33.5523 -19.3209 1.6
    endloop
  endfacet
  facet normal 0.969334 -0.245747 0
    outer loop
      vertex 33.5433 -19.3564 2
      vertex 33.5523 -19.3209 1.6
      vertex 33.5523 -19.3209 2
    endloop
  endfacet
  facet normal 0.969334 -0.245747 0
    outer loop
      vertex 33.5523 -19.3209 1.6
      vertex 33.5433 -19.3564 2
      vertex 33.5433 -19.3564 1.6
    endloop
  endfacet
  facet normal 0.980068 -0.198662 0
    outer loop
      vertex 33.5358 -19.3934 2
      vertex 33.5433 -19.3564 1.6
      vertex 33.5433 -19.3564 2
    endloop
  endfacet
  facet normal 0.980068 -0.198662 0
    outer loop
      vertex 33.5433 -19.3564 1.6
      vertex 33.5358 -19.3934 2
      vertex 33.5358 -19.3934 1.6
    endloop
  endfacet
  facet normal 0.987215 -0.159394 0
    outer loop
      vertex 33.5296 -19.4318 2
      vertex 33.5358 -19.3934 1.6
      vertex 33.5358 -19.3934 2
    endloop
  endfacet
  facet normal 0.987215 -0.159394 0
    outer loop
      vertex 33.5358 -19.3934 1.6
      vertex 33.5296 -19.4318 2
      vertex 33.5296 -19.4318 1.6
    endloop
  endfacet
  facet normal 0.992506 -0.122193 0
    outer loop
      vertex 33.5247 -19.4716 2
      vertex 33.5296 -19.4318 1.6
      vertex 33.5296 -19.4318 2
    endloop
  endfacet
  facet normal 0.992506 -0.122193 0
    outer loop
      vertex 33.5296 -19.4318 1.6
      vertex 33.5247 -19.4716 2
      vertex 33.5247 -19.4716 1.6
    endloop
  endfacet
  facet normal 0.996628 -0.0820469 0
    outer loop
      vertex 33.5213 -19.5129 2
      vertex 33.5247 -19.4716 1.6
      vertex 33.5247 -19.4716 2
    endloop
  endfacet
  facet normal 0.996628 -0.0820469 0
    outer loop
      vertex 33.5247 -19.4716 1.6
      vertex 33.5213 -19.5129 2
      vertex 33.5213 -19.5129 1.6
    endloop
  endfacet
  facet normal 0.998793 -0.049121 0
    outer loop
      vertex 33.5192 -19.5556 2
      vertex 33.5213 -19.5129 1.6
      vertex 33.5213 -19.5129 2
    endloop
  endfacet
  facet normal 0.998793 -0.049121 0
    outer loop
      vertex 33.5213 -19.5129 1.6
      vertex 33.5192 -19.5556 2
      vertex 33.5192 -19.5556 1.6
    endloop
  endfacet
  facet normal 0.999908 -0.0135734 0
    outer loop
      vertex 33.5186 -19.5998 2
      vertex 33.5192 -19.5556 1.6
      vertex 33.5192 -19.5556 2
    endloop
  endfacet
  facet normal 0.999908 -0.0135734 0
    outer loop
      vertex 33.5192 -19.5556 1.6
      vertex 33.5186 -19.5998 2
      vertex 33.5186 -19.5998 1.6
    endloop
  endfacet
  facet normal 0.999882 0.0153828 0
    outer loop
      vertex 33.5192 -19.6388 2
      vertex 33.5186 -19.5998 1.6
      vertex 33.5186 -19.5998 2
    endloop
  endfacet
  facet normal 0.999882 0.0153828 0
    outer loop
      vertex 33.5186 -19.5998 1.6
      vertex 33.5192 -19.6388 2
      vertex 33.5192 -19.6388 1.6
    endloop
  endfacet
  facet normal 0.998752 0.0499376 0
    outer loop
      vertex 33.5211 -19.6768 2
      vertex 33.5192 -19.6388 1.6
      vertex 33.5192 -19.6388 2
    endloop
  endfacet
  facet normal 0.998752 0.0499376 0
    outer loop
      vertex 33.5192 -19.6388 1.6
      vertex 33.5211 -19.6768 2
      vertex 33.5211 -19.6768 1.6
    endloop
  endfacet
  facet normal 0.996546 0.0830455 0
    outer loop
      vertex 33.5242 -19.714 2
      vertex 33.5211 -19.6768 1.6
      vertex 33.5211 -19.6768 2
    endloop
  endfacet
  facet normal 0.996546 0.0830455 0
    outer loop
      vertex 33.5211 -19.6768 1.6
      vertex 33.5242 -19.714 2
      vertex 33.5242 -19.714 1.6
    endloop
  endfacet
  facet normal 0.992362 0.12336 0
    outer loop
      vertex 33.5287 -19.7502 2
      vertex 33.5242 -19.714 1.6
      vertex 33.5242 -19.714 2
    endloop
  endfacet
  facet normal 0.992362 0.12336 0
    outer loop
      vertex 33.5242 -19.714 1.6
      vertex 33.5287 -19.7502 2
      vertex 33.5287 -19.7502 1.6
    endloop
  endfacet
  facet normal 0.987141 0.15985 0
    outer loop
      vertex 33.5344 -19.7854 2
      vertex 33.5287 -19.7502 1.6
      vertex 33.5287 -19.7502 2
    endloop
  endfacet
  facet normal 0.987141 0.15985 0
    outer loop
      vertex 33.5287 -19.7502 1.6
      vertex 33.5344 -19.7854 2
      vertex 33.5344 -19.7854 1.6
    endloop
  endfacet
  facet normal 0.98036 0.197215 0
    outer loop
      vertex 33.5413 -19.8197 2
      vertex 33.5344 -19.7854 1.6
      vertex 33.5344 -19.7854 2
    endloop
  endfacet
  facet normal 0.98036 0.197215 0
    outer loop
      vertex 33.5344 -19.7854 1.6
      vertex 33.5413 -19.8197 2
      vertex 33.5413 -19.8197 1.6
    endloop
  endfacet
  facet normal 0.971325 0.237757 0
    outer loop
      vertex 33.5495 -19.8532 2
      vertex 33.5413 -19.8197 1.6
      vertex 33.5413 -19.8197 2
    endloop
  endfacet
  facet normal 0.971325 0.237757 0
    outer loop
      vertex 33.5413 -19.8197 1.6
      vertex 33.5495 -19.8532 2
      vertex 33.5495 -19.8532 1.6
    endloop
  endfacet
  facet normal 0.959834 0.280567 0
    outer loop
      vertex 33.559 -19.8857 2
      vertex 33.5495 -19.8532 1.6
      vertex 33.5495 -19.8532 2
    endloop
  endfacet
  facet normal 0.959834 0.280567 0
    outer loop
      vertex 33.5495 -19.8532 1.6
      vertex 33.559 -19.8857 2
      vertex 33.559 -19.8857 1.6
    endloop
  endfacet
  facet normal 0.946864 0.321633 0
    outer loop
      vertex 33.5697 -19.9172 2
      vertex 33.559 -19.8857 1.6
      vertex 33.559 -19.8857 2
    endloop
  endfacet
  facet normal 0.946864 0.321633 0
    outer loop
      vertex 33.559 -19.8857 1.6
      vertex 33.5697 -19.9172 2
      vertex 33.5697 -19.9172 1.6
    endloop
  endfacet
  facet normal 0.929937 0.36772 0
    outer loop
      vertex 33.5818 -19.9478 2
      vertex 33.5697 -19.9172 1.6
      vertex 33.5697 -19.9172 2
    endloop
  endfacet
  facet normal 0.929937 0.36772 0
    outer loop
      vertex 33.5697 -19.9172 1.6
      vertex 33.5818 -19.9478 2
      vertex 33.5818 -19.9478 1.6
    endloop
  endfacet
  facet normal 0.913812 0.406138 0
    outer loop
      vertex 33.595 -19.9775 2
      vertex 33.5818 -19.9478 1.6
      vertex 33.5818 -19.9478 2
    endloop
  endfacet
  facet normal 0.913812 0.406138 0
    outer loop
      vertex 33.5818 -19.9478 1.6
      vertex 33.595 -19.9775 2
      vertex 33.595 -19.9775 1.6
    endloop
  endfacet
  facet normal 0.891936 0.452162 0
    outer loop
      vertex 33.6096 -20.0063 2
      vertex 33.595 -19.9775 1.6
      vertex 33.595 -19.9775 2
    endloop
  endfacet
  facet normal 0.891936 0.452162 0
    outer loop
      vertex 33.595 -19.9775 1.6
      vertex 33.6096 -20.0063 2
      vertex 33.6096 -20.0063 1.6
    endloop
  endfacet
  facet normal 0.870156 0.492776 0
    outer loop
      vertex 33.6254 -20.0342 2
      vertex 33.6096 -20.0063 1.6
      vertex 33.6096 -20.0063 2
    endloop
  endfacet
  facet normal 0.870156 0.492776 0
    outer loop
      vertex 33.6096 -20.0063 1.6
      vertex 33.6254 -20.0342 2
      vertex 33.6254 -20.0342 1.6
    endloop
  endfacet
  facet normal 0.841481 0.540287 0
    outer loop
      vertex 33.6428 -20.0613 2
      vertex 33.6254 -20.0342 1.6
      vertex 33.6254 -20.0342 2
    endloop
  endfacet
  facet normal 0.841481 0.540287 0
    outer loop
      vertex 33.6254 -20.0342 1.6
      vertex 33.6428 -20.0613 2
      vertex 33.6428 -20.0613 1.6
    endloop
  endfacet
  facet normal 0.808998 0.587811 0
    outer loop
      vertex 33.6622 -20.088 2
      vertex 33.6428 -20.0613 1.6
      vertex 33.6428 -20.0613 2
    endloop
  endfacet
  facet normal 0.808998 0.587811 0
    outer loop
      vertex 33.6428 -20.0613 1.6
      vertex 33.6622 -20.088 2
      vertex 33.6622 -20.088 1.6
    endloop
  endfacet
  facet normal 0.775933 0.630816 0
    outer loop
      vertex 33.6835 -20.1142 2
      vertex 33.6622 -20.088 1.6
      vertex 33.6622 -20.088 2
    endloop
  endfacet
  facet normal 0.775933 0.630816 0
    outer loop
      vertex 33.6622 -20.088 1.6
      vertex 33.6835 -20.1142 2
      vertex 33.6835 -20.1142 1.6
    endloop
  endfacet
  facet normal 0.740852 0.671668 0
    outer loop
      vertex 33.7068 -20.1399 2
      vertex 33.6835 -20.1142 1.6
      vertex 33.6835 -20.1142 2
    endloop
  endfacet
  facet normal 0.740852 0.671668 0
    outer loop
      vertex 33.6835 -20.1142 1.6
      vertex 33.7068 -20.1399 2
      vertex 33.7068 -20.1399 1.6
    endloop
  endfacet
  facet normal 0.705705 0.708506 -0
    outer loop
      vertex 33.7321 -20.1651 1.6
      vertex 33.7068 -20.1399 2
      vertex 33.7321 -20.1651 2
    endloop
  endfacet
  facet normal 0.705705 0.708506 0
    outer loop
      vertex 33.7068 -20.1399 2
      vertex 33.7321 -20.1651 1.6
      vertex 33.7068 -20.1399 1.6
    endloop
  endfacet
  facet normal 0.673754 0.738956 -0
    outer loop
      vertex 33.7593 -20.1899 1.6
      vertex 33.7321 -20.1651 2
      vertex 33.7593 -20.1899 2
    endloop
  endfacet
  facet normal 0.673754 0.738956 0
    outer loop
      vertex 33.7321 -20.1651 2
      vertex 33.7593 -20.1899 1.6
      vertex 33.7321 -20.1651 1.6
    endloop
  endfacet
  facet normal 0.639666 0.768653 -0
    outer loop
      vertex 33.7885 -20.2142 1.6
      vertex 33.7593 -20.1899 2
      vertex 33.7885 -20.2142 2
    endloop
  endfacet
  facet normal 0.639666 0.768653 0
    outer loop
      vertex 33.7593 -20.1899 2
      vertex 33.7885 -20.2142 1.6
      vertex 33.7593 -20.1899 1.6
    endloop
  endfacet
  facet normal 0.606504 0.795081 -0
    outer loop
      vertex 33.8197 -20.238 1.6
      vertex 33.7885 -20.2142 2
      vertex 33.8197 -20.238 2
    endloop
  endfacet
  facet normal 0.606504 0.795081 0
    outer loop
      vertex 33.7885 -20.2142 2
      vertex 33.8197 -20.238 1.6
      vertex 33.7885 -20.2142 1.6
    endloop
  endfacet
  facet normal 0.574455 0.818536 -0
    outer loop
      vertex 33.8529 -20.2613 1.6
      vertex 33.8197 -20.238 2
      vertex 33.8529 -20.2613 2
    endloop
  endfacet
  facet normal 0.574455 0.818536 0
    outer loop
      vertex 33.8197 -20.238 2
      vertex 33.8529 -20.2613 1.6
      vertex 33.8197 -20.238 1.6
    endloop
  endfacet
  facet normal 0.544736 0.838607 -0
    outer loop
      vertex 33.888 -20.2841 1.6
      vertex 33.8529 -20.2613 2
      vertex 33.888 -20.2841 2
    endloop
  endfacet
  facet normal 0.544736 0.838607 0
    outer loop
      vertex 33.8529 -20.2613 2
      vertex 33.888 -20.2841 1.6
      vertex 33.8529 -20.2613 1.6
    endloop
  endfacet
  facet normal 0.517892 0.855446 -0
    outer loop
      vertex 33.925 -20.3065 1.6
      vertex 33.888 -20.2841 2
      vertex 33.925 -20.3065 2
    endloop
  endfacet
  facet normal 0.517892 0.855446 0
    outer loop
      vertex 33.888 -20.2841 2
      vertex 33.925 -20.3065 1.6
      vertex 33.888 -20.2841 1.6
    endloop
  endfacet
  facet normal 0.488671 0.872468 -0
    outer loop
      vertex 33.9641 -20.3284 1.6
      vertex 33.925 -20.3065 2
      vertex 33.9641 -20.3284 2
    endloop
  endfacet
  facet normal 0.488671 0.872468 0
    outer loop
      vertex 33.925 -20.3065 2
      vertex 33.9641 -20.3284 1.6
      vertex 33.925 -20.3065 1.6
    endloop
  endfacet
  facet normal 0.462714 0.886508 -0
    outer loop
      vertex 34.0051 -20.3498 1.6
      vertex 33.9641 -20.3284 2
      vertex 34.0051 -20.3498 2
    endloop
  endfacet
  facet normal 0.462714 0.886508 0
    outer loop
      vertex 33.9641 -20.3284 2
      vertex 34.0051 -20.3498 1.6
      vertex 33.9641 -20.3284 1.6
    endloop
  endfacet
  facet normal 1 -0 0
    outer loop
      vertex 34.0051 -20.357 2
      vertex 34.0051 -20.3498 1.6
      vertex 34.0051 -20.3498 2
    endloop
  endfacet
  facet normal 1 0 0
    outer loop
      vertex 34.0051 -20.3498 1.6
      vertex 34.0051 -20.357 2
      vertex 34.0051 -20.357 1.6
    endloop
  endfacet
  facet normal 0.0254926 -0.999675 0
    outer loop
      vertex 33.9502 -20.3584 1.6
      vertex 34.0051 -20.357 2
      vertex 33.9502 -20.3584 2
    endloop
  endfacet
  facet normal 0.0254926 -0.999675 0
    outer loop
      vertex 34.0051 -20.357 2
      vertex 33.9502 -20.3584 1.6
      vertex 34.0051 -20.357 1.6
    endloop
  endfacet
  facet normal 0.0285017 -0.999594 0
    outer loop
      vertex 33.9011 -20.3598 1.6
      vertex 33.9502 -20.3584 2
      vertex 33.9011 -20.3598 2
    endloop
  endfacet
  facet normal 0.0285017 -0.999594 0
    outer loop
      vertex 33.9502 -20.3584 2
      vertex 33.9011 -20.3598 1.6
      vertex 33.9502 -20.3584 1.6
    endloop
  endfacet
  facet normal 0.0298717 -0.999554 0
    outer loop
      vertex 33.8576 -20.3611 1.6
      vertex 33.9011 -20.3598 2
      vertex 33.8576 -20.3611 2
    endloop
  endfacet
  facet normal 0.0298717 -0.999554 0
    outer loop
      vertex 33.9011 -20.3598 2
      vertex 33.8576 -20.3611 1.6
      vertex 33.9011 -20.3598 1.6
    endloop
  endfacet
  facet normal 0.0316464 -0.999499 0
    outer loop
      vertex 33.8197 -20.3623 1.6
      vertex 33.8576 -20.3611 2
      vertex 33.8197 -20.3623 2
    endloop
  endfacet
  facet normal 0.0316464 -0.999499 0
    outer loop
      vertex 33.8576 -20.3611 2
      vertex 33.8197 -20.3623 1.6
      vertex 33.8576 -20.3611 1.6
    endloop
  endfacet
  facet normal 0.0356915 -0.999363 0
    outer loop
      vertex 33.8029 -20.3629 1.6
      vertex 33.8197 -20.3623 2
      vertex 33.8029 -20.3629 2
    endloop
  endfacet
  facet normal 0.0356915 -0.999363 0
    outer loop
      vertex 33.8197 -20.3623 2
      vertex 33.8029 -20.3629 1.6
      vertex 33.8197 -20.3623 1.6
    endloop
  endfacet
  facet normal 0.0409213 -0.999162 0
    outer loop
      vertex 33.7736 -20.3641 1.6
      vertex 33.8029 -20.3629 2
      vertex 33.7736 -20.3641 2
    endloop
  endfacet
  facet normal 0.0409213 -0.999162 0
    outer loop
      vertex 33.8029 -20.3629 2
      vertex 33.7736 -20.3641 1.6
      vertex 33.8029 -20.3629 1.6
    endloop
  endfacet
  facet normal 0.0479448 -0.99885 0
    outer loop
      vertex 33.7611 -20.3647 1.6
      vertex 33.7736 -20.3641 2
      vertex 33.7611 -20.3647 2
    endloop
  endfacet
  facet normal 0.0479448 -0.99885 0
    outer loop
      vertex 33.7736 -20.3641 2
      vertex 33.7611 -20.3647 1.6
      vertex 33.7736 -20.3641 1.6
    endloop
  endfacet
  facet normal 0.0502445 -0.998737 0
    outer loop
      vertex 33.6637 -20.3696 1.6
      vertex 33.7611 -20.3647 2
      vertex 33.6637 -20.3696 2
    endloop
  endfacet
  facet normal 0.0502445 -0.998737 0
    outer loop
      vertex 33.7611 -20.3647 2
      vertex 33.6637 -20.3696 1.6
      vertex 33.7611 -20.3647 1.6
    endloop
  endfacet
  facet normal 0.0471753 -0.998887 0
    outer loop
      vertex 33.615 -20.3719 1.6
      vertex 33.6637 -20.3696 2
      vertex 33.615 -20.3719 2
    endloop
  endfacet
  facet normal 0.0471753 -0.998887 0
    outer loop
      vertex 33.6637 -20.3696 2
      vertex 33.615 -20.3719 1.6
      vertex 33.6637 -20.3696 1.6
    endloop
  endfacet
  facet normal 0.0604951 -0.998168 0
    outer loop
      vertex 33.6018 -20.3727 1.6
      vertex 33.615 -20.3719 2
      vertex 33.6018 -20.3727 2
    endloop
  endfacet
  facet normal 0.0604951 -0.998168 0
    outer loop
      vertex 33.615 -20.3719 2
      vertex 33.6018 -20.3727 1.6
      vertex 33.615 -20.3719 1.6
    endloop
  endfacet
  facet normal 0.0618284 -0.998087 0
    outer loop
      vertex 33.5905 -20.3734 1.6
      vertex 33.6018 -20.3727 2
      vertex 33.5905 -20.3734 2
    endloop
  endfacet
  facet normal 0.0618284 -0.998087 0
    outer loop
      vertex 33.6018 -20.3727 2
      vertex 33.5905 -20.3734 1.6
      vertex 33.6018 -20.3727 1.6
    endloop
  endfacet
  facet normal 0.0742625 -0.997239 0
    outer loop
      vertex 33.5811 -20.3741 1.6
      vertex 33.5905 -20.3734 2
      vertex 33.5811 -20.3741 2
    endloop
  endfacet
  facet normal 0.0742625 -0.997239 0
    outer loop
      vertex 33.5905 -20.3734 2
      vertex 33.5811 -20.3741 1.6
      vertex 33.5905 -20.3734 1.6
    endloop
  endfacet
  facet normal 0.0995037 -0.995037 0
    outer loop
      vertex 33.5771 -20.3745 1.6
      vertex 33.5811 -20.3741 2
      vertex 33.5771 -20.3745 2
    endloop
  endfacet
  facet normal 0.0995037 -0.995037 0
    outer loop
      vertex 33.5811 -20.3741 2
      vertex 33.5771 -20.3745 1.6
      vertex 33.5811 -20.3741 1.6
    endloop
  endfacet
  facet normal 0.0854011 -0.996347 0
    outer loop
      vertex 33.5736 -20.3748 1.6
      vertex 33.5771 -20.3745 2
      vertex 33.5736 -20.3748 2
    endloop
  endfacet
  facet normal 0.0854011 -0.996347 0
    outer loop
      vertex 33.5771 -20.3745 2
      vertex 33.5736 -20.3748 1.6
      vertex 33.5771 -20.3745 1.6
    endloop
  endfacet
  facet normal 0.132164 -0.991228 0
    outer loop
      vertex 33.5706 -20.3752 1.6
      vertex 33.5736 -20.3748 2
      vertex 33.5706 -20.3752 2
    endloop
  endfacet
  facet normal 0.132164 -0.991228 0
    outer loop
      vertex 33.5736 -20.3748 2
      vertex 33.5706 -20.3752 1.6
      vertex 33.5736 -20.3748 1.6
    endloop
  endfacet
  facet normal 0.157991 -0.987441 0
    outer loop
      vertex 33.5681 -20.3756 1.6
      vertex 33.5706 -20.3752 2
      vertex 33.5681 -20.3756 2
    endloop
  endfacet
  facet normal 0.157991 -0.987441 0
    outer loop
      vertex 33.5706 -20.3752 2
      vertex 33.5681 -20.3756 1.6
      vertex 33.5706 -20.3752 1.6
    endloop
  endfacet
  facet normal 0.141421 -0.989949 0
    outer loop
      vertex 33.566 -20.3759 1.6
      vertex 33.5681 -20.3756 2
      vertex 33.566 -20.3759 2
    endloop
  endfacet
  facet normal 0.141421 -0.989949 0
    outer loop
      vertex 33.5681 -20.3756 2
      vertex 33.566 -20.3759 1.6
      vertex 33.5681 -20.3756 1.6
    endloop
  endfacet
  facet normal 1 -0 0
    outer loop
      vertex 33.566 -20.7794 2
      vertex 33.566 -20.3759 1.6
      vertex 33.566 -20.3759 2
    endloop
  endfacet
  facet normal 1 0 0
    outer loop
      vertex 33.566 -20.3759 1.6
      vertex 33.566 -20.7794 2
      vertex 33.566 -20.7794 1.6
    endloop
  endfacet
  facet normal -0.11982 0.992796 0
    outer loop
      vertex 33.5834 -20.7773 1.6
      vertex 33.566 -20.7794 2
      vertex 33.5834 -20.7773 2
    endloop
  endfacet
  facet normal -0.11982 0.992796 0
    outer loop
      vertex 33.566 -20.7794 2
      vertex 33.5834 -20.7773 1.6
      vertex 33.566 -20.7794 1.6
    endloop
  endfacet
  facet normal -0.088029 0.996118 0
    outer loop
      vertex 33.6049 -20.7754 1.6
      vertex 33.5834 -20.7773 2
      vertex 33.6049 -20.7754 2
    endloop
  endfacet
  facet normal -0.088029 0.996118 0
    outer loop
      vertex 33.5834 -20.7773 2
      vertex 33.6049 -20.7754 1.6
      vertex 33.5834 -20.7773 1.6
    endloop
  endfacet
  facet normal -0.0698678 0.997556 0
    outer loop
      vertex 33.6306 -20.7736 1.6
      vertex 33.6049 -20.7754 2
      vertex 33.6306 -20.7736 2
    endloop
  endfacet
  facet normal -0.0698678 0.997556 0
    outer loop
      vertex 33.6049 -20.7754 2
      vertex 33.6306 -20.7736 1.6
      vertex 33.6049 -20.7754 1.6
    endloop
  endfacet
  facet normal -0.0536141 0.998562 0
    outer loop
      vertex 33.6604 -20.772 1.6
      vertex 33.6306 -20.7736 2
      vertex 33.6604 -20.772 2
    endloop
  endfacet
  facet normal -0.0536141 0.998562 0
    outer loop
      vertex 33.6306 -20.7736 2
      vertex 33.6604 -20.772 1.6
      vertex 33.6306 -20.7736 1.6
    endloop
  endfacet
  facet normal -0.0412628 0.999148 0
    outer loop
      vertex 33.6943 -20.7706 1.6
      vertex 33.6604 -20.772 2
      vertex 33.6943 -20.7706 2
    endloop
  endfacet
  facet normal -0.0412628 0.999148 0
    outer loop
      vertex 33.6604 -20.772 2
      vertex 33.6943 -20.7706 1.6
      vertex 33.6604 -20.772 1.6
    endloop
  endfacet
  facet normal -0.0341905 0.999415 0
    outer loop
      vertex 33.7323 -20.7693 1.6
      vertex 33.6943 -20.7706 2
      vertex 33.7323 -20.7693 2
    endloop
  endfacet
  facet normal -0.0341905 0.999415 0
    outer loop
      vertex 33.6943 -20.7706 2
      vertex 33.7323 -20.7693 1.6
      vertex 33.6943 -20.7706 1.6
    endloop
  endfacet
  facet normal -0.0260575 0.99966 0
    outer loop
      vertex 33.7745 -20.7682 1.6
      vertex 33.7323 -20.7693 2
      vertex 33.7745 -20.7682 2
    endloop
  endfacet
  facet normal -0.0260575 0.99966 0
    outer loop
      vertex 33.7323 -20.7693 2
      vertex 33.7745 -20.7682 1.6
      vertex 33.7323 -20.7693 1.6
    endloop
  endfacet
  facet normal -0.0194348 0.999811 0
    outer loop
      vertex 33.8208 -20.7673 1.6
      vertex 33.7745 -20.7682 2
      vertex 33.8208 -20.7673 2
    endloop
  endfacet
  facet normal -0.0194348 0.999811 0
    outer loop
      vertex 33.7745 -20.7682 2
      vertex 33.8208 -20.7673 1.6
      vertex 33.7745 -20.7682 1.6
    endloop
  endfacet
  facet normal -0.0138601 0.999904 0
    outer loop
      vertex 33.8713 -20.7666 1.6
      vertex 33.8208 -20.7673 2
      vertex 33.8713 -20.7666 2
    endloop
  endfacet
  facet normal -0.0138601 0.999904 0
    outer loop
      vertex 33.8208 -20.7673 2
      vertex 33.8713 -20.7666 1.6
      vertex 33.8208 -20.7673 1.6
    endloop
  endfacet
  facet normal -0.0110085 0.999939 0
    outer loop
      vertex 33.9258 -20.766 1.6
      vertex 33.8713 -20.7666 2
      vertex 33.9258 -20.766 2
    endloop
  endfacet
  facet normal -0.0110085 0.999939 0
    outer loop
      vertex 33.8713 -20.7666 2
      vertex 33.9258 -20.766 1.6
      vertex 33.8713 -20.7666 1.6
    endloop
  endfacet
  facet normal -0.00851758 0.999964 0
    outer loop
      vertex 33.9845 -20.7655 1.6
      vertex 33.9258 -20.766 2
      vertex 33.9845 -20.7655 2
    endloop
  endfacet
  facet normal -0.00851758 0.999964 0
    outer loop
      vertex 33.9258 -20.766 2
      vertex 33.9845 -20.7655 1.6
      vertex 33.9258 -20.766 1.6
    endloop
  endfacet
  facet normal -0.0031847 0.999995 0
    outer loop
      vertex 34.0473 -20.7653 1.6
      vertex 33.9845 -20.7655 2
      vertex 34.0473 -20.7653 2
    endloop
  endfacet
  facet normal -0.0031847 0.999995 0
    outer loop
      vertex 33.9845 -20.7655 2
      vertex 34.0473 -20.7653 1.6
      vertex 33.9845 -20.7655 1.6
    endloop
  endfacet
  facet normal -0.00149254 0.999999 0
    outer loop
      vertex 34.1143 -20.7652 1.6
      vertex 34.0473 -20.7653 2
      vertex 34.1143 -20.7652 2
    endloop
  endfacet
  facet normal -0.00149254 0.999999 0
    outer loop
      vertex 34.0473 -20.7653 2
      vertex 34.1143 -20.7652 1.6
      vertex 34.0473 -20.7653 1.6
    endloop
  endfacet
  facet normal 0 1 -0
    outer loop
      vertex 36.134 -20.7652 1.6
      vertex 34.1143 -20.7652 2
      vertex 36.134 -20.7652 2
    endloop
  endfacet
  facet normal 0 1 0
    outer loop
      vertex 34.1143 -20.7652 2
      vertex 36.134 -20.7652 1.6
      vertex 34.1143 -20.7652 1.6
    endloop
  endfacet
  facet normal -1 0 0
    outer loop
      vertex 36.134 -20.7652 1.6
      vertex 36.134 -20.3403 2
      vertex 36.134 -20.3403 1.6
    endloop
  endfacet
  facet normal -1 -0 0
    outer loop
      vertex 36.134 -20.3403 2
      vertex 36.134 -20.7652 1.6
      vertex 36.134 -20.7652 2
    endloop
  endfacet
  facet normal 0 -1 0
    outer loop
      vertex 34.6459 -20.3403 1.6
      vertex 36.134 -20.3403 2
      vertex 34.6459 -20.3403 2
    endloop
  endfacet
  facet normal 0 -1 -0
    outer loop
      vertex 36.134 -20.3403 2
      vertex 34.6459 -20.3403 1.6
      vertex 36.134 -20.3403 1.6
    endloop
  endfacet
  facet normal 0 0 1
    outer loop
      vertex -0.813538 -12.9718 18.05
      vertex -0.776242 -13 18.05
      vertex -0.784866 -12.9926 18.05
    endloop
  endfacet
  facet normal 0 0 1
    outer loop
      vertex -0.843643 -12.9535 18.05
      vertex -0.776242 -13 18.05
      vertex -0.813538 -12.9718 18.05
    endloop
  endfacet
  facet normal 0 0 1
    outer loop
      vertex -0.875137 -12.9376 18.05
      vertex -0.776242 -13 18.05
      vertex -0.843643 -12.9535 18.05
    endloop
  endfacet
  facet normal 0 0 1
    outer loop
      vertex -0.908066 -12.9241 18.05
      vertex -0.776242 -13 18.05
      vertex -0.875137 -12.9376 18.05
    endloop
  endfacet
  facet normal 0 0 1
    outer loop
      vertex -0.942398 -12.9131 18.05
      vertex -0.776242 -13 18.05
      vertex -0.908066 -12.9241 18.05
    endloop
  endfacet
  facet normal 0 0 1
    outer loop
      vertex -0.978134 -12.9045 18.05
      vertex -0.776242 -13 18.05
      vertex -0.942398 -12.9131 18.05
    endloop
  endfacet
  facet normal 0 0 1
    outer loop
      vertex -1.01529 -12.8984 18.05
      vertex -0.776242 -13 18.05
      vertex -0.978134 -12.9045 18.05
    endloop
  endfacet
  facet normal 0 0 1
    outer loop
      vertex -1.05386 -12.8947 18.05
      vertex -0.776242 -13 18.05
      vertex -1.01529 -12.8984 18.05
    endloop
  endfacet
  facet normal 0 0 1
    outer loop
      vertex -1.09384 -12.8935 18.05
      vertex -0.776242 -13 18.05
      vertex -1.05386 -12.8947 18.05
    endloop
  endfacet
  facet normal -0 0 1
    outer loop
      vertex -1.10974 -12.8937 18.05
      vertex -0.776242 -13 18.05
      vertex -1.09384 -12.8935 18.05
    endloop
  endfacet
  facet normal -0 0 1
    outer loop
      vertex -1.12534 -12.8942 18.05
      vertex -0.776242 -13 18.05
      vertex -1.10974 -12.8937 18.05
    endloop
  endfacet
  facet normal -0 0 1
    outer loop
      vertex -1.14059 -12.8951 18.05
      vertex -0.776242 -13 18.05
      vertex -1.12534 -12.8942 18.05
    endloop
  endfacet
  facet normal -0 0 1
    outer loop
      vertex -1.15553 -12.8963 18.05
      vertex -0.776242 -13 18.05
      vertex -1.14059 -12.8951 18.05
    endloop
  endfacet
  facet normal -0 0 1
    outer loop
      vertex -1.17017 -12.8978 18.05
      vertex -0.776242 -13 18.05
      vertex -1.15553 -12.8963 18.05
    endloop
  endfacet
  facet normal -0 0 1
    outer loop
      vertex -1.18446 -12.8997 18.05
      vertex -0.776242 -13 18.05
      vertex -1.17017 -12.8978 18.05
    endloop
  endfacet
  facet normal -0 0 1
    outer loop
      vertex -1.19844 -12.902 18.05
      vertex -0.776242 -13 18.05
      vertex -1.18446 -12.8997 18.05
    endloop
  endfacet
  facet normal -0 0 1
    outer loop
      vertex -1.2121 -12.9045 18.05
      vertex -0.776242 -13 18.05
      vertex -1.19844 -12.902 18.05
    endloop
  endfacet
  facet normal -0 0 1
    outer loop
      vertex -1.22543 -12.9075 18.05
      vertex -0.776242 -13 18.05
      vertex -1.2121 -12.9045 18.05
    endloop
  endfacet
  facet normal -0 0 1
    outer loop
      vertex -1.23845 -12.9108 18.05
      vertex -0.776242 -13 18.05
      vertex -1.22543 -12.9075 18.05
    endloop
  endfacet
  facet normal -0 0 1
    outer loop
      vertex -1.25114 -12.9144 18.05
      vertex -0.776242 -13 18.05
      vertex -1.23845 -12.9108 18.05
    endloop
  endfacet
  facet normal -0 0 1
    outer loop
      vertex -1.26352 -12.9184 18.05
      vertex -0.776242 -13 18.05
      vertex -1.25114 -12.9144 18.05
    endloop
  endfacet
  facet normal -0 0 1
    outer loop
      vertex -1.27557 -12.9227 18.05
      vertex -0.776242 -13 18.05
      vertex -1.26352 -12.9184 18.05
    endloop
  endfacet
  facet normal -0 0 1
    outer loop
      vertex -1.28735 -12.9273 18.05
      vertex -0.776242 -13 18.05
      vertex -1.27557 -12.9227 18.05
    endloop
  endfacet
  facet normal -0 0 1
    outer loop
      vertex -1.29887 -12.9322 18.05
      vertex -0.776242 -13 18.05
      vertex -1.28735 -12.9273 18.05
    endloop
  endfacet
  facet normal -0 0 1
    outer loop
      vertex -1.31017 -12.9373 18.05
      vertex -0.776242 -13 18.05
      vertex -1.29887 -12.9322 18.05
    endloop
  endfacet
  facet normal -0 0 1
    outer loop
      vertex -1.32123 -12.9427 18.05
      vertex -0.776242 -13 18.05
      vertex -1.31017 -12.9373 18.05
    endloop
  endfacet
  facet normal -0 0 1
    outer loop
      vertex -1.33203 -12.9484 18.05
      vertex -0.776242 -13 18.05
      vertex -1.32123 -12.9427 18.05
    endloop
  endfacet
  facet normal -0 0 1
    outer loop
      vertex -1.34261 -12.9543 18.05
      vertex -0.776242 -13 18.05
      vertex -1.33203 -12.9484 18.05
    endloop
  endfacet
  facet normal -0 0 1
    outer loop
      vertex -1.35292 -12.9606 18.05
      vertex -0.776242 -13 18.05
      vertex -1.34261 -12.9543 18.05
    endloop
  endfacet
  facet normal -0 0 1
    outer loop
      vertex -1.36301 -12.967 18.05
      vertex -0.776242 -13 18.05
      vertex -1.35292 -12.9606 18.05
    endloop
  endfacet
  facet normal -0 0 1
    outer loop
      vertex -1.37286 -12.9738 18.05
      vertex -0.776242 -13 18.05
      vertex -1.36301 -12.967 18.05
    endloop
  endfacet
  facet normal -0 0 1
    outer loop
      vertex -1.38246 -12.9808 18.05
      vertex -0.776242 -13 18.05
      vertex -1.37286 -12.9738 18.05
    endloop
  endfacet
  facet normal -0 0 1
    outer loop
      vertex -1.39183 -12.988 18.05
      vertex -0.776242 -13 18.05
      vertex -1.38246 -12.9808 18.05
    endloop
  endfacet
  facet normal -0 0 1
    outer loop
      vertex -1.40096 -12.9956 18.05
      vertex -0.776242 -13 18.05
      vertex -1.39183 -12.988 18.05
    endloop
  endfacet
  facet normal 0 0 1
    outer loop
      vertex -0.776242 -13 18.05
      vertex -1.40096 -12.9956 18.05
      vertex -1.406 -13 18.05
    endloop
  endfacet
  facet normal -0 0 1
    outer loop
      vertex -2.10236 -12.9495 18.05
      vertex -2.05543 -13 18.05
      vertex -2.06627 -12.9383 18.05
    endloop
  endfacet
  facet normal -0 0 1
    outer loop
      vertex -2.1368 -12.962 18.05
      vertex -2.05543 -13 18.05
      vertex -2.10236 -12.9495 18.05
    endloop
  endfacet
  facet normal -0 0 1
    outer loop
      vertex -2.16957 -12.9757 18.05
      vertex -2.05543 -13 18.05
      vertex -2.1368 -12.962 18.05
    endloop
  endfacet
  facet normal -0 0 1
    outer loop
      vertex -2.20068 -12.9906 18.05
      vertex -2.05543 -13 18.05
      vertex -2.16957 -12.9757 18.05
    endloop
  endfacet
  facet normal 0 0 1
    outer loop
      vertex -2.05543 -13 18.05
      vertex -2.20068 -12.9906 18.05
      vertex -2.21785 -13 18.05
    endloop
  endfacet
  facet normal 0 0 1
    outer loop
      vertex -2.26562 -11.1317 18.05
      vertex -2.4772 -11.1317 18.05
      vertex -2.26562 -12.3224 18.05
    endloop
  endfacet
  facet normal 0 0 1
    outer loop
      vertex -1.44376 -11.213 18.05
      vertex -1.6526 -11.213 18.05
      vertex -1.44376 -12.3224 18.05
    endloop
  endfacet
  facet normal 0 0 1
    outer loop
      vertex -0.777832 -12.3224 18.05
      vertex -0.566254 -11.076 18.05
      vertex -0.777832 -11.076 18.05
    endloop
  endfacet
  facet normal 0 0 1
    outer loop
      vertex -0.566254 -11.076 18.05
      vertex -0.777832 -12.3224 18.05
      vertex -0.566254 -12.5815 18.05
    endloop
  endfacet
  facet normal -0 0 1
    outer loop
      vertex -1.44376 -12.3224 18.05
      vertex -0.566254 -12.5815 18.05
      vertex -0.777832 -12.3224 18.05
    endloop
  endfacet
  facet normal 0 0 1
    outer loop
      vertex -1.6526 -12.3224 18.05
      vertex -1.44376 -12.3224 18.05
      vertex -1.6526 -11.213 18.05
    endloop
  endfacet
  facet normal 0 0 1
    outer loop
      vertex -2.4772 -12.5815 18.05
      vertex -1.44376 -12.3224 18.05
      vertex -1.6526 -12.3224 18.05
    endloop
  endfacet
  facet normal 0 0 1
    outer loop
      vertex -2.4772 -12.5815 18.05
      vertex -1.6526 -12.3224 18.05
      vertex -2.26562 -12.3224 18.05
    endloop
  endfacet
  facet normal 0 0 1
    outer loop
      vertex -1.44376 -12.3224 18.05
      vertex -2.4772 -12.5815 18.05
      vertex -0.566254 -12.5815 18.05
    endloop
  endfacet
  facet normal 0 0 1
    outer loop
      vertex -2.4772 -12.5815 18.05
      vertex -2.26562 -12.3224 18.05
      vertex -2.4772 -11.1317 18.05
    endloop
  endfacet
  facet normal -0.651197 -0.758909 0
    outer loop
      vertex -0.784866 -12.9926 18.05
      vertex -0.776242 -13 18.45
      vertex -0.784866 -12.9926 18.45
    endloop
  endfacet
  facet normal -0.651197 -0.758909 -0
    outer loop
      vertex -0.776242 -13 18.45
      vertex -0.784866 -12.9926 18.05
      vertex -0.776242 -13 18.05
    endloop
  endfacet
  facet normal -0.587204 -0.809439 0
    outer loop
      vertex -0.813538 -12.9718 18.05
      vertex -0.784866 -12.9926 18.45
      vertex -0.813538 -12.9718 18.45
    endloop
  endfacet
  facet normal -0.587204 -0.809439 -0
    outer loop
      vertex -0.784866 -12.9926 18.45
      vertex -0.813538 -12.9718 18.05
      vertex -0.784866 -12.9926 18.05
    endloop
  endfacet
  facet normal -0.519434 -0.854511 0
    outer loop
      vertex -0.843643 -12.9535 18.05
      vertex -0.813538 -12.9718 18.45
      vertex -0.843643 -12.9535 18.45
    endloop
  endfacet
  facet normal -0.519434 -0.854511 -0
    outer loop
      vertex -0.813538 -12.9718 18.45
      vertex -0.843643 -12.9535 18.05
      vertex -0.813538 -12.9718 18.05
    endloop
  endfacet
  facet normal -0.45068 -0.892686 0
    outer loop
      vertex -0.875137 -12.9376 18.05
      vertex -0.843643 -12.9535 18.45
      vertex -0.875137 -12.9376 18.45
    endloop
  endfacet
  facet normal -0.45068 -0.892686 -0
    outer loop
      vertex -0.843643 -12.9535 18.45
      vertex -0.875137 -12.9376 18.05
      vertex -0.843643 -12.9535 18.05
    endloop
  endfacet
  facet normal -0.379332 -0.925261 0
    outer loop
      vertex -0.908066 -12.9241 18.05
      vertex -0.875137 -12.9376 18.45
      vertex -0.908066 -12.9241 18.45
    endloop
  endfacet
  facet normal -0.379332 -0.925261 -0
    outer loop
      vertex -0.875137 -12.9376 18.45
      vertex -0.908066 -12.9241 18.05
      vertex -0.875137 -12.9376 18.05
    endloop
  endfacet
  facet normal -0.305122 -0.952313 0
    outer loop
      vertex -0.942398 -12.9131 18.05
      vertex -0.908066 -12.9241 18.45
      vertex -0.942398 -12.9131 18.45
    endloop
  endfacet
  facet normal -0.305122 -0.952313 -0
    outer loop
      vertex -0.908066 -12.9241 18.45
      vertex -0.942398 -12.9131 18.05
      vertex -0.908066 -12.9241 18.05
    endloop
  endfacet
  facet normal -0.233974 -0.972243 0
    outer loop
      vertex -0.978134 -12.9045 18.05
      vertex -0.942398 -12.9131 18.45
      vertex -0.978134 -12.9045 18.45
    endloop
  endfacet
  facet normal -0.233974 -0.972243 -0
    outer loop
      vertex -0.942398 -12.9131 18.45
      vertex -0.978134 -12.9045 18.05
      vertex -0.942398 -12.9131 18.05
    endloop
  endfacet
  facet normal -0.162004 -0.98679 0
    outer loop
      vertex -1.01529 -12.8984 18.05
      vertex -0.978134 -12.9045 18.45
      vertex -1.01529 -12.8984 18.45
    endloop
  endfacet
  facet normal -0.162004 -0.98679 -0
    outer loop
      vertex -0.978134 -12.9045 18.45
      vertex -1.01529 -12.8984 18.05
      vertex -0.978134 -12.9045 18.05
    endloop
  endfacet
  facet normal -0.0954911 -0.99543 0
    outer loop
      vertex -1.05386 -12.8947 18.05
      vertex -1.01529 -12.8984 18.45
      vertex -1.05386 -12.8947 18.45
    endloop
  endfacet
  facet normal -0.0954911 -0.99543 -0
    outer loop
      vertex -1.01529 -12.8984 18.45
      vertex -1.05386 -12.8947 18.05
      vertex -1.01529 -12.8984 18.05
    endloop
  endfacet
  facet normal -0.0300015 -0.99955 0
    outer loop
      vertex -1.09384 -12.8935 18.05
      vertex -1.05386 -12.8947 18.45
      vertex -1.09384 -12.8935 18.45
    endloop
  endfacet
  facet normal -0.0300015 -0.99955 -0
    outer loop
      vertex -1.05386 -12.8947 18.45
      vertex -1.09384 -12.8935 18.05
      vertex -1.05386 -12.8947 18.05
    endloop
  endfacet
  facet normal 0.0125776 -0.999921 0
    outer loop
      vertex -1.10974 -12.8937 18.05
      vertex -1.09384 -12.8935 18.45
      vertex -1.10974 -12.8937 18.45
    endloop
  endfacet
  facet normal 0.0125776 -0.999921 0
    outer loop
      vertex -1.09384 -12.8935 18.45
      vertex -1.10974 -12.8937 18.05
      vertex -1.09384 -12.8935 18.05
    endloop
  endfacet
  facet normal 0.0320348 -0.999487 0
    outer loop
      vertex -1.12534 -12.8942 18.05
      vertex -1.10974 -12.8937 18.45
      vertex -1.12534 -12.8942 18.45
    endloop
  endfacet
  facet normal 0.0320348 -0.999487 0
    outer loop
      vertex -1.10974 -12.8937 18.45
      vertex -1.12534 -12.8942 18.05
      vertex -1.10974 -12.8937 18.05
    endloop
  endfacet
  facet normal 0.0589139 -0.998263 0
    outer loop
      vertex -1.14059 -12.8951 18.05
      vertex -1.12534 -12.8942 18.45
      vertex -1.14059 -12.8951 18.45
    endloop
  endfacet
  facet normal 0.0589139 -0.998263 0
    outer loop
      vertex -1.12534 -12.8942 18.45
      vertex -1.14059 -12.8951 18.05
      vertex -1.12534 -12.8942 18.05
    endloop
  endfacet
  facet normal 0.0800634 -0.99679 0
    outer loop
      vertex -1.15553 -12.8963 18.05
      vertex -1.14059 -12.8951 18.45
      vertex -1.15553 -12.8963 18.45
    endloop
  endfacet
  facet normal 0.0800634 -0.99679 0
    outer loop
      vertex -1.14059 -12.8951 18.45
      vertex -1.15553 -12.8963 18.05
      vertex -1.14059 -12.8951 18.05
    endloop
  endfacet
  facet normal 0.101925 -0.994792 0
    outer loop
      vertex -1.17017 -12.8978 18.05
      vertex -1.15553 -12.8963 18.45
      vertex -1.17017 -12.8978 18.45
    endloop
  endfacet
  facet normal 0.101925 -0.994792 0
    outer loop
      vertex -1.15553 -12.8963 18.45
      vertex -1.17017 -12.8978 18.05
      vertex -1.15553 -12.8963 18.05
    endloop
  endfacet
  facet normal 0.1318 -0.991276 0
    outer loop
      vertex -1.18446 -12.8997 18.05
      vertex -1.17017 -12.8978 18.45
      vertex -1.18446 -12.8997 18.45
    endloop
  endfacet
  facet normal 0.1318 -0.991276 0
    outer loop
      vertex -1.17017 -12.8978 18.45
      vertex -1.18446 -12.8997 18.05
      vertex -1.17017 -12.8978 18.05
    endloop
  endfacet
  facet normal 0.162338 -0.986735 0
    outer loop
      vertex -1.19844 -12.902 18.05
      vertex -1.18446 -12.8997 18.45
      vertex -1.19844 -12.902 18.45
    endloop
  endfacet
  facet normal 0.162338 -0.986735 0
    outer loop
      vertex -1.18446 -12.8997 18.45
      vertex -1.19844 -12.902 18.05
      vertex -1.18446 -12.8997 18.05
    endloop
  endfacet
  facet normal 0.180026 -0.983662 0
    outer loop
      vertex -1.2121 -12.9045 18.05
      vertex -1.19844 -12.902 18.45
      vertex -1.2121 -12.9045 18.45
    endloop
  endfacet
  facet normal 0.180026 -0.983662 0
    outer loop
      vertex -1.19844 -12.902 18.45
      vertex -1.2121 -12.9045 18.05
      vertex -1.19844 -12.902 18.05
    endloop
  endfacet
  facet normal 0.219564 -0.975598 0
    outer loop
      vertex -1.22543 -12.9075 18.05
      vertex -1.2121 -12.9045 18.45
      vertex -1.22543 -12.9075 18.45
    endloop
  endfacet
  facet normal 0.219564 -0.975598 0
    outer loop
      vertex -1.2121 -12.9045 18.45
      vertex -1.22543 -12.9075 18.05
      vertex -1.2121 -12.9045 18.05
    endloop
  endfacet
  facet normal 0.245688 -0.969349 0
    outer loop
      vertex -1.23845 -12.9108 18.05
      vertex -1.22543 -12.9075 18.45
      vertex -1.23845 -12.9108 18.45
    endloop
  endfacet
  facet normal 0.245688 -0.969349 0
    outer loop
      vertex -1.22543 -12.9075 18.45
      vertex -1.23845 -12.9108 18.05
      vertex -1.22543 -12.9075 18.05
    endloop
  endfacet
  facet normal 0.272918 -0.962037 0
    outer loop
      vertex -1.25114 -12.9144 18.05
      vertex -1.23845 -12.9108 18.45
      vertex -1.25114 -12.9144 18.45
    endloop
  endfacet
  facet normal 0.272918 -0.962037 0
    outer loop
      vertex -1.23845 -12.9108 18.45
      vertex -1.25114 -12.9144 18.05
      vertex -1.23845 -12.9108 18.05
    endloop
  endfacet
  facet normal 0.307452 -0.951564 0
    outer loop
      vertex -1.26352 -12.9184 18.05
      vertex -1.25114 -12.9144 18.45
      vertex -1.26352 -12.9184 18.45
    endloop
  endfacet
  facet normal 0.307452 -0.951564 0
    outer loop
      vertex -1.25114 -12.9144 18.45
      vertex -1.26352 -12.9184 18.05
      vertex -1.25114 -12.9144 18.05
    endloop
  endfacet
  facet normal 0.336089 -0.94183 0
    outer loop
      vertex -1.27557 -12.9227 18.05
      vertex -1.26352 -12.9184 18.45
      vertex -1.27557 -12.9227 18.45
    endloop
  endfacet
  facet normal 0.336089 -0.94183 0
    outer loop
      vertex -1.26352 -12.9184 18.45
      vertex -1.27557 -12.9227 18.05
      vertex -1.26352 -12.9184 18.05
    endloop
  endfacet
  facet normal 0.363743 -0.931499 0
    outer loop
      vertex -1.28735 -12.9273 18.05
      vertex -1.27557 -12.9227 18.45
      vertex -1.28735 -12.9273 18.45
    endloop
  endfacet
  facet normal 0.363743 -0.931499 0
    outer loop
      vertex -1.27557 -12.9227 18.45
      vertex -1.28735 -12.9273 18.05
      vertex -1.27557 -12.9227 18.05
    endloop
  endfacet
  facet normal 0.391411 -0.920216 0
    outer loop
      vertex -1.29887 -12.9322 18.05
      vertex -1.28735 -12.9273 18.45
      vertex -1.29887 -12.9322 18.45
    endloop
  endfacet
  facet normal 0.391411 -0.920216 0
    outer loop
      vertex -1.28735 -12.9273 18.45
      vertex -1.29887 -12.9322 18.05
      vertex -1.28735 -12.9273 18.05
    endloop
  endfacet
  facet normal 0.411371 -0.911468 0
    outer loop
      vertex -1.31017 -12.9373 18.05
      vertex -1.29887 -12.9322 18.45
      vertex -1.31017 -12.9373 18.45
    endloop
  endfacet
  facet normal 0.411371 -0.911468 0
    outer loop
      vertex -1.29887 -12.9322 18.45
      vertex -1.31017 -12.9373 18.05
      vertex -1.29887 -12.9322 18.05
    endloop
  endfacet
  facet normal 0.438744 -0.898612 0
    outer loop
      vertex -1.32123 -12.9427 18.05
      vertex -1.31017 -12.9373 18.45
      vertex -1.32123 -12.9427 18.45
    endloop
  endfacet
  facet normal 0.438744 -0.898612 0
    outer loop
      vertex -1.31017 -12.9373 18.45
      vertex -1.32123 -12.9427 18.05
      vertex -1.31017 -12.9373 18.05
    endloop
  endfacet
  facet normal 0.466759 -0.884385 0
    outer loop
      vertex -1.33203 -12.9484 18.05
      vertex -1.32123 -12.9427 18.45
      vertex -1.33203 -12.9484 18.45
    endloop
  endfacet
  facet normal 0.466759 -0.884385 0
    outer loop
      vertex -1.32123 -12.9427 18.45
      vertex -1.33203 -12.9484 18.05
      vertex -1.32123 -12.9427 18.05
    endloop
  endfacet
  facet normal 0.487044 -0.873377 0
    outer loop
      vertex -1.34261 -12.9543 18.05
      vertex -1.33203 -12.9484 18.45
      vertex -1.34261 -12.9543 18.45
    endloop
  endfacet
  facet normal 0.487044 -0.873377 0
    outer loop
      vertex -1.33203 -12.9484 18.45
      vertex -1.34261 -12.9543 18.05
      vertex -1.33203 -12.9484 18.05
    endloop
  endfacet
  facet normal 0.521417 -0.853302 0
    outer loop
      vertex -1.35292 -12.9606 18.05
      vertex -1.34261 -12.9543 18.45
      vertex -1.35292 -12.9606 18.45
    endloop
  endfacet
  facet normal 0.521417 -0.853302 0
    outer loop
      vertex -1.34261 -12.9543 18.45
      vertex -1.35292 -12.9606 18.05
      vertex -1.34261 -12.9543 18.05
    endloop
  endfacet
  facet normal 0.535629 -0.844453 0
    outer loop
      vertex -1.36301 -12.967 18.05
      vertex -1.35292 -12.9606 18.45
      vertex -1.36301 -12.967 18.45
    endloop
  endfacet
  facet normal 0.535629 -0.844453 0
    outer loop
      vertex -1.35292 -12.9606 18.45
      vertex -1.36301 -12.967 18.05
      vertex -1.35292 -12.9606 18.05
    endloop
  endfacet
  facet normal 0.568123 -0.822943 0
    outer loop
      vertex -1.37286 -12.9738 18.05
      vertex -1.36301 -12.967 18.45
      vertex -1.37286 -12.9738 18.45
    endloop
  endfacet
  facet normal 0.568123 -0.822943 0
    outer loop
      vertex -1.36301 -12.967 18.45
      vertex -1.37286 -12.9738 18.05
      vertex -1.36301 -12.967 18.05
    endloop
  endfacet
  facet normal 0.589172 -0.808008 0
    outer loop
      vertex -1.38246 -12.9808 18.05
      vertex -1.37286 -12.9738 18.45
      vertex -1.38246 -12.9808 18.45
    endloop
  endfacet
  facet normal 0.589172 -0.808008 0
    outer loop
      vertex -1.37286 -12.9738 18.45
      vertex -1.38246 -12.9808 18.05
      vertex -1.37286 -12.9738 18.05
    endloop
  endfacet
  facet normal 0.609302 -0.792938 0
    outer loop
      vertex -1.39183 -12.988 18.05
      vertex -1.38246 -12.9808 18.45
      vertex -1.39183 -12.988 18.45
    endloop
  endfacet
  facet normal 0.609302 -0.792938 0
    outer loop
      vertex -1.38246 -12.9808 18.45
      vertex -1.39183 -12.988 18.05
      vertex -1.38246 -12.9808 18.05
    endloop
  endfacet
  facet normal 0.63977 -0.768566 0
    outer loop
      vertex -1.40096 -12.9956 18.05
      vertex -1.39183 -12.988 18.45
      vertex -1.40096 -12.9956 18.45
    endloop
  endfacet
  facet normal 0.63977 -0.768566 0
    outer loop
      vertex -1.39183 -12.988 18.45
      vertex -1.40096 -12.9956 18.05
      vertex -1.39183 -12.988 18.05
    endloop
  endfacet
  facet normal 0.657658 -0.753317 0
    outer loop
      vertex -1.406 -13 18.05
      vertex -1.40096 -12.9956 18.45
      vertex -1.406 -13 18.45
    endloop
  endfacet
  facet normal 0.657658 -0.753317 0
    outer loop
      vertex -1.40096 -12.9956 18.45
      vertex -1.406 -13 18.05
      vertex -1.40096 -12.9956 18.05
    endloop
  endfacet
  facet normal -0.984915 -0.173039 0
    outer loop
      vertex -2.05543 -13 18.05
      vertex -2.06627 -12.9383 18.45
      vertex -2.06627 -12.9383 18.05
    endloop
  endfacet
  facet normal -0.984915 -0.173039 0
    outer loop
      vertex -2.06627 -12.9383 18.45
      vertex -2.05543 -13 18.05
      vertex -2.05543 -13 18.45
    endloop
  endfacet
  facet normal 0.296391 -0.955067 0
    outer loop
      vertex -2.10236 -12.9495 18.05
      vertex -2.06627 -12.9383 18.45
      vertex -2.10236 -12.9495 18.45
    endloop
  endfacet
  facet normal 0.296391 -0.955067 0
    outer loop
      vertex -2.06627 -12.9383 18.45
      vertex -2.10236 -12.9495 18.05
      vertex -2.06627 -12.9383 18.05
    endloop
  endfacet
  facet normal 0.341173 -0.94 0
    outer loop
      vertex -2.1368 -12.962 18.05
      vertex -2.10236 -12.9495 18.45
      vertex -2.1368 -12.962 18.45
    endloop
  endfacet
  facet normal 0.341173 -0.94 0
    outer loop
      vertex -2.10236 -12.9495 18.45
      vertex -2.1368 -12.962 18.05
      vertex -2.10236 -12.9495 18.05
    endloop
  endfacet
  facet normal 0.385715 -0.922618 0
    outer loop
      vertex -2.16957 -12.9757 18.05
      vertex -2.1368 -12.962 18.45
      vertex -2.16957 -12.9757 18.45
    endloop
  endfacet
  facet normal 0.385715 -0.922618 0
    outer loop
      vertex -2.1368 -12.962 18.45
      vertex -2.16957 -12.9757 18.05
      vertex -2.1368 -12.962 18.05
    endloop
  endfacet
  facet normal 0.431958 -0.901894 0
    outer loop
      vertex -2.20068 -12.9906 18.05
      vertex -2.16957 -12.9757 18.45
      vertex -2.20068 -12.9906 18.45
    endloop
  endfacet
  facet normal 0.431958 -0.901894 0
    outer loop
      vertex -2.16957 -12.9757 18.45
      vertex -2.20068 -12.9906 18.05
      vertex -2.16957 -12.9757 18.05
    endloop
  endfacet
  facet normal 0.480212 -0.877153 0
    outer loop
      vertex -2.21785 -13 18.05
      vertex -2.20068 -12.9906 18.45
      vertex -2.21785 -13 18.45
    endloop
  endfacet
  facet normal 0.480212 -0.877153 0
    outer loop
      vertex -2.20068 -12.9906 18.45
      vertex -2.21785 -13 18.05
      vertex -2.20068 -12.9906 18.05
    endloop
  endfacet
  facet normal 1 -0 0
    outer loop
      vertex -0.777832 -12.3224 18.45
      vertex -0.777832 -11.076 18.05
      vertex -0.777832 -11.076 18.45
    endloop
  endfacet
  facet normal 1 0 0
    outer loop
      vertex -0.777832 -11.076 18.05
      vertex -0.777832 -12.3224 18.45
      vertex -0.777832 -12.3224 18.05
    endloop
  endfacet
  facet normal 0 -1 0
    outer loop
      vertex -1.44376 -12.3224 18.05
      vertex -0.777832 -12.3224 18.45
      vertex -1.44376 -12.3224 18.45
    endloop
  endfacet
  facet normal 0 -1 -0
    outer loop
      vertex -0.777832 -12.3224 18.45
      vertex -1.44376 -12.3224 18.05
      vertex -0.777832 -12.3224 18.05
    endloop
  endfacet
  facet normal -1 0 0
    outer loop
      vertex -1.44376 -12.3224 18.05
      vertex -1.44376 -11.213 18.45
      vertex -1.44376 -11.213 18.05
    endloop
  endfacet
  facet normal -1 -0 0
    outer loop
      vertex -1.44376 -11.213 18.45
      vertex -1.44376 -12.3224 18.05
      vertex -1.44376 -12.3224 18.45
    endloop
  endfacet
  facet normal 0 -1 0
    outer loop
      vertex -1.6526 -11.213 18.05
      vertex -1.44376 -11.213 18.45
      vertex -1.6526 -11.213 18.45
    endloop
  endfacet
  facet normal 0 -1 -0
    outer loop
      vertex -1.44376 -11.213 18.45
      vertex -1.6526 -11.213 18.05
      vertex -1.44376 -11.213 18.05
    endloop
  endfacet
  facet normal 1 -0 0
    outer loop
      vertex -1.6526 -12.3224 18.45
      vertex -1.6526 -11.213 18.05
      vertex -1.6526 -11.213 18.45
    endloop
  endfacet
  facet normal 1 0 0
    outer loop
      vertex -1.6526 -11.213 18.05
      vertex -1.6526 -12.3224 18.45
      vertex -1.6526 -12.3224 18.05
    endloop
  endfacet
  facet normal 0 -1 0
    outer loop
      vertex -2.26562 -12.3224 18.05
      vertex -1.6526 -12.3224 18.45
      vertex -2.26562 -12.3224 18.45
    endloop
  endfacet
  facet normal 0 -1 -0
    outer loop
      vertex -1.6526 -12.3224 18.45
      vertex -2.26562 -12.3224 18.05
      vertex -1.6526 -12.3224 18.05
    endloop
  endfacet
  facet normal -1 0 0
    outer loop
      vertex -2.26562 -12.3224 18.05
      vertex -2.26562 -11.1317 18.45
      vertex -2.26562 -11.1317 18.05
    endloop
  endfacet
  facet normal -1 -0 0
    outer loop
      vertex -2.26562 -11.1317 18.45
      vertex -2.26562 -12.3224 18.05
      vertex -2.26562 -12.3224 18.45
    endloop
  endfacet
  facet normal 0 -1 0
    outer loop
      vertex -2.4772 -11.1317 18.05
      vertex -2.26562 -11.1317 18.45
      vertex -2.4772 -11.1317 18.45
    endloop
  endfacet
  facet normal 0 -1 -0
    outer loop
      vertex -2.26562 -11.1317 18.45
      vertex -2.4772 -11.1317 18.05
      vertex -2.26562 -11.1317 18.05
    endloop
  endfacet
  facet normal 1 -0 0
    outer loop
      vertex -2.4772 -12.5815 18.45
      vertex -2.4772 -11.1317 18.05
      vertex -2.4772 -11.1317 18.45
    endloop
  endfacet
  facet normal 1 0 0
    outer loop
      vertex -2.4772 -11.1317 18.05
      vertex -2.4772 -12.5815 18.45
      vertex -2.4772 -12.5815 18.05
    endloop
  endfacet
  facet normal 0 1 -0
    outer loop
      vertex -0.566254 -12.5815 18.05
      vertex -2.4772 -12.5815 18.45
      vertex -0.566254 -12.5815 18.45
    endloop
  endfacet
  facet normal 0 1 0
    outer loop
      vertex -2.4772 -12.5815 18.45
      vertex -0.566254 -12.5815 18.05
      vertex -2.4772 -12.5815 18.05
    endloop
  endfacet
  facet normal -1 0 0
    outer loop
      vertex -0.566254 -12.5815 18.05
      vertex -0.566254 -11.076 18.45
      vertex -0.566254 -11.076 18.05
    endloop
  endfacet
  facet normal -1 -0 0
    outer loop
      vertex -0.566254 -11.076 18.45
      vertex -0.566254 -12.5815 18.05
      vertex -0.566254 -12.5815 18.45
    endloop
  endfacet
  facet normal 0 -1 0
    outer loop
      vertex -0.777832 -11.076 18.05
      vertex -0.566254 -11.076 18.45
      vertex -0.777832 -11.076 18.45
    endloop
  endfacet
  facet normal 0 -1 -0
    outer loop
      vertex -0.566254 -11.076 18.45
      vertex -0.777832 -11.076 18.05
      vertex -0.566254 -11.076 18.05
    endloop
  endfacet
endsolid OpenSCAD_Model
